transaction_id,customer_id,policy_type,start_date,end_date,premium_amount,status,claim_history
TXN-c8b28d0c,C360-100000,Health Insurance,2021-07-02,2022-07-02,1408,Expired,0
TXN-938685e6,C360-100000,Health Insurance,2022-07-02,2023-07-02,1426,Expired,0
TXN-6e2d167e,C360-100000,Health Insurance,2023-07-02,2024-07-01,1504,Expired,0
TXN-c0fb715c,C360-100000,Life Insurance,2021-07-02,2022-07-02,818,Expired,2
TXN-0772d57f,C360-100000,Life Insurance,2022-07-02,2023-07-02,854,Expired,0
TXN-d5ed009a,C360-100000,Motor Insurance,2021-07-02,2022-07-02,864,Expired,0
TXN-3b0ef3dc,C360-100000,Accidental Insurance,2021-07-02,2022-07-02,575,Expired,1
TXN-480403d5,C360-100001,Accidental Insurance,2021-07-02,2022-07-02,662,Expired,2
TXN-d310e8f3,C360-100001,Accidental Insurance,2022-07-02,2023-07-02,694,Expired,2
TXN-84103d0e,C360-100001,Accidental Insurance,2023-07-02,2024-07-01,732,Expired,0
TXN-c186da41,C360-100001,Accidental Insurance,2024-07-01,2025-07-01,806,Expired,1
TXN-0acc98f6,C360-100001,Accidental Insurance,2025-07-01,2026-07-01,826,Active,1
TXN-e2f73be8,C360-100002,Accidental Insurance,2021-07-02,2022-07-02,1146,Expired,0
TXN-901d63d5,C360-100002,Accidental Insurance,2022-07-02,2023-07-02,1191,Expired,0
TXN-c2b23050,C360-100003,Health Insurance,2021-07-02,2022-07-02,1460,Expired,1
TXN-2ea3d00e,C360-100003,Health Insurance,2022-07-02,2023-07-02,1496,Expired,0
TXN-0aa2f6ec,C360-100003,Health Insurance,2023-07-02,2024-07-01,1488,Expired,0
TXN-76829d71,C360-100003,Health Insurance,2024-07-01,2025-07-01,1505,Expired,0
TXN-0c8ae7cb,C360-100003,Health Insurance,2025-07-01,2026-07-01,1644,Active,0
TXN-290ec65f,C360-100003,Life Insurance,2021-07-02,2022-07-02,440,Expired,1
TXN-9b365145,C360-100003,Life Insurance,2022-07-02,2023-07-02,477,Expired,0
TXN-3ab9f318,C360-100003,Life Insurance,2023-07-02,2024-07-01,488,Expired,0
TXN-fc166729,C360-100003,Life Insurance,2024-07-01,2025-07-01,515,Expired,0
TXN-ef9d06c9,C360-100003,Life Insurance,2025-07-01,2026-07-01,484,Active,0
TXN-e5dba35d,C360-100003,Motor Insurance,2021-07-02,2022-07-02,1255,Expired,0
TXN-dc69bd53,C360-100003,Motor Insurance,2022-07-02,2023-07-02,1271,Expired,0
TXN-1e322f72,C360-100003,Motor Insurance,2023-07-02,2024-07-01,1299,Expired,0
TXN-773ac255,C360-100003,Motor Insurance,2024-07-01,2025-07-01,1318,Expired,0
TXN-5501c442,C360-100003,Motor Insurance,2025-07-01,2026-07-01,1383,Active,0
TXN-86f157cf,C360-100003,Accidental Insurance,2021-07-02,2022-07-02,1037,Expired,0
TXN-99ee842d,C360-100003,Accidental Insurance,2022-07-02,2023-07-02,1077,Expired,1
TXN-4c730e7d,C360-100003,Accidental Insurance,2023-07-02,2024-07-01,1077,Expired,0
TXN-59cb105b,C360-100003,Accidental Insurance,2024-07-01,2025-07-01,1112,Expired,0
TXN-5dc80a57,C360-100003,Accidental Insurance,2025-07-01,2026-07-01,1217,Active,0
TXN-df4964cc,C360-100004,Health Insurance,2021-07-02,2022-07-02,1030,Expired,1
TXN-a9e38bba,C360-100004,Health Insurance,2022-07-02,2023-07-02,1057,Expired,0
TXN-d3d4806f,C360-100004,Health Insurance,2023-07-02,2024-07-01,1056,Expired,0
TXN-5e69e96b,C360-100004,Health Insurance,2024-07-01,2025-07-01,1135,Expired,2
TXN-af0ad45e,C360-100004,Health Insurance,2025-07-01,2026-07-01,1082,Active,1
TXN-6ce0ff0b,C360-100004,Accidental Insurance,2021-07-02,2022-07-02,716,Expired,0
TXN-0a284f22,C360-100004,Accidental Insurance,2022-07-02,2023-07-02,753,Expired,0
TXN-c246abae,C360-100004,Accidental Insurance,2023-07-02,2024-07-01,786,Expired,0
TXN-e378a5d5,C360-100004,Accidental Insurance,2024-07-01,2025-07-01,800,Expired,0
TXN-da15196f,C360-100004,Accidental Insurance,2025-07-01,2026-07-01,776,Cancelled,0
TXN-7e1f5877,C360-100005,Accidental Insurance,2021-07-02,2022-07-02,498,Expired,1
TXN-7c727d86,C360-100005,Accidental Insurance,2022-07-02,2023-07-02,534,Expired,0
TXN-0d4248b7,C360-100005,Accidental Insurance,2023-07-02,2024-07-01,520,Expired,0
TXN-fb4e4aa8,C360-100005,Accidental Insurance,2024-07-01,2025-07-01,630,Expired,1
TXN-edec77b0,C360-100005,Accidental Insurance,2025-07-01,2026-07-01,578,Active,0
TXN-22649b1a,C360-100005,Life Insurance,2021-07-02,2022-07-02,1127,Expired,0
TXN-7236c1b9,C360-100005,Life Insurance,2022-07-02,2023-07-02,1146,Expired,1
TXN-2163ee25,C360-100005,Life Insurance,2023-07-02,2024-07-01,1159,Expired,0
TXN-e45f7ab6,C360-100005,Life Insurance,2024-07-01,2025-07-01,1163,Expired,0
TXN-c4781225,C360-100005,Life Insurance,2025-07-01,2026-07-01,1303,Active,0
TXN-2e983dda,C360-100006,Health Insurance,2021-07-02,2022-07-02,930,Expired,2
TXN-dc912b2a,C360-100006,Health Insurance,2022-07-02,2023-07-02,947,Expired,1
TXN-b60c16c3,C360-100006,Health Insurance,2023-07-02,2024-07-01,1028,Expired,0
TXN-0d9aa8f0,C360-100006,Health Insurance,2024-07-01,2025-07-01,1041,Expired,0
TXN-8bd98a1d,C360-100006,Health Insurance,2025-07-01,2026-07-01,1022,Active,0
TXN-c34623cb,C360-100006,Life Insurance,2021-07-02,2022-07-02,1317,Expired,0
TXN-81eafd39,C360-100006,Accidental Insurance,2021-07-02,2022-07-02,820,Expired,2
TXN-bf946e1d,C360-100006,Accidental Insurance,2022-07-02,2023-07-02,832,Expired,0
TXN-ddf54695,C360-100006,Accidental Insurance,2023-07-02,2024-07-01,878,Expired,0
TXN-cc1eaa9e,C360-100006,Accidental Insurance,2024-07-01,2025-07-01,907,Expired,0
TXN-deb700d6,C360-100006,Accidental Insurance,2025-07-01,2026-07-01,932,Active,1
TXN-61102c01,C360-100007,Health Insurance,2021-07-02,2022-07-02,560,Expired,0
TXN-4782b55e,C360-100007,Health Insurance,2022-07-02,2023-07-02,607,Expired,0
TXN-db5c4eae,C360-100007,Health Insurance,2023-07-02,2024-07-01,654,Expired,0
TXN-aee2eff4,C360-100007,Health Insurance,2024-07-01,2025-07-01,692,Expired,0
TXN-9c7ab3e1,C360-100007,Health Insurance,2025-07-01,2026-07-01,748,Active,0
TXN-414288b3,C360-100007,Life Insurance,2021-07-02,2022-07-02,1391,Expired,2
TXN-2b249502,C360-100007,Life Insurance,2022-07-02,2023-07-02,1407,Expired,0
TXN-f6cb5ec2,C360-100007,Life Insurance,2023-07-02,2024-07-01,1473,Expired,0
TXN-d6fe85a6,C360-100007,Motor Insurance,2021-07-02,2022-07-02,1260,Expired,0
TXN-e4ca3476,C360-100007,Motor Insurance,2022-07-02,2023-07-02,1308,Expired,0
TXN-1e15ba8f,C360-100008,Health Insurance,2021-07-02,2022-07-02,1099,Expired,1
TXN-8efd3c67,C360-100008,Health Insurance,2022-07-02,2023-07-02,1146,Expired,0
TXN-fe50fd0d,C360-100008,Life Insurance,2021-07-02,2022-07-02,997,Expired,1
TXN-cc7e0efe,C360-100008,Motor Insurance,2021-07-02,2022-07-02,1142,Expired,0
TXN-18968612,C360-100008,Accidental Insurance,2021-07-02,2022-07-02,947,Expired,1
TXN-8432f1b9,C360-100008,Accidental Insurance,2022-07-02,2023-07-02,977,Expired,0
TXN-c7464b4c,C360-100008,Accidental Insurance,2023-07-02,2024-07-01,1039,Expired,0
TXN-e7a01116,C360-100008,Accidental Insurance,2024-07-01,2025-07-01,1091,Expired,0
TXN-bb6fabc3,C360-100008,Accidental Insurance,2025-07-01,2026-07-01,999,Cancelled,0
TXN-0f1cc41c,C360-100009,Life Insurance,2021-07-02,2022-07-02,672,Expired,0
TXN-37e3066b,C360-100009,Life Insurance,2022-07-02,2023-07-02,693,Expired,0
TXN-a2d335ad,C360-100009,Life Insurance,2023-07-02,2024-07-01,714,Expired,0
TXN-493436be,C360-100009,Life Insurance,2024-07-01,2025-07-01,717,Expired,0
TXN-c824a079,C360-100009,Life Insurance,2025-07-01,2026-07-01,808,Cancelled,0
TXN-c209a48b,C360-100010,Accidental Insurance,2021-07-02,2022-07-02,1263,Expired,0
TXN-e3c1f031,C360-100010,Accidental Insurance,2022-07-02,2023-07-02,1290,Expired,0
TXN-7b328e45,C360-100010,Accidental Insurance,2023-07-02,2024-07-01,1313,Expired,0
TXN-7d938f33,C360-100010,Accidental Insurance,2024-07-01,2025-07-01,1329,Expired,0
TXN-8e75abbc,C360-100010,Accidental Insurance,2025-07-01,2026-07-01,1347,Active,0
TXN-bad24a16,C360-100010,Motor Insurance,2021-07-02,2022-07-02,999,Expired,0
TXN-b327db32,C360-100010,Motor Insurance,2022-07-02,2023-07-02,1023,Expired,0
TXN-51dd8969,C360-100010,Motor Insurance,2023-07-02,2024-07-01,1053,Expired,0
TXN-d0f47820,C360-100010,Motor Insurance,2024-07-01,2025-07-01,1029,Expired,0
TXN-1bb042c6,C360-100010,Motor Insurance,2025-07-01,2026-07-01,1067,Active,0
TXN-177cda22,C360-100011,Health Insurance,2021-07-02,2022-07-02,381,Expired,0
TXN-25fc3486,C360-100011,Health Insurance,2022-07-02,2023-07-02,424,Expired,0
TXN-baf7b198,C360-100011,Life Insurance,2021-07-02,2022-07-02,843,Expired,0
TXN-867f0a3a,C360-100011,Life Insurance,2022-07-02,2023-07-02,854,Expired,0
TXN-2998763f,C360-100011,Life Insurance,2023-07-02,2024-07-01,881,Expired,0
TXN-305e1ab0,C360-100011,Life Insurance,2024-07-01,2025-07-01,969,Expired,0
TXN-9d9cfa81,C360-100011,Life Insurance,2025-07-01,2026-07-01,1007,Active,0
TXN-fb65987b,C360-100011,Motor Insurance,2021-07-02,2022-07-02,883,Expired,0
TXN-e5ca9553,C360-100011,Motor Insurance,2022-07-02,2023-07-02,911,Expired,0
TXN-b659c883,C360-100011,Motor Insurance,2023-07-02,2024-07-01,917,Expired,0
TXN-e045b143,C360-100011,Motor Insurance,2024-07-01,2025-07-01,982,Expired,0
TXN-fbc299b4,C360-100011,Motor Insurance,2025-07-01,2026-07-01,1031,Active,0
TXN-08fcaa7e,C360-100011,Accidental Insurance,2021-07-02,2022-07-02,585,Expired,0
TXN-def2e6d1,C360-100011,Accidental Insurance,2022-07-02,2023-07-02,623,Expired,0
TXN-bc9a4954,C360-100011,Accidental Insurance,2023-07-02,2024-07-01,663,Expired,0
TXN-66285630,C360-100011,Accidental Insurance,2024-07-01,2025-07-01,699,Expired,0
TXN-466ed2e7,C360-100011,Accidental Insurance,2025-07-01,2026-07-01,769,Active,0
TXN-4b52ccc8,C360-100012,Accidental Insurance,2021-07-02,2022-07-02,931,Expired,0
TXN-e66e3ea2,C360-100012,Accidental Insurance,2022-07-02,2023-07-02,966,Expired,0
TXN-e6d3dbe6,C360-100012,Accidental Insurance,2023-07-02,2024-07-01,1017,Expired,0
TXN-feed37c3,C360-100012,Accidental Insurance,2024-07-01,2025-07-01,976,Expired,0
TXN-21f9c80b,C360-100012,Accidental Insurance,2025-07-01,2026-07-01,1031,Active,0
TXN-ef8daa8d,C360-100013,Life Insurance,2021-07-02,2022-07-02,1086,Expired,2
TXN-2d8acaa2,C360-100013,Life Insurance,2022-07-02,2023-07-02,1109,Expired,0
TXN-ee83ca8c,C360-100013,Life Insurance,2023-07-02,2024-07-01,1170,Expired,0
TXN-6df4a210,C360-100013,Life Insurance,2024-07-01,2025-07-01,1200,Expired,0
TXN-6ce4acce,C360-100013,Life Insurance,2025-07-01,2026-07-01,1254,Active,0
TXN-829aaca5,C360-100013,Health Insurance,2021-07-02,2022-07-02,925,Expired,0
TXN-35c55f26,C360-100013,Health Insurance,2022-07-02,2023-07-02,939,Expired,0
TXN-86855694,C360-100013,Health Insurance,2023-07-02,2024-07-01,955,Expired,0
TXN-da76c545,C360-100013,Health Insurance,2024-07-01,2025-07-01,1042,Expired,0
TXN-1e451ae6,C360-100013,Health Insurance,2025-07-01,2026-07-01,1001,Active,0
TXN-c75f3335,C360-100014,Life Insurance,2021-07-02,2022-07-02,1471,Expired,0
TXN-bf2da304,C360-100014,Life Insurance,2022-07-02,2023-07-02,1502,Expired,0
TXN-af6b2f86,C360-100014,Life Insurance,2023-07-02,2024-07-01,1555,Expired,0
TXN-206b1df5,C360-100014,Life Insurance,2024-07-01,2025-07-01,1522,Expired,0
TXN-13f6b472,C360-100014,Life Insurance,2025-07-01,2026-07-01,1523,Active,0
TXN-e90c6737,C360-100014,Health Insurance,2021-07-02,2022-07-02,515,Expired,0
TXN-f3c565a4,C360-100014,Health Insurance,2022-07-02,2023-07-02,545,Expired,0
TXN-7eed87be,C360-100014,Health Insurance,2023-07-02,2024-07-01,565,Expired,2
TXN-e952933d,C360-100014,Health Insurance,2024-07-01,2025-07-01,554,Expired,0
TXN-0a93cc53,C360-100014,Health Insurance,2025-07-01,2026-07-01,639,Active,0
TXN-9a21f50e,C360-100015,Motor Insurance,2021-07-02,2022-07-02,1203,Expired,0
TXN-fa6bceef,C360-100015,Motor Insurance,2022-07-02,2023-07-02,1213,Expired,1
TXN-9fb22800,C360-100016,Health Insurance,2021-07-02,2022-07-02,450,Expired,0
TXN-a97939ac,C360-100016,Health Insurance,2022-07-02,2023-07-02,469,Expired,0
TXN-01b746ef,C360-100016,Life Insurance,2021-07-02,2022-07-02,457,Expired,0
TXN-50180fae,C360-100016,Life Insurance,2022-07-02,2023-07-02,475,Expired,0
TXN-e34d0896,C360-100016,Motor Insurance,2021-07-02,2022-07-02,1427,Expired,1
TXN-261bfb88,C360-100016,Motor Insurance,2022-07-02,2023-07-02,1449,Expired,0
TXN-fe5a46c9,C360-100016,Motor Insurance,2023-07-02,2024-07-01,1475,Expired,0
TXN-08ddc14e,C360-100016,Motor Insurance,2024-07-01,2025-07-01,1538,Expired,0
TXN-aa2dfbf2,C360-100016,Motor Insurance,2025-07-01,2026-07-01,1507,Active,1
TXN-a6eac886,C360-100017,Health Insurance,2021-07-02,2022-07-02,1070,Expired,1
TXN-c16c8e8b,C360-100017,Health Insurance,2022-07-02,2023-07-02,1119,Expired,0
TXN-abc912e6,C360-100017,Health Insurance,2023-07-02,2024-07-01,1132,Expired,1
TXN-ba578bbc,C360-100017,Health Insurance,2024-07-01,2025-07-01,1163,Expired,0
TXN-e7d14744,C360-100017,Health Insurance,2025-07-01,2026-07-01,1258,Active,0
TXN-555ec3f1,C360-100017,Life Insurance,2021-07-02,2022-07-02,1072,Expired,0
TXN-0a2239a9,C360-100017,Life Insurance,2022-07-02,2023-07-02,1117,Expired,1
TXN-4b864526,C360-100017,Life Insurance,2023-07-02,2024-07-01,1158,Expired,0
TXN-529d80d7,C360-100017,Life Insurance,2024-07-01,2025-07-01,1168,Expired,0
TXN-848d201d,C360-100017,Life Insurance,2025-07-01,2026-07-01,1116,Active,0
TXN-31cdf722,C360-100017,Motor Insurance,2021-07-02,2022-07-02,795,Expired,0
TXN-4ea620a0,C360-100017,Motor Insurance,2022-07-02,2023-07-02,821,Expired,0
TXN-ee6e6b75,C360-100017,Motor Insurance,2023-07-02,2024-07-01,887,Expired,0
TXN-f8231030,C360-100017,Motor Insurance,2024-07-01,2025-07-01,861,Expired,0
TXN-9be324a8,C360-100017,Motor Insurance,2025-07-01,2026-07-01,883,Active,0
TXN-b6e163f0,C360-100017,Accidental Insurance,2021-07-02,2022-07-02,448,Expired,0
TXN-dae78fe7,C360-100017,Accidental Insurance,2022-07-02,2023-07-02,462,Expired,0
TXN-62d9cb44,C360-100017,Accidental Insurance,2023-07-02,2024-07-01,528,Expired,0
TXN-613286fd,C360-100017,Accidental Insurance,2024-07-01,2025-07-01,529,Expired,0
TXN-dbb7915f,C360-100017,Accidental Insurance,2025-07-01,2026-07-01,504,Active,0
TXN-196d1e16,C360-100018,Motor Insurance,2021-07-02,2022-07-02,949,Expired,0
TXN-5ce8b599,C360-100018,Motor Insurance,2022-07-02,2023-07-02,978,Expired,1
TXN-fc91245a,C360-100018,Motor Insurance,2023-07-02,2024-07-01,993,Expired,0
TXN-cdf15a09,C360-100018,Motor Insurance,2024-07-01,2025-07-01,982,Expired,0
TXN-12cf0c60,C360-100018,Motor Insurance,2025-07-01,2026-07-01,1113,Active,0
TXN-7f6e3c9f,C360-100018,Life Insurance,2021-07-02,2022-07-02,1205,Expired,0
TXN-82037f83,C360-100018,Life Insurance,2022-07-02,2023-07-02,1228,Expired,0
TXN-55055c97,C360-100018,Life Insurance,2023-07-02,2024-07-01,1267,Expired,0
TXN-52ab16f6,C360-100018,Life Insurance,2024-07-01,2025-07-01,1334,Expired,0
TXN-c7765928,C360-100018,Life Insurance,2025-07-01,2026-07-01,1385,Active,0
TXN-27dd3dbe,C360-100019,Motor Insurance,2021-07-02,2022-07-02,894,Expired,0
TXN-6fb3cd1f,C360-100019,Motor Insurance,2022-07-02,2023-07-02,912,Expired,0
TXN-33ed1f44,C360-100019,Motor Insurance,2023-07-02,2024-07-01,986,Expired,0
TXN-64da8190,C360-100019,Motor Insurance,2024-07-01,2025-07-01,933,Expired,0
TXN-57c71cbc,C360-100019,Motor Insurance,2025-07-01,2026-07-01,1042,Active,0
TXN-1b89ef07,C360-100019,Health Insurance,2021-07-02,2022-07-02,1035,Expired,1
TXN-33dd1af5,C360-100020,Health Insurance,2021-07-02,2022-07-02,777,Expired,1
TXN-ca4dcf5b,C360-100020,Health Insurance,2022-07-02,2023-07-02,822,Expired,1
TXN-d42e43aa,C360-100020,Health Insurance,2023-07-02,2024-07-01,801,Expired,0
TXN-c04323c2,C360-100020,Health Insurance,2024-07-01,2025-07-01,861,Expired,1
TXN-3b89955b,C360-100020,Health Insurance,2025-07-01,2026-07-01,921,Active,0
TXN-eb9ef1af,C360-100020,Life Insurance,2021-07-02,2022-07-02,1246,Expired,0
TXN-579e7eae,C360-100020,Life Insurance,2022-07-02,2023-07-02,1270,Expired,0
TXN-0db14778,C360-100020,Life Insurance,2023-07-02,2024-07-01,1334,Expired,0
TXN-4c9d0b04,C360-100020,Life Insurance,2024-07-01,2025-07-01,1300,Expired,0
TXN-a380dc6a,C360-100020,Life Insurance,2025-07-01,2026-07-01,1374,Active,0
TXN-715936b9,C360-100020,Motor Insurance,2021-07-02,2022-07-02,1357,Expired,0
TXN-c9d90c08,C360-100020,Motor Insurance,2022-07-02,2023-07-02,1395,Expired,0
TXN-07566495,C360-100020,Motor Insurance,2023-07-02,2024-07-01,1441,Expired,0
TXN-00b2d2dc,C360-100020,Motor Insurance,2024-07-01,2025-07-01,1408,Expired,0
TXN-9a77ce17,C360-100020,Motor Insurance,2025-07-01,2026-07-01,1441,Active,0
TXN-0b783c46,C360-100020,Accidental Insurance,2021-07-02,2022-07-02,1039,Expired,0
TXN-7538c80b,C360-100020,Accidental Insurance,2022-07-02,2023-07-02,1079,Expired,2
TXN-8577c98b,C360-100020,Accidental Insurance,2023-07-02,2024-07-01,1111,Expired,0
TXN-b62b6112,C360-100020,Accidental Insurance,2024-07-01,2025-07-01,1093,Expired,0
TXN-0a86d775,C360-100020,Accidental Insurance,2025-07-01,2026-07-01,1103,Active,0
TXN-2afcd934,C360-100021,Motor Insurance,2021-07-02,2022-07-02,1465,Expired,0
TXN-6e5b488c,C360-100021,Motor Insurance,2022-07-02,2023-07-02,1491,Expired,0
TXN-d79cc215,C360-100021,Motor Insurance,2023-07-02,2024-07-01,1555,Expired,0
TXN-6782b8af,C360-100021,Motor Insurance,2024-07-01,2025-07-01,1540,Expired,0
TXN-d61a3924,C360-100021,Motor Insurance,2025-07-01,2026-07-01,1541,Active,1
TXN-c12e0d75,C360-100022,Motor Insurance,2021-07-02,2022-07-02,1169,Expired,0
TXN-260ddbc2,C360-100022,Motor Insurance,2022-07-02,2023-07-02,1185,Expired,0
TXN-595f787e,C360-100022,Motor Insurance,2023-07-02,2024-07-01,1237,Expired,0
TXN-6eaa8794,C360-100022,Motor Insurance,2024-07-01,2025-07-01,1316,Expired,1
TXN-120c93fe,C360-100022,Motor Insurance,2025-07-01,2026-07-01,1221,Active,0
TXN-0aa38c9d,C360-100023,Motor Insurance,2021-07-02,2022-07-02,480,Expired,0
TXN-ae3ee5f5,C360-100023,Motor Insurance,2022-07-02,2023-07-02,530,Expired,0
TXN-ad968871,C360-100023,Motor Insurance,2023-07-02,2024-07-01,570,Expired,0
TXN-91aca0c3,C360-100023,Motor Insurance,2024-07-01,2025-07-01,546,Expired,0
TXN-4be17c13,C360-100023,Motor Insurance,2025-07-01,2026-07-01,536,Active,0
TXN-f62f0561,C360-100025,Accidental Insurance,2021-07-02,2022-07-02,1268,Expired,0
TXN-f88b4f80,C360-100025,Accidental Insurance,2022-07-02,2023-07-02,1289,Expired,0
TXN-db92f982,C360-100025,Accidental Insurance,2023-07-02,2024-07-01,1322,Expired,0
TXN-93e3f538,C360-100025,Accidental Insurance,2024-07-01,2025-07-01,1400,Expired,0
TXN-50cbd87b,C360-100025,Accidental Insurance,2025-07-01,2026-07-01,1440,Active,0
TXN-55d56342,C360-100025,Motor Insurance,2021-07-02,2022-07-02,1361,Expired,0
TXN-3241d1ff,C360-100025,Motor Insurance,2022-07-02,2023-07-02,1398,Expired,0
TXN-9621222a,C360-100025,Motor Insurance,2023-07-02,2024-07-01,1461,Expired,1
TXN-c12072e3,C360-100025,Motor Insurance,2024-07-01,2025-07-01,1466,Expired,0
TXN-a5d2d4ef,C360-100025,Motor Insurance,2025-07-01,2026-07-01,1561,Active,2
TXN-b130441d,C360-100026,Motor Insurance,2021-07-02,2022-07-02,1017,Expired,0
TXN-4ad64224,C360-100026,Motor Insurance,2022-07-02,2023-07-02,1045,Expired,0
TXN-3f8843c5,C360-100026,Motor Insurance,2023-07-02,2024-07-01,1089,Expired,1
TXN-c5d414da,C360-100026,Motor Insurance,2024-07-01,2025-07-01,1098,Expired,1
TXN-7ac403d0,C360-100026,Motor Insurance,2025-07-01,2026-07-01,1197,Cancelled,1
TXN-841d6e2d,C360-100027,Health Insurance,2021-07-02,2022-07-02,1269,Expired,0
TXN-36067883,C360-100027,Health Insurance,2022-07-02,2023-07-02,1316,Expired,0
TXN-2b1dd9e3,C360-100027,Health Insurance,2023-07-02,2024-07-01,1317,Expired,0
TXN-db1992af,C360-100027,Health Insurance,2024-07-01,2025-07-01,1383,Expired,0
TXN-2d5904a1,C360-100027,Health Insurance,2025-07-01,2026-07-01,1441,Active,0
TXN-eb172c75,C360-100027,Life Insurance,2021-07-02,2022-07-02,997,Expired,0
TXN-0155f1e2,C360-100027,Life Insurance,2022-07-02,2023-07-02,1020,Expired,2
TXN-851612f6,C360-100027,Life Insurance,2023-07-02,2024-07-01,1029,Expired,0
TXN-f6c9a473,C360-100027,Life Insurance,2024-07-01,2025-07-01,1096,Expired,0
TXN-f2b482d2,C360-100027,Life Insurance,2025-07-01,2026-07-01,1049,Active,1
TXN-bcbbd4d1,C360-100027,Motor Insurance,2021-07-02,2022-07-02,361,Expired,0
TXN-994acc46,C360-100027,Motor Insurance,2022-07-02,2023-07-02,384,Expired,0
TXN-f7b851ee,C360-100027,Motor Insurance,2023-07-02,2024-07-01,389,Expired,0
TXN-5d35bd49,C360-100027,Motor Insurance,2024-07-01,2025-07-01,439,Expired,0
TXN-97458f8e,C360-100027,Motor Insurance,2025-07-01,2026-07-01,529,Active,1
TXN-f9b6879f,C360-100027,Accidental Insurance,2021-07-02,2022-07-02,1398,Expired,1
TXN-e70715a6,C360-100027,Accidental Insurance,2022-07-02,2023-07-02,1421,Expired,0
TXN-b5719a98,C360-100027,Accidental Insurance,2023-07-02,2024-07-01,1460,Expired,0
TXN-8f00ef2d,C360-100027,Accidental Insurance,2024-07-01,2025-07-01,1467,Expired,0
TXN-de250d0a,C360-100027,Accidental Insurance,2025-07-01,2026-07-01,1546,Active,1
TXN-49b93a36,C360-100028,Health Insurance,2021-07-02,2022-07-02,1041,Expired,0
TXN-377b8356,C360-100028,Health Insurance,2022-07-02,2023-07-02,1058,Expired,0
TXN-e2ca4182,C360-100028,Health Insurance,2023-07-02,2024-07-01,1083,Expired,0
TXN-8b3fb87f,C360-100028,Health Insurance,2024-07-01,2025-07-01,1176,Expired,1
TXN-e68d0f7c,C360-100028,Health Insurance,2025-07-01,2026-07-01,1189,Active,0
TXN-a80d500d,C360-100028,Life Insurance,2021-07-02,2022-07-02,722,Expired,1
TXN-f4052d45,C360-100029,Health Insurance,2021-07-02,2022-07-02,532,Expired,0
TXN-01ec9c95,C360-100029,Health Insurance,2022-07-02,2023-07-02,554,Expired,0
TXN-b7e2ab6c,C360-100029,Health Insurance,2023-07-02,2024-07-01,566,Expired,0
TXN-d12b4928,C360-100029,Health Insurance,2024-07-01,2025-07-01,625,Expired,0
TXN-80cfc065,C360-100029,Health Insurance,2025-07-01,2026-07-01,616,Active,1
TXN-a4231a6f,C360-100029,Life Insurance,2021-07-02,2022-07-02,1262,Expired,1
TXN-80e84ec8,C360-100029,Life Insurance,2022-07-02,2023-07-02,1296,Expired,1
TXN-9649e8f1,C360-100029,Life Insurance,2023-07-02,2024-07-01,1320,Expired,0
TXN-619015bf,C360-100029,Life Insurance,2024-07-01,2025-07-01,1412,Expired,0
TXN-8fbfd4b8,C360-100029,Life Insurance,2025-07-01,2026-07-01,1314,Active,0
TXN-20017c4f,C360-100029,Motor Insurance,2021-07-02,2022-07-02,636,Expired,0
TXN-a0e91a49,C360-100029,Motor Insurance,2022-07-02,2023-07-02,684,Expired,1
TXN-0d5fff7c,C360-100029,Motor Insurance,2023-07-02,2024-07-01,666,Expired,0
TXN-3c069d35,C360-100029,Motor Insurance,2024-07-01,2025-07-01,759,Expired,0
TXN-866267e1,C360-100029,Motor Insurance,2025-07-01,2026-07-01,716,Active,0
TXN-d031826c,C360-100029,Accidental Insurance,2021-07-02,2022-07-02,448,Expired,1
TXN-36e47e08,C360-100029,Accidental Insurance,2022-07-02,2023-07-02,467,Expired,0
TXN-d647202e,C360-100029,Accidental Insurance,2023-07-02,2024-07-01,530,Expired,0
TXN-9190307b,C360-100029,Accidental Insurance,2024-07-01,2025-07-01,487,Expired,0
TXN-427b6f52,C360-100029,Accidental Insurance,2025-07-01,2026-07-01,504,Active,0
TXN-23d247ad,C360-100030,Motor Insurance,2021-07-02,2022-07-02,370,Expired,0
TXN-063cebdc,C360-100030,Motor Insurance,2022-07-02,2023-07-02,410,Expired,0
TXN-8460b08a,C360-100030,Motor Insurance,2023-07-02,2024-07-01,432,Expired,0
TXN-08320fbf,C360-100030,Motor Insurance,2024-07-01,2025-07-01,463,Expired,0
TXN-c16b445a,C360-100030,Motor Insurance,2025-07-01,2026-07-01,530,Active,0
TXN-1ea0a935,C360-100031,Health Insurance,2021-07-02,2022-07-02,1401,Expired,0
TXN-ab49be9b,C360-100031,Health Insurance,2022-07-02,2023-07-02,1411,Expired,0
TXN-f709f2e7,C360-100031,Health Insurance,2023-07-02,2024-07-01,1471,Expired,0
TXN-483e398a,C360-100031,Health Insurance,2024-07-01,2025-07-01,1500,Expired,0
TXN-3a6d1f2e,C360-100031,Health Insurance,2025-07-01,2026-07-01,1533,Active,1
TXN-a236738f,C360-100031,Life Insurance,2021-07-02,2022-07-02,526,Expired,1
TXN-77ea40ab,C360-100031,Life Insurance,2022-07-02,2023-07-02,560,Expired,0
TXN-e94ceb31,C360-100031,Life Insurance,2023-07-02,2024-07-01,550,Expired,0
TXN-8ebcc60d,C360-100031,Life Insurance,2024-07-01,2025-07-01,610,Expired,0
TXN-5b2f3e87,C360-100031,Life Insurance,2025-07-01,2026-07-01,662,Active,2
TXN-222c9983,C360-100031,Motor Insurance,2021-07-02,2022-07-02,1449,Expired,1
TXN-9dba8ab9,C360-100031,Motor Insurance,2022-07-02,2023-07-02,1492,Expired,0
TXN-cb00aa44,C360-100031,Motor Insurance,2023-07-02,2024-07-01,1475,Expired,0
TXN-9a0cfcf2,C360-100031,Motor Insurance,2024-07-01,2025-07-01,1479,Expired,1
TXN-79dab956,C360-100031,Motor Insurance,2025-07-01,2026-07-01,1569,Active,0
TXN-9b319887,C360-100031,Accidental Insurance,2021-07-02,2022-07-02,1230,Expired,0
TXN-4a321206,C360-100031,Accidental Insurance,2022-07-02,2023-07-02,1273,Expired,0
TXN-4b680242,C360-100031,Accidental Insurance,2023-07-02,2024-07-01,1262,Expired,0
TXN-18cec6be,C360-100031,Accidental Insurance,2024-07-01,2025-07-01,1317,Expired,0
TXN-2541fbf6,C360-100031,Accidental Insurance,2025-07-01,2026-07-01,1406,Active,0
TXN-1e31fc25,C360-100032,Accidental Insurance,2021-07-02,2022-07-02,681,Expired,0
TXN-89294595,C360-100032,Accidental Insurance,2022-07-02,2023-07-02,718,Expired,0
TXN-7044484a,C360-100032,Accidental Insurance,2023-07-02,2024-07-01,739,Expired,0
TXN-1b3435db,C360-100032,Accidental Insurance,2024-07-01,2025-07-01,738,Expired,0
TXN-7ab2068a,C360-100032,Accidental Insurance,2025-07-01,2026-07-01,761,Active,0
TXN-300c17dc,C360-100033,Health Insurance,2021-07-02,2022-07-02,1119,Expired,0
TXN-104669ff,C360-100033,Health Insurance,2022-07-02,2023-07-02,1162,Expired,1
TXN-e89c6222,C360-100033,Health Insurance,2023-07-02,2024-07-01,1167,Expired,1
TXN-6b550454,C360-100033,Health Insurance,2024-07-01,2025-07-01,1239,Expired,0
TXN-573fedd6,C360-100033,Health Insurance,2025-07-01,2026-07-01,1299,Active,1
TXN-93add776,C360-100033,Life Insurance,2021-07-02,2022-07-02,1072,Expired,0
TXN-42f73b17,C360-100033,Life Insurance,2022-07-02,2023-07-02,1091,Expired,2
TXN-99941b55,C360-100033,Life Insurance,2023-07-02,2024-07-01,1138,Expired,2
TXN-1210f918,C360-100033,Life Insurance,2024-07-01,2025-07-01,1192,Expired,0
TXN-55e88217,C360-100033,Life Insurance,2025-07-01,2026-07-01,1200,Active,0
TXN-e1e7d2c1,C360-100033,Motor Insurance,2021-07-02,2022-07-02,594,Expired,0
TXN-e6999372,C360-100033,Motor Insurance,2022-07-02,2023-07-02,619,Expired,0
TXN-8cd7c753,C360-100033,Motor Insurance,2023-07-02,2024-07-01,654,Expired,0
TXN-447ae064,C360-100033,Motor Insurance,2024-07-01,2025-07-01,705,Expired,0
TXN-f71fe0f1,C360-100033,Motor Insurance,2025-07-01,2026-07-01,730,Active,1
TXN-97ed477a,C360-100033,Accidental Insurance,2021-07-02,2022-07-02,1325,Expired,0
TXN-c4cd3e45,C360-100033,Accidental Insurance,2022-07-02,2023-07-02,1346,Expired,0
TXN-5e055881,C360-100033,Accidental Insurance,2023-07-02,2024-07-01,1417,Expired,1
TXN-6a9a86ef,C360-100033,Accidental Insurance,2024-07-01,2025-07-01,1400,Expired,0
TXN-6e43212a,C360-100033,Accidental Insurance,2025-07-01,2026-07-01,1373,Active,2
TXN-c18e6590,C360-100034,Health Insurance,2021-07-02,2022-07-02,753,Expired,0
TXN-f59cc632,C360-100034,Health Insurance,2022-07-02,2023-07-02,768,Expired,0
TXN-a71fb674,C360-100034,Health Insurance,2023-07-02,2024-07-01,831,Expired,0
TXN-d6a7ebe5,C360-100034,Health Insurance,2024-07-01,2025-07-01,804,Expired,0
TXN-be652b67,C360-100034,Health Insurance,2025-07-01,2026-07-01,861,Active,0
TXN-1989385c,C360-100034,Life Insurance,2021-07-02,2022-07-02,588,Expired,0
TXN-dfcd2ae9,C360-100034,Life Insurance,2022-07-02,2023-07-02,600,Expired,0
TXN-717d025c,C360-100034,Life Insurance,2023-07-02,2024-07-01,668,Expired,2
TXN-5f5054ed,C360-100034,Life Insurance,2024-07-01,2025-07-01,660,Expired,1
TXN-cd1817ab,C360-100034,Life Insurance,2025-07-01,2026-07-01,688,Active,1
TXN-e0a499db,C360-100034,Motor Insurance,2021-07-02,2022-07-02,1292,Expired,0
TXN-e2c18794,C360-100034,Motor Insurance,2022-07-02,2023-07-02,1326,Expired,0
TXN-fe6e01f3,C360-100034,Motor Insurance,2023-07-02,2024-07-01,1390,Expired,0
TXN-c977dad0,C360-100034,Motor Insurance,2024-07-01,2025-07-01,1394,Expired,0
TXN-a88be39f,C360-100034,Motor Insurance,2025-07-01,2026-07-01,1472,Active,2
TXN-4f459f3d,C360-100034,Accidental Insurance,2021-07-02,2022-07-02,628,Expired,0
TXN-fadec8ed,C360-100034,Accidental Insurance,2022-07-02,2023-07-02,678,Expired,0
TXN-b9ee556b,C360-100034,Accidental Insurance,2023-07-02,2024-07-01,694,Expired,0
TXN-78c8a5c2,C360-100034,Accidental Insurance,2024-07-01,2025-07-01,763,Expired,0
TXN-b56267e3,C360-100034,Accidental Insurance,2025-07-01,2026-07-01,740,Active,0
TXN-6311c37c,C360-100035,Life Insurance,2021-07-02,2022-07-02,771,Expired,0
TXN-d573efc3,C360-100035,Life Insurance,2022-07-02,2023-07-02,815,Expired,1
TXN-a2e26332,C360-100035,Life Insurance,2023-07-02,2024-07-01,839,Expired,0
TXN-3dbcc8b4,C360-100035,Life Insurance,2024-07-01,2025-07-01,819,Expired,0
TXN-ef830c51,C360-100035,Life Insurance,2025-07-01,2026-07-01,895,Active,0
TXN-9458fcb2,C360-100035,Motor Insurance,2021-07-02,2022-07-02,799,Expired,0
TXN-2e220b5a,C360-100035,Motor Insurance,2022-07-02,2023-07-02,837,Expired,2
TXN-a09d9028,C360-100035,Motor Insurance,2023-07-02,2024-07-01,873,Expired,0
TXN-2e1f574f,C360-100035,Motor Insurance,2024-07-01,2025-07-01,862,Expired,0
TXN-05aa12a8,C360-100035,Motor Insurance,2025-07-01,2026-07-01,875,Active,0
TXN-3d5775fe,C360-100036,Life Insurance,2021-07-02,2022-07-02,485,Expired,2
TXN-4d1b8052,C360-100036,Life Insurance,2022-07-02,2023-07-02,523,Expired,0
TXN-5b07ee69,C360-100036,Life Insurance,2023-07-02,2024-07-01,579,Expired,0
TXN-29541982,C360-100036,Life Insurance,2024-07-01,2025-07-01,614,Expired,1
TXN-e063e517,C360-100036,Life Insurance,2025-07-01,2026-07-01,685,Active,0
TXN-654a95e2,C360-100036,Health Insurance,2021-07-02,2022-07-02,1417,Expired,0
TXN-e2798f14,C360-100036,Health Insurance,2022-07-02,2023-07-02,1465,Expired,1
TXN-6e887275,C360-100036,Health Insurance,2023-07-02,2024-07-01,1471,Expired,0
TXN-8c3e963f,C360-100036,Health Insurance,2024-07-01,2025-07-01,1537,Expired,0
TXN-6d9c8968,C360-100036,Health Insurance,2025-07-01,2026-07-01,1549,Active,0
TXN-d0ac39e3,C360-100037,Health Insurance,2021-07-02,2022-07-02,1303,Expired,1
TXN-2a79e722,C360-100037,Health Insurance,2022-07-02,2023-07-02,1348,Expired,0
TXN-76e525c1,C360-100037,Health Insurance,2023-07-02,2024-07-01,1401,Expired,0
TXN-856df821,C360-100037,Health Insurance,2024-07-01,2025-07-01,1357,Expired,0
TXN-eb9a898c,C360-100037,Health Insurance,2025-07-01,2026-07-01,1459,Active,0
TXN-77b4b227,C360-100037,Life Insurance,2021-07-02,2022-07-02,806,Expired,0
TXN-c84f93c0,C360-100037,Life Insurance,2022-07-02,2023-07-02,845,Expired,0
TXN-eb77ab42,C360-100037,Life Insurance,2023-07-02,2024-07-01,868,Expired,0
TXN-b5cac864,C360-100037,Life Insurance,2024-07-01,2025-07-01,848,Expired,0
TXN-54216361,C360-100037,Life Insurance,2025-07-01,2026-07-01,914,Active,1
TXN-09139814,C360-100037,Motor Insurance,2021-07-02,2022-07-02,1457,Expired,0
TXN-b9e86d8a,C360-100037,Motor Insurance,2022-07-02,2023-07-02,1500,Expired,0
TXN-faf22d90,C360-100037,Motor Insurance,2023-07-02,2024-07-01,1527,Expired,0
TXN-e6e690d8,C360-100037,Motor Insurance,2024-07-01,2025-07-01,1574,Expired,0
TXN-145cd378,C360-100037,Motor Insurance,2025-07-01,2026-07-01,1553,Active,1
TXN-33076ae6,C360-100037,Accidental Insurance,2021-07-02,2022-07-02,1166,Expired,0
TXN-77534c9f,C360-100037,Accidental Insurance,2022-07-02,2023-07-02,1194,Expired,2
TXN-6f9fd063,C360-100037,Accidental Insurance,2023-07-02,2024-07-01,1248,Expired,0
TXN-3bdf854c,C360-100037,Accidental Insurance,2024-07-01,2025-07-01,1292,Expired,0
TXN-edfa98c2,C360-100037,Accidental Insurance,2025-07-01,2026-07-01,1330,Active,2
TXN-7c64879d,C360-100038,Accidental Insurance,2021-07-02,2022-07-02,404,Expired,0
TXN-184affa6,C360-100038,Accidental Insurance,2022-07-02,2023-07-02,451,Expired,0
TXN-db9c325a,C360-100038,Accidental Insurance,2023-07-02,2024-07-01,486,Expired,0
TXN-caace585,C360-100038,Accidental Insurance,2024-07-01,2025-07-01,518,Expired,0
TXN-cf3493de,C360-100038,Accidental Insurance,2025-07-01,2026-07-01,480,Active,0
TXN-4905f77d,C360-100038,Motor Insurance,2021-07-02,2022-07-02,354,Expired,1
TXN-423b2c0d,C360-100038,Motor Insurance,2022-07-02,2023-07-02,373,Expired,0
TXN-ef6f3db9,C360-100038,Motor Insurance,2023-07-02,2024-07-01,396,Expired,1
TXN-93c3d393,C360-100038,Motor Insurance,2024-07-01,2025-07-01,468,Expired,0
TXN-727a5fc2,C360-100038,Motor Insurance,2025-07-01,2026-07-01,486,Active,1
TXN-7d1c582e,C360-100039,Health Insurance,2021-07-02,2022-07-02,1232,Expired,1
TXN-7027a8e9,C360-100039,Health Insurance,2022-07-02,2023-07-02,1243,Expired,0
TXN-2ad2851c,C360-100039,Life Insurance,2021-07-02,2022-07-02,913,Expired,0
TXN-80295849,C360-100039,Motor Insurance,2021-07-02,2022-07-02,1306,Expired,0
TXN-99745817,C360-100039,Motor Insurance,2022-07-02,2023-07-02,1333,Expired,1
TXN-c4b94c8d,C360-100039,Motor Insurance,2023-07-02,2024-07-01,1330,Expired,0
TXN-568508e7,C360-100039,Motor Insurance,2024-07-01,2025-07-01,1357,Expired,0
TXN-41ae6775,C360-100039,Motor Insurance,2025-07-01,2026-07-01,1442,Active,0
TXN-58bca8c3,C360-100039,Accidental Insurance,2021-07-02,2022-07-02,869,Expired,0
TXN-73cd87a0,C360-100039,Accidental Insurance,2022-07-02,2023-07-02,917,Expired,0
TXN-1f4ba60c,C360-100039,Accidental Insurance,2023-07-02,2024-07-01,913,Expired,0
TXN-f1df07af,C360-100040,Health Insurance,2021-07-02,2022-07-02,381,Expired,0
TXN-a09ffbdd,C360-100041,Motor Insurance,2021-07-02,2022-07-02,743,Expired,0
TXN-9376bd18,C360-100041,Motor Insurance,2022-07-02,2023-07-02,771,Expired,0
TXN-94e55a21,C360-100041,Motor Insurance,2023-07-02,2024-07-01,835,Expired,1
TXN-483252d9,C360-100041,Motor Insurance,2024-07-01,2025-07-01,839,Expired,0
TXN-356e8c89,C360-100041,Motor Insurance,2025-07-01,2026-07-01,863,Active,1
TXN-e8889cf7,C360-100042,Health Insurance,2021-07-02,2022-07-02,1182,Expired,0
TXN-a292bc53,C360-100042,Health Insurance,2022-07-02,2023-07-02,1231,Expired,0
TXN-63718601,C360-100042,Health Insurance,2023-07-02,2024-07-01,1236,Expired,0
TXN-7a11ed9f,C360-100042,Health Insurance,2024-07-01,2025-07-01,1302,Expired,0
TXN-2dc5a99f,C360-100042,Health Insurance,2025-07-01,2026-07-01,1258,Active,0
TXN-6484340c,C360-100042,Life Insurance,2021-07-02,2022-07-02,1074,Expired,0
TXN-ab3f18d7,C360-100042,Motor Insurance,2021-07-02,2022-07-02,602,Expired,0
TXN-22169c88,C360-100042,Motor Insurance,2022-07-02,2023-07-02,617,Expired,1
TXN-46f246dd,C360-100042,Motor Insurance,2023-07-02,2024-07-01,688,Expired,0
TXN-c2ea8083,C360-100042,Motor Insurance,2024-07-01,2025-07-01,662,Expired,0
TXN-aa180f43,C360-100042,Motor Insurance,2025-07-01,2026-07-01,726,Cancelled,0
TXN-6b6304dc,C360-100042,Accidental Insurance,2021-07-02,2022-07-02,719,Expired,0
TXN-722dc602,C360-100042,Accidental Insurance,2022-07-02,2023-07-02,729,Expired,0
TXN-8b71d37f,C360-100042,Accidental Insurance,2023-07-02,2024-07-01,783,Expired,0
TXN-93239ba3,C360-100042,Accidental Insurance,2024-07-01,2025-07-01,806,Expired,1
TXN-089444b8,C360-100042,Accidental Insurance,2025-07-01,2026-07-01,867,Active,0
TXN-397a4c2f,C360-100043,Accidental Insurance,2021-07-02,2022-07-02,1218,Expired,0
TXN-68d79eda,C360-100043,Accidental Insurance,2022-07-02,2023-07-02,1232,Expired,0
TXN-b8befe4c,C360-100043,Accidental Insurance,2023-07-02,2024-07-01,1288,Expired,0
TXN-19602705,C360-100043,Accidental Insurance,2024-07-01,2025-07-01,1257,Expired,0
TXN-aa1f334f,C360-100043,Accidental Insurance,2025-07-01,2026-07-01,1374,Active,0
TXN-69267a64,C360-100043,Health Insurance,2021-07-02,2022-07-02,1334,Expired,0
TXN-b086e8ed,C360-100043,Health Insurance,2022-07-02,2023-07-02,1350,Expired,0
TXN-0bf300d7,C360-100043,Health Insurance,2023-07-02,2024-07-01,1406,Expired,0
TXN-06a6ba67,C360-100043,Health Insurance,2024-07-01,2025-07-01,1472,Expired,0
TXN-8432f43e,C360-100043,Health Insurance,2025-07-01,2026-07-01,1474,Active,0
TXN-cdd289f4,C360-100044,Motor Insurance,2021-07-02,2022-07-02,1345,Expired,0
TXN-e9546fcd,C360-100044,Motor Insurance,2022-07-02,2023-07-02,1374,Expired,0
TXN-b7299f11,C360-100045,Health Insurance,2021-07-02,2022-07-02,1096,Expired,0
TXN-49760918,C360-100045,Health Insurance,2022-07-02,2023-07-02,1110,Expired,0
TXN-49379850,C360-100045,Health Insurance,2023-07-02,2024-07-01,1190,Expired,0
TXN-30e5bf26,C360-100045,Health Insurance,2024-07-01,2025-07-01,1219,Expired,2
TXN-2079ba32,C360-100045,Health Insurance,2025-07-01,2026-07-01,1236,Active,1
TXN-8dd0ad15,C360-100045,Life Insurance,2021-07-02,2022-07-02,620,Expired,0
TXN-9ce7a9d9,C360-100045,Life Insurance,2022-07-02,2023-07-02,649,Expired,1
TXN-003c57ab,C360-100045,Life Insurance,2023-07-02,2024-07-01,714,Expired,0
TXN-eca5da5b,C360-100045,Life Insurance,2024-07-01,2025-07-01,668,Expired,0
TXN-726af90d,C360-100045,Life Insurance,2025-07-01,2026-07-01,712,Active,0
TXN-c8748924,C360-100045,Motor Insurance,2021-07-02,2022-07-02,517,Expired,0
TXN-3462bf97,C360-100045,Motor Insurance,2022-07-02,2023-07-02,561,Expired,0
TXN-23cb8c6e,C360-100045,Motor Insurance,2023-07-02,2024-07-01,561,Expired,0
TXN-7279460b,C360-100045,Motor Insurance,2024-07-01,2025-07-01,559,Expired,0
TXN-322d71cc,C360-100045,Motor Insurance,2025-07-01,2026-07-01,577,Active,0
TXN-236ee35d,C360-100045,Accidental Insurance,2021-07-02,2022-07-02,320,Expired,0
TXN-01da0f89,C360-100045,Accidental Insurance,2022-07-02,2023-07-02,363,Expired,0
TXN-63cb6a1f,C360-100045,Accidental Insurance,2023-07-02,2024-07-01,384,Expired,0
TXN-55293266,C360-100045,Accidental Insurance,2024-07-01,2025-07-01,437,Expired,0
TXN-469b3a25,C360-100045,Accidental Insurance,2025-07-01,2026-07-01,372,Active,0
TXN-0adba7f1,C360-100046,Health Insurance,2021-07-02,2022-07-02,1319,Expired,0
TXN-199441ad,C360-100046,Health Insurance,2022-07-02,2023-07-02,1350,Expired,1
TXN-5627b982,C360-100046,Health Insurance,2023-07-02,2024-07-01,1405,Expired,1
TXN-a482f509,C360-100046,Health Insurance,2024-07-01,2025-07-01,1379,Expired,0
TXN-e8c984c2,C360-100046,Health Insurance,2025-07-01,2026-07-01,1455,Active,0
TXN-d405fd20,C360-100046,Life Insurance,2021-07-02,2022-07-02,350,Expired,0
TXN-daf82b7a,C360-100046,Life Insurance,2022-07-02,2023-07-02,384,Expired,2
TXN-99db3563,C360-100046,Life Insurance,2023-07-02,2024-07-01,382,Expired,1
TXN-b9267abb,C360-100046,Life Insurance,2024-07-01,2025-07-01,440,Expired,0
TXN-1aa397cd,C360-100046,Life Insurance,2025-07-01,2026-07-01,474,Active,0
TXN-c80d7c7d,C360-100046,Motor Insurance,2021-07-02,2022-07-02,650,Expired,0
TXN-4132aa1f,C360-100046,Motor Insurance,2022-07-02,2023-07-02,662,Expired,0
TXN-d4bb169e,C360-100046,Motor Insurance,2023-07-02,2024-07-01,726,Expired,1
TXN-612fb3eb,C360-100046,Motor Insurance,2024-07-01,2025-07-01,680,Expired,1
TXN-5a30c60a,C360-100046,Motor Insurance,2025-07-01,2026-07-01,774,Active,0
TXN-4189b686,C360-100046,Accidental Insurance,2021-07-02,2022-07-02,483,Expired,0
TXN-95e37636,C360-100046,Accidental Insurance,2022-07-02,2023-07-02,503,Expired,0
TXN-1ecd9516,C360-100046,Accidental Insurance,2023-07-02,2024-07-01,523,Expired,0
TXN-5b3a3ad6,C360-100046,Accidental Insurance,2024-07-01,2025-07-01,519,Expired,0
TXN-3e35c14f,C360-100046,Accidental Insurance,2025-07-01,2026-07-01,679,Active,0
TXN-3842444b,C360-100047,Accidental Insurance,2021-07-02,2022-07-02,658,Expired,0
TXN-f27da080,C360-100047,Accidental Insurance,2022-07-02,2023-07-02,696,Expired,0
TXN-c4af7c39,C360-100047,Accidental Insurance,2023-07-02,2024-07-01,696,Expired,0
TXN-ecce1f96,C360-100047,Accidental Insurance,2024-07-01,2025-07-01,739,Expired,0
TXN-b280804f,C360-100047,Accidental Insurance,2025-07-01,2026-07-01,778,Active,1
TXN-cd6efab0,C360-100048,Accidental Insurance,2021-07-02,2022-07-02,466,Expired,1
TXN-dae1a229,C360-100048,Accidental Insurance,2022-07-02,2023-07-02,497,Expired,0
TXN-b2f1eb78,C360-100048,Accidental Insurance,2023-07-02,2024-07-01,538,Expired,0
TXN-96749aa5,C360-100048,Accidental Insurance,2024-07-01,2025-07-01,505,Expired,1
TXN-95121d67,C360-100048,Accidental Insurance,2025-07-01,2026-07-01,514,Active,0
TXN-cbb73483,C360-100048,Life Insurance,2021-07-02,2022-07-02,481,Expired,2
TXN-a96a2057,C360-100048,Life Insurance,2022-07-02,2023-07-02,495,Expired,0
TXN-25a0883e,C360-100048,Life Insurance,2023-07-02,2024-07-01,505,Expired,1
TXN-50a51854,C360-100048,Life Insurance,2024-07-01,2025-07-01,523,Expired,0
TXN-4b84897a,C360-100048,Life Insurance,2025-07-01,2026-07-01,677,Active,0
TXN-c535fc6b,C360-100050,Health Insurance,2021-07-02,2022-07-02,1447,Expired,0
TXN-24aafab7,C360-100050,Health Insurance,2022-07-02,2023-07-02,1462,Expired,2
TXN-36ee4ed8,C360-100050,Health Insurance,2023-07-02,2024-07-01,1537,Expired,0
TXN-8266e0ed,C360-100050,Health Insurance,2024-07-01,2025-07-01,1486,Expired,0
TXN-d055ea26,C360-100050,Health Insurance,2025-07-01,2026-07-01,1575,Active,0
TXN-6d13a062,C360-100050,Life Insurance,2021-07-02,2022-07-02,926,Expired,1
TXN-62b757e3,C360-100050,Life Insurance,2022-07-02,2023-07-02,948,Expired,0
TXN-41746061,C360-100050,Life Insurance,2023-07-02,2024-07-01,1008,Expired,0
TXN-9a786844,C360-100050,Life Insurance,2024-07-01,2025-07-01,1052,Expired,0
TXN-13eba381,C360-100050,Life Insurance,2025-07-01,2026-07-01,986,Active,0
TXN-ae527c05,C360-100050,Motor Insurance,2021-07-02,2022-07-02,941,Expired,0
TXN-f209a5aa,C360-100050,Motor Insurance,2022-07-02,2023-07-02,990,Expired,0
TXN-ae90ed34,C360-100050,Motor Insurance,2023-07-02,2024-07-01,1031,Expired,1
TXN-4d93b195,C360-100050,Motor Insurance,2024-07-01,2025-07-01,1064,Expired,1
TXN-c997f615,C360-100050,Motor Insurance,2025-07-01,2026-07-01,1085,Active,1
TXN-9d231926,C360-100050,Accidental Insurance,2021-07-02,2022-07-02,1487,Expired,0
TXN-fdf7892c,C360-100050,Accidental Insurance,2022-07-02,2023-07-02,1532,Expired,0
TXN-e6be9f16,C360-100050,Accidental Insurance,2023-07-02,2024-07-01,1525,Expired,0
TXN-b19819ff,C360-100050,Accidental Insurance,2024-07-01,2025-07-01,1607,Expired,1
TXN-ab194f02,C360-100050,Accidental Insurance,2025-07-01,2026-07-01,1579,Active,0
TXN-b772af46,C360-100051,Life Insurance,2021-07-02,2022-07-02,1207,Expired,0
TXN-910a176c,C360-100051,Life Insurance,2022-07-02,2023-07-02,1246,Expired,2
TXN-b54dd388,C360-100051,Life Insurance,2023-07-02,2024-07-01,1247,Expired,1
TXN-51159a91,C360-100051,Life Insurance,2024-07-01,2025-07-01,1243,Expired,0
TXN-50f7fbb8,C360-100051,Life Insurance,2025-07-01,2026-07-01,1407,Active,0
TXN-2104bbb2,C360-100052,Health Insurance,2021-07-02,2022-07-02,1437,Expired,0
TXN-739ea2a7,C360-100052,Health Insurance,2022-07-02,2023-07-02,1451,Expired,0
TXN-e13d7a35,C360-100052,Health Insurance,2023-07-02,2024-07-01,1519,Expired,2
TXN-703c177c,C360-100052,Health Insurance,2024-07-01,2025-07-01,1512,Expired,0
TXN-b147c925,C360-100052,Health Insurance,2025-07-01,2026-07-01,1497,Cancelled,0
TXN-d0d0a586,C360-100052,Motor Insurance,2021-07-02,2022-07-02,1343,Expired,0
TXN-bd330b98,C360-100052,Accidental Insurance,2021-07-02,2022-07-02,333,Expired,1
TXN-96c7dec0,C360-100052,Accidental Insurance,2022-07-02,2023-07-02,380,Expired,0
TXN-cd30df1b,C360-100052,Accidental Insurance,2023-07-02,2024-07-01,423,Expired,0
TXN-41568e53,C360-100052,Accidental Insurance,2024-07-01,2025-07-01,405,Expired,1
TXN-71de9ffb,C360-100052,Accidental Insurance,2025-07-01,2026-07-01,377,Cancelled,1
TXN-e8ed9f83,C360-100053,Motor Insurance,2021-07-02,2022-07-02,381,Expired,0
TXN-1e1ac3aa,C360-100053,Motor Insurance,2022-07-02,2023-07-02,405,Expired,0
TXN-716fd82e,C360-100053,Motor Insurance,2023-07-02,2024-07-01,473,Expired,0
TXN-127d008e,C360-100053,Motor Insurance,2024-07-01,2025-07-01,450,Expired,0
TXN-50f9a8fa,C360-100053,Motor Insurance,2025-07-01,2026-07-01,509,Active,0
TXN-9d83b6dc,C360-100053,Accidental Insurance,2021-07-02,2022-07-02,896,Expired,0
TXN-c989d900,C360-100053,Accidental Insurance,2022-07-02,2023-07-02,917,Expired,0
TXN-b9a4da2f,C360-100053,Accidental Insurance,2023-07-02,2024-07-01,970,Expired,0
TXN-d297fa68,C360-100053,Accidental Insurance,2024-07-01,2025-07-01,974,Expired,0
TXN-e8a7d042,C360-100053,Accidental Insurance,2025-07-01,2026-07-01,1056,Active,0
TXN-1ce467f6,C360-100055,Health Insurance,2021-07-02,2022-07-02,1318,Expired,0
TXN-ba67e7b4,C360-100055,Health Insurance,2022-07-02,2023-07-02,1363,Expired,0
TXN-e52143f8,C360-100055,Health Insurance,2023-07-02,2024-07-01,1402,Expired,0
TXN-0e807997,C360-100055,Health Insurance,2024-07-01,2025-07-01,1387,Expired,0
TXN-a00c22fd,C360-100055,Health Insurance,2025-07-01,2026-07-01,1358,Cancelled,0
TXN-539785ac,C360-100055,Motor Insurance,2021-07-02,2022-07-02,876,Expired,0
TXN-49144b7e,C360-100056,Health Insurance,2021-07-02,2022-07-02,1367,Expired,0
TXN-d3667a20,C360-100056,Health Insurance,2022-07-02,2023-07-02,1386,Expired,0
TXN-9c5ace05,C360-100056,Health Insurance,2023-07-02,2024-07-01,1439,Expired,0
TXN-775813f0,C360-100056,Health Insurance,2024-07-01,2025-07-01,1481,Expired,0
TXN-096cb116,C360-100056,Health Insurance,2025-07-01,2026-07-01,1471,Active,0
TXN-2c8b7c34,C360-100056,Life Insurance,2021-07-02,2022-07-02,918,Expired,0
TXN-9bedd881,C360-100056,Life Insurance,2022-07-02,2023-07-02,932,Expired,0
TXN-c8648f3a,C360-100056,Life Insurance,2023-07-02,2024-07-01,946,Expired,0
TXN-ca5e2ec1,C360-100056,Life Insurance,2024-07-01,2025-07-01,981,Expired,0
TXN-79365bfb,C360-100056,Life Insurance,2025-07-01,2026-07-01,962,Active,0
TXN-95a855e7,C360-100056,Motor Insurance,2021-07-02,2022-07-02,421,Expired,0
TXN-1031701a,C360-100056,Motor Insurance,2022-07-02,2023-07-02,444,Expired,1
TXN-d2e5882e,C360-100056,Motor Insurance,2023-07-02,2024-07-01,515,Expired,0
TXN-c78a9f70,C360-100056,Motor Insurance,2024-07-01,2025-07-01,562,Expired,0
TXN-673fd7b6,C360-100056,Motor Insurance,2025-07-01,2026-07-01,501,Active,0
TXN-b5de7760,C360-100056,Accidental Insurance,2021-07-02,2022-07-02,477,Expired,0
TXN-5c5c0404,C360-100056,Accidental Insurance,2022-07-02,2023-07-02,507,Expired,0
TXN-34d08c6c,C360-100056,Accidental Insurance,2023-07-02,2024-07-01,507,Expired,0
TXN-35a9073c,C360-100056,Accidental Insurance,2024-07-01,2025-07-01,561,Expired,0
TXN-6a13a1ec,C360-100056,Accidental Insurance,2025-07-01,2026-07-01,657,Active,0
TXN-7a079557,C360-100057,Health Insurance,2021-07-02,2022-07-02,436,Expired,0
TXN-96202dba,C360-100057,Health Insurance,2022-07-02,2023-07-02,470,Expired,0
TXN-568f0520,C360-100057,Health Insurance,2023-07-02,2024-07-01,482,Expired,0
TXN-fee17bdc,C360-100057,Health Insurance,2024-07-01,2025-07-01,547,Expired,0
TXN-1ca43df2,C360-100057,Health Insurance,2025-07-01,2026-07-01,616,Active,0
TXN-34eb6c83,C360-100058,Health Insurance,2021-07-02,2022-07-02,579,Expired,0
TXN-e19f5c72,C360-100058,Health Insurance,2022-07-02,2023-07-02,601,Expired,0
TXN-611fb43f,C360-100058,Health Insurance,2023-07-02,2024-07-01,663,Expired,1
TXN-f792be09,C360-100058,Health Insurance,2024-07-01,2025-07-01,660,Expired,1
TXN-3998e323,C360-100058,Health Insurance,2025-07-01,2026-07-01,699,Active,0
TXN-92d02200,C360-100058,Life Insurance,2021-07-02,2022-07-02,424,Expired,0
TXN-f87f6cba,C360-100058,Life Insurance,2022-07-02,2023-07-02,470,Expired,0
TXN-33c18dd7,C360-100058,Life Insurance,2023-07-02,2024-07-01,474,Expired,0
TXN-66d956fb,C360-100058,Life Insurance,2024-07-01,2025-07-01,463,Expired,0
TXN-c00a1773,C360-100058,Life Insurance,2025-07-01,2026-07-01,576,Active,0
TXN-443b25a5,C360-100058,Motor Insurance,2021-07-02,2022-07-02,1419,Expired,1
TXN-65dd67a4,C360-100058,Motor Insurance,2022-07-02,2023-07-02,1468,Expired,1
TXN-f6aeab52,C360-100058,Motor Insurance,2023-07-02,2024-07-01,1501,Expired,2
TXN-f359f913,C360-100058,Motor Insurance,2024-07-01,2025-07-01,1560,Expired,0
TXN-291ab716,C360-100058,Motor Insurance,2025-07-01,2026-07-01,1519,Active,1
TXN-6be5f306,C360-100058,Accidental Insurance,2021-07-02,2022-07-02,1109,Expired,0
TXN-98d2c2b9,C360-100058,Accidental Insurance,2022-07-02,2023-07-02,1127,Expired,0
TXN-7606406d,C360-100058,Accidental Insurance,2023-07-02,2024-07-01,1203,Expired,0
TXN-79b2aeca,C360-100058,Accidental Insurance,2024-07-01,2025-07-01,1175,Expired,0
TXN-f85baf2b,C360-100058,Accidental Insurance,2025-07-01,2026-07-01,1277,Active,0
TXN-986e709f,C360-100059,Motor Insurance,2021-07-02,2022-07-02,1061,Expired,0
TXN-81b2c05b,C360-100059,Motor Insurance,2022-07-02,2023-07-02,1090,Expired,0
TXN-a0d67d49,C360-100059,Motor Insurance,2023-07-02,2024-07-01,1147,Expired,0
TXN-bd6ca487,C360-100059,Motor Insurance,2024-07-01,2025-07-01,1202,Expired,0
TXN-a9f46f2e,C360-100059,Motor Insurance,2025-07-01,2026-07-01,1173,Active,1
TXN-f09fcea2,C360-100059,Health Insurance,2021-07-02,2022-07-02,801,Expired,0
TXN-e9650bab,C360-100059,Health Insurance,2022-07-02,2023-07-02,814,Expired,0
TXN-20808f2d,C360-100059,Health Insurance,2023-07-02,2024-07-01,873,Expired,1
TXN-baee3263,C360-100059,Health Insurance,2024-07-01,2025-07-01,867,Expired,1
TXN-8bf79c17,C360-100059,Health Insurance,2025-07-01,2026-07-01,845,Active,0
TXN-5dc72a48,C360-100060,Accidental Insurance,2021-07-02,2022-07-02,731,Expired,0
TXN-bbb4e9d0,C360-100060,Accidental Insurance,2022-07-02,2023-07-02,779,Expired,0
TXN-39a0fadb,C360-100060,Accidental Insurance,2023-07-02,2024-07-01,777,Expired,0
TXN-d729444b,C360-100060,Accidental Insurance,2024-07-01,2025-07-01,863,Expired,0
TXN-e31aba0e,C360-100060,Accidental Insurance,2025-07-01,2026-07-01,867,Active,0
TXN-cd8d5395,C360-100060,Motor Insurance,2021-07-02,2022-07-02,565,Expired,0
TXN-b1108d4c,C360-100060,Motor Insurance,2022-07-02,2023-07-02,607,Expired,2
TXN-70f980d1,C360-100060,Motor Insurance,2023-07-02,2024-07-01,623,Expired,0
TXN-0585a067,C360-100060,Motor Insurance,2024-07-01,2025-07-01,682,Expired,2
TXN-259fe42c,C360-100060,Motor Insurance,2025-07-01,2026-07-01,725,Active,0
TXN-211e11f2,C360-100061,Life Insurance,2021-07-02,2022-07-02,487,Expired,0
TXN-53dc2964,C360-100061,Life Insurance,2022-07-02,2023-07-02,505,Expired,0
TXN-4e676c0f,C360-100061,Life Insurance,2023-07-02,2024-07-01,519,Expired,0
TXN-bbb30272,C360-100061,Life Insurance,2024-07-01,2025-07-01,589,Expired,0
TXN-8d14046a,C360-100061,Life Insurance,2025-07-01,2026-07-01,543,Cancelled,1
TXN-bf0bf870,C360-100062,Life Insurance,2021-07-02,2022-07-02,1054,Expired,0
TXN-68b42def,C360-100062,Life Insurance,2022-07-02,2023-07-02,1082,Expired,2
TXN-129608ad,C360-100062,Life Insurance,2023-07-02,2024-07-01,1076,Expired,0
TXN-09a3d6a9,C360-100062,Life Insurance,2024-07-01,2025-07-01,1099,Expired,0
TXN-84d038d5,C360-100062,Life Insurance,2025-07-01,2026-07-01,1178,Active,1
TXN-fed86a5b,C360-100062,Accidental Insurance,2021-07-02,2022-07-02,1307,Expired,0
TXN-188e1c68,C360-100062,Accidental Insurance,2022-07-02,2023-07-02,1352,Expired,2
TXN-82414fb7,C360-100062,Accidental Insurance,2023-07-02,2024-07-01,1407,Expired,0
TXN-c8c3a295,C360-100062,Accidental Insurance,2024-07-01,2025-07-01,1373,Expired,0
TXN-21b4fbf7,C360-100062,Accidental Insurance,2025-07-01,2026-07-01,1379,Active,2
TXN-47c4c394,C360-100063,Life Insurance,2021-07-02,2022-07-02,1276,Expired,0
TXN-4535d6c0,C360-100063,Life Insurance,2022-07-02,2023-07-02,1296,Expired,0
TXN-e79f4284,C360-100063,Life Insurance,2023-07-02,2024-07-01,1358,Expired,0
TXN-71d697cb,C360-100063,Accidental Insurance,2021-07-02,2022-07-02,1145,Expired,0
TXN-bb896598,C360-100063,Accidental Insurance,2022-07-02,2023-07-02,1178,Expired,1
TXN-1c4de353,C360-100063,Accidental Insurance,2023-07-02,2024-07-01,1203,Expired,0
TXN-6c0e9cbe,C360-100063,Accidental Insurance,2024-07-01,2025-07-01,1283,Expired,0
TXN-cf6814ba,C360-100063,Accidental Insurance,2025-07-01,2026-07-01,1337,Active,0
TXN-45174f9b,C360-100064,Health Insurance,2021-07-02,2022-07-02,850,Expired,0
TXN-bf2be4c0,C360-100064,Health Insurance,2022-07-02,2023-07-02,862,Expired,0
TXN-fb718207,C360-100064,Health Insurance,2023-07-02,2024-07-01,870,Expired,0
TXN-7f58a6b6,C360-100064,Health Insurance,2024-07-01,2025-07-01,928,Expired,0
TXN-0001305f,C360-100064,Health Insurance,2025-07-01,2026-07-01,978,Active,0
TXN-7c35c337,C360-100064,Life Insurance,2021-07-02,2022-07-02,1284,Expired,0
TXN-4c637daa,C360-100064,Life Insurance,2022-07-02,2023-07-02,1329,Expired,1
TXN-6f7aba5e,C360-100064,Life Insurance,2023-07-02,2024-07-01,1318,Expired,0
TXN-3234fbfb,C360-100064,Life Insurance,2024-07-01,2025-07-01,1359,Expired,0
TXN-8646c38b,C360-100064,Life Insurance,2025-07-01,2026-07-01,1344,Active,0
TXN-8dd9ded2,C360-100064,Motor Insurance,2021-07-02,2022-07-02,970,Expired,0
TXN-e99fda3f,C360-100064,Motor Insurance,2022-07-02,2023-07-02,1010,Expired,0
TXN-ba90e833,C360-100064,Motor Insurance,2023-07-02,2024-07-01,994,Expired,0
TXN-e0536f5f,C360-100064,Motor Insurance,2024-07-01,2025-07-01,1003,Expired,0
TXN-f4fad80d,C360-100064,Motor Insurance,2025-07-01,2026-07-01,1162,Active,0
TXN-a284ff83,C360-100064,Accidental Insurance,2021-07-02,2022-07-02,1198,Expired,0
TXN-593a2627,C360-100064,Accidental Insurance,2022-07-02,2023-07-02,1243,Expired,0
TXN-ac572714,C360-100064,Accidental Insurance,2023-07-02,2024-07-01,1296,Expired,2
TXN-3e371a25,C360-100064,Accidental Insurance,2024-07-01,2025-07-01,1309,Expired,1
TXN-8b8d509a,C360-100064,Accidental Insurance,2025-07-01,2026-07-01,1306,Active,0
TXN-94606d7d,C360-100065,Health Insurance,2021-07-02,2022-07-02,1299,Expired,0
TXN-c5125c57,C360-100065,Health Insurance,2022-07-02,2023-07-02,1334,Expired,2
TXN-016b6424,C360-100065,Health Insurance,2023-07-02,2024-07-01,1361,Expired,0
TXN-ea143d94,C360-100065,Health Insurance,2024-07-01,2025-07-01,1428,Expired,1
TXN-c3da52bf,C360-100065,Health Insurance,2025-07-01,2026-07-01,1471,Active,0
TXN-18a0be5c,C360-100065,Motor Insurance,2021-07-02,2022-07-02,1009,Expired,2
TXN-b2133838,C360-100065,Motor Insurance,2022-07-02,2023-07-02,1041,Expired,0
TXN-9c53663c,C360-100065,Accidental Insurance,2021-07-02,2022-07-02,1307,Expired,0
TXN-31bd29f4,C360-100065,Accidental Insurance,2022-07-02,2023-07-02,1344,Expired,0
TXN-11b860d0,C360-100065,Accidental Insurance,2023-07-02,2024-07-01,1329,Expired,0
TXN-366e9f61,C360-100065,Accidental Insurance,2024-07-01,2025-07-01,1373,Expired,0
TXN-df6f0fc2,C360-100065,Accidental Insurance,2025-07-01,2026-07-01,1475,Active,0
TXN-9b8b45dc,C360-100066,Health Insurance,2021-07-02,2022-07-02,1397,Expired,0
TXN-cf424fa5,C360-100066,Health Insurance,2022-07-02,2023-07-02,1445,Expired,1
TXN-03ea3e9b,C360-100066,Health Insurance,2023-07-02,2024-07-01,1483,Expired,0
TXN-de06f121,C360-100066,Health Insurance,2024-07-01,2025-07-01,1502,Expired,0
TXN-72e4cfd0,C360-100066,Health Insurance,2025-07-01,2026-07-01,1549,Cancelled,0
TXN-c098592d,C360-100067,Health Insurance,2021-07-02,2022-07-02,978,Expired,0
TXN-cd743972,C360-100067,Health Insurance,2022-07-02,2023-07-02,993,Expired,0
TXN-949ccd8b,C360-100067,Health Insurance,2023-07-02,2024-07-01,1020,Expired,1
TXN-7bb8b33d,C360-100067,Life Insurance,2021-07-02,2022-07-02,402,Expired,0
TXN-3524514e,C360-100067,Life Insurance,2022-07-02,2023-07-02,419,Expired,0
TXN-5c530b05,C360-100067,Life Insurance,2023-07-02,2024-07-01,462,Expired,0
TXN-63113a0c,C360-100067,Life Insurance,2024-07-01,2025-07-01,549,Expired,1
TXN-797c9cfb,C360-100067,Life Insurance,2025-07-01,2026-07-01,454,Cancelled,0
TXN-93081b05,C360-100067,Motor Insurance,2021-07-02,2022-07-02,975,Expired,0
TXN-ef92e9b8,C360-100067,Motor Insurance,2022-07-02,2023-07-02,1020,Expired,0
TXN-fdad91b0,C360-100067,Motor Insurance,2023-07-02,2024-07-01,1007,Expired,0
TXN-9dd9ff92,C360-100067,Motor Insurance,2024-07-01,2025-07-01,1098,Expired,0
TXN-36550851,C360-100067,Motor Insurance,2025-07-01,2026-07-01,1015,Cancelled,0
TXN-a2bc4859,C360-100067,Accidental Insurance,2021-07-02,2022-07-02,1049,Expired,2
TXN-9781a74e,C360-100067,Accidental Insurance,2022-07-02,2023-07-02,1064,Expired,0
TXN-f9305c2a,C360-100067,Accidental Insurance,2023-07-02,2024-07-01,1105,Expired,0
TXN-649b09b2,C360-100067,Accidental Insurance,2024-07-01,2025-07-01,1109,Expired,0
TXN-9eeed9a6,C360-100067,Accidental Insurance,2025-07-01,2026-07-01,1093,Active,0
TXN-46c096f1,C360-100068,Motor Insurance,2021-07-02,2022-07-02,556,Expired,0
TXN-de0988c4,C360-100068,Motor Insurance,2022-07-02,2023-07-02,585,Expired,0
TXN-59703a6b,C360-100068,Motor Insurance,2023-07-02,2024-07-01,596,Expired,0
TXN-6b677c1a,C360-100068,Motor Insurance,2024-07-01,2025-07-01,661,Expired,0
TXN-e244b0f3,C360-100068,Motor Insurance,2025-07-01,2026-07-01,668,Active,0
TXN-4f4d1945,C360-100068,Health Insurance,2021-07-02,2022-07-02,384,Expired,0
TXN-7b3fba8e,C360-100068,Health Insurance,2022-07-02,2023-07-02,423,Expired,2
TXN-b7bb1f4b,C360-100068,Health Insurance,2023-07-02,2024-07-01,434,Expired,0
TXN-9695af91,C360-100068,Health Insurance,2024-07-01,2025-07-01,513,Expired,0
TXN-6f3e0629,C360-100068,Health Insurance,2025-07-01,2026-07-01,544,Active,0
TXN-0be8bd7b,C360-100070,Accidental Insurance,2021-07-02,2022-07-02,626,Expired,0
TXN-ca7c6a30,C360-100070,Accidental Insurance,2022-07-02,2023-07-02,673,Expired,1
TXN-947415d1,C360-100070,Accidental Insurance,2023-07-02,2024-07-01,686,Expired,0
TXN-bcf947b7,C360-100071,Life Insurance,2021-07-02,2022-07-02,862,Expired,0
TXN-67b56eae,C360-100071,Life Insurance,2022-07-02,2023-07-02,905,Expired,0
TXN-9f87fcd4,C360-100071,Life Insurance,2023-07-02,2024-07-01,910,Expired,0
TXN-e0e3239b,C360-100071,Life Insurance,2024-07-01,2025-07-01,982,Expired,2
TXN-a66142c8,C360-100071,Life Insurance,2025-07-01,2026-07-01,1050,Active,0
TXN-9d8e85d1,C360-100072,Health Insurance,2021-07-02,2022-07-02,500,Expired,0
TXN-0628365e,C360-100072,Health Insurance,2022-07-02,2023-07-02,550,Expired,0
TXN-ec006c29,C360-100072,Health Insurance,2023-07-02,2024-07-01,562,Expired,0
TXN-5cdbcded,C360-100072,Health Insurance,2024-07-01,2025-07-01,599,Expired,0
TXN-f1b15695,C360-100072,Health Insurance,2025-07-01,2026-07-01,600,Active,0
TXN-4a741b25,C360-100072,Life Insurance,2021-07-02,2022-07-02,886,Expired,1
TXN-8c770a3a,C360-100072,Life Insurance,2022-07-02,2023-07-02,898,Expired,0
TXN-82af0432,C360-100072,Life Insurance,2023-07-02,2024-07-01,972,Expired,0
TXN-2ac32d87,C360-100072,Life Insurance,2024-07-01,2025-07-01,1003,Expired,1
TXN-e8e8ddfb,C360-100072,Life Insurance,2025-07-01,2026-07-01,1038,Active,0
TXN-11255cda,C360-100072,Motor Insurance,2021-07-02,2022-07-02,985,Expired,0
TXN-9661f163,C360-100072,Motor Insurance,2022-07-02,2023-07-02,1022,Expired,0
TXN-24d2aed2,C360-100072,Motor Insurance,2023-07-02,2024-07-01,1081,Expired,0
TXN-2337a096,C360-100072,Motor Insurance,2024-07-01,2025-07-01,1078,Expired,0
TXN-ad8b324a,C360-100072,Motor Insurance,2025-07-01,2026-07-01,1177,Active,1
TXN-2a857b5d,C360-100072,Accidental Insurance,2021-07-02,2022-07-02,644,Expired,0
TXN-d8d75ef7,C360-100072,Accidental Insurance,2022-07-02,2023-07-02,690,Expired,1
TXN-10dda04d,C360-100072,Accidental Insurance,2023-07-02,2024-07-01,724,Expired,0
TXN-8c934d31,C360-100072,Accidental Insurance,2024-07-01,2025-07-01,770,Expired,0
TXN-91f38b02,C360-100072,Accidental Insurance,2025-07-01,2026-07-01,824,Active,0
TXN-1fedeb7a,C360-100073,Life Insurance,2021-07-02,2022-07-02,1105,Expired,0
TXN-76f6e5fb,C360-100074,Accidental Insurance,2021-07-02,2022-07-02,1320,Expired,0
TXN-6e5eb0ae,C360-100074,Accidental Insurance,2022-07-02,2023-07-02,1346,Expired,0
TXN-41ee5db2,C360-100074,Accidental Insurance,2023-07-02,2024-07-01,1412,Expired,0
TXN-dcf32e3e,C360-100074,Accidental Insurance,2024-07-01,2025-07-01,1437,Expired,0
TXN-e16bbfbc,C360-100074,Accidental Insurance,2025-07-01,2026-07-01,1488,Active,0
TXN-2ed04610,C360-100074,Life Insurance,2021-07-02,2022-07-02,550,Expired,1
TXN-4b23ed92,C360-100074,Life Insurance,2022-07-02,2023-07-02,585,Expired,0
TXN-4ca0d930,C360-100074,Life Insurance,2023-07-02,2024-07-01,590,Expired,0
TXN-9b543f96,C360-100074,Life Insurance,2024-07-01,2025-07-01,637,Expired,0
TXN-454667d0,C360-100074,Life Insurance,2025-07-01,2026-07-01,646,Active,0
TXN-e6be01df,C360-100075,Health Insurance,2021-07-02,2022-07-02,392,Expired,0
TXN-e304067d,C360-100075,Health Insurance,2022-07-02,2023-07-02,422,Expired,1
TXN-ff3cbb57,C360-100075,Health Insurance,2023-07-02,2024-07-01,458,Expired,1
TXN-03223331,C360-100075,Health Insurance,2024-07-01,2025-07-01,500,Expired,0
TXN-4e270ebb,C360-100075,Health Insurance,2025-07-01,2026-07-01,440,Active,0
TXN-2bfc1466,C360-100076,Motor Insurance,2021-07-02,2022-07-02,761,Expired,0
TXN-067eac3d,C360-100076,Motor Insurance,2022-07-02,2023-07-02,778,Expired,1
TXN-6fe1acc4,C360-100076,Motor Insurance,2023-07-02,2024-07-01,829,Expired,0
TXN-7cfb58d6,C360-100076,Motor Insurance,2024-07-01,2025-07-01,809,Expired,1
TXN-302571eb,C360-100076,Motor Insurance,2025-07-01,2026-07-01,845,Active,0
TXN-fccd23ba,C360-100076,Life Insurance,2021-07-02,2022-07-02,1298,Expired,1
TXN-7564ca8f,C360-100076,Life Insurance,2022-07-02,2023-07-02,1325,Expired,0
TXN-ef041c7b,C360-100076,Life Insurance,2023-07-02,2024-07-01,1322,Expired,0
TXN-eb5f7e3b,C360-100076,Life Insurance,2024-07-01,2025-07-01,1415,Expired,0
TXN-96379948,C360-100076,Life Insurance,2025-07-01,2026-07-01,1410,Active,0
TXN-ea911d2f,C360-100077,Accidental Insurance,2021-07-02,2022-07-02,1306,Expired,0
TXN-b2ad64a4,C360-100077,Accidental Insurance,2022-07-02,2023-07-02,1351,Expired,0
TXN-ac36b421,C360-100077,Accidental Insurance,2023-07-02,2024-07-01,1340,Expired,0
TXN-8319b58c,C360-100077,Accidental Insurance,2024-07-01,2025-07-01,1339,Expired,0
TXN-e73b9418,C360-100077,Accidental Insurance,2025-07-01,2026-07-01,1442,Active,0
TXN-dae5d479,C360-100078,Motor Insurance,2021-07-02,2022-07-02,730,Expired,2
TXN-6f95c757,C360-100078,Motor Insurance,2022-07-02,2023-07-02,765,Expired,0
TXN-e7fc08c7,C360-100079,Health Insurance,2021-07-02,2022-07-02,976,Expired,2
TXN-97c78070,C360-100079,Health Insurance,2022-07-02,2023-07-02,987,Expired,1
TXN-352d6dc9,C360-100079,Health Insurance,2023-07-02,2024-07-01,1026,Expired,0
TXN-979a7d6d,C360-100079,Health Insurance,2024-07-01,2025-07-01,1030,Expired,0
TXN-88e04310,C360-100079,Health Insurance,2025-07-01,2026-07-01,1088,Active,0
TXN-d4e8289c,C360-100079,Motor Insurance,2021-07-02,2022-07-02,334,Expired,0
TXN-a5688d72,C360-100079,Motor Insurance,2022-07-02,2023-07-02,360,Expired,0
TXN-4fc97435,C360-100079,Motor Insurance,2023-07-02,2024-07-01,382,Expired,1
TXN-159c64cb,C360-100079,Motor Insurance,2024-07-01,2025-07-01,382,Expired,0
TXN-f2fcbbfb,C360-100079,Motor Insurance,2025-07-01,2026-07-01,378,Active,0
TXN-5eae3dc9,C360-100080,Accidental Insurance,2021-07-02,2022-07-02,1347,Expired,0
TXN-bd31825b,C360-100080,Accidental Insurance,2022-07-02,2023-07-02,1392,Expired,2
TXN-9a22a336,C360-100080,Accidental Insurance,2023-07-02,2024-07-01,1439,Expired,1
TXN-1e9d5f18,C360-100080,Accidental Insurance,2024-07-01,2025-07-01,1395,Expired,0
TXN-759dc197,C360-100080,Accidental Insurance,2025-07-01,2026-07-01,1427,Active,0
TXN-0bd4bab5,C360-100080,Motor Insurance,2021-07-02,2022-07-02,562,Expired,0
TXN-9a43ac66,C360-100080,Motor Insurance,2022-07-02,2023-07-02,606,Expired,0
TXN-a52ba572,C360-100080,Motor Insurance,2023-07-02,2024-07-01,594,Expired,0
TXN-58274b7d,C360-100080,Motor Insurance,2024-07-01,2025-07-01,685,Expired,0
TXN-f1eb7168,C360-100080,Motor Insurance,2025-07-01,2026-07-01,662,Active,2
TXN-60ec7c02,C360-100081,Health Insurance,2021-07-02,2022-07-02,409,Expired,0
TXN-55c40b50,C360-100081,Health Insurance,2022-07-02,2023-07-02,438,Expired,0
TXN-82df0c81,C360-100081,Health Insurance,2023-07-02,2024-07-01,453,Expired,0
TXN-7d887df4,C360-100081,Health Insurance,2024-07-01,2025-07-01,481,Expired,0
TXN-523deaf4,C360-100081,Health Insurance,2025-07-01,2026-07-01,501,Active,0
TXN-b11be201,C360-100082,Health Insurance,2021-07-02,2022-07-02,1318,Expired,2
TXN-8940305d,C360-100082,Health Insurance,2022-07-02,2023-07-02,1358,Expired,1
TXN-54ee1bde,C360-100082,Health Insurance,2023-07-02,2024-07-01,1352,Expired,0
TXN-d9c4a5cc,C360-100082,Health Insurance,2024-07-01,2025-07-01,1360,Expired,0
TXN-07d037d8,C360-100082,Health Insurance,2025-07-01,2026-07-01,1438,Active,0
TXN-ab159d00,C360-100082,Life Insurance,2021-07-02,2022-07-02,769,Expired,0
TXN-8ce34900,C360-100082,Life Insurance,2022-07-02,2023-07-02,811,Expired,0
TXN-ff96b8d2,C360-100082,Life Insurance,2023-07-02,2024-07-01,801,Expired,0
TXN-a09a92a8,C360-100082,Life Insurance,2024-07-01,2025-07-01,802,Expired,0
TXN-d6e7309e,C360-100082,Life Insurance,2025-07-01,2026-07-01,853,Active,0
TXN-bef21bd8,C360-100082,Motor Insurance,2021-07-02,2022-07-02,1246,Expired,2
TXN-34ff99e8,C360-100082,Motor Insurance,2022-07-02,2023-07-02,1270,Expired,0
TXN-8398b851,C360-100082,Motor Insurance,2023-07-02,2024-07-01,1312,Expired,0
TXN-ecceced8,C360-100082,Motor Insurance,2024-07-01,2025-07-01,1372,Expired,0
TXN-baff6918,C360-100082,Motor Insurance,2025-07-01,2026-07-01,1294,Active,0
TXN-0c50fadb,C360-100082,Accidental Insurance,2021-07-02,2022-07-02,352,Expired,0
TXN-b108ae9e,C360-100082,Accidental Insurance,2022-07-02,2023-07-02,401,Expired,0
TXN-05584f63,C360-100082,Accidental Insurance,2023-07-02,2024-07-01,422,Expired,0
TXN-f9c19843,C360-100082,Accidental Insurance,2024-07-01,2025-07-01,454,Expired,0
TXN-82862ba9,C360-100082,Accidental Insurance,2025-07-01,2026-07-01,416,Active,0
TXN-44cb186f,C360-100083,Health Insurance,2021-07-02,2022-07-02,993,Expired,0
TXN-aaea498f,C360-100083,Health Insurance,2022-07-02,2023-07-02,1010,Expired,2
TXN-5fb1a878,C360-100083,Health Insurance,2023-07-02,2024-07-01,1039,Expired,0
TXN-d7ad76e3,C360-100083,Health Insurance,2024-07-01,2025-07-01,1053,Expired,0
TXN-06a4484c,C360-100083,Health Insurance,2025-07-01,2026-07-01,1041,Active,0
TXN-cbf6fe4c,C360-100083,Life Insurance,2021-07-02,2022-07-02,576,Expired,0
TXN-33a57109,C360-100083,Life Insurance,2022-07-02,2023-07-02,624,Expired,0
TXN-8302d040,C360-100083,Life Insurance,2023-07-02,2024-07-01,642,Expired,0
TXN-4c369287,C360-100083,Life Insurance,2024-07-01,2025-07-01,630,Expired,0
TXN-78bcefd4,C360-100083,Life Insurance,2025-07-01,2026-07-01,740,Active,0
TXN-e06e1097,C360-100083,Motor Insurance,2021-07-02,2022-07-02,857,Expired,0
TXN-c65c0ba1,C360-100083,Motor Insurance,2022-07-02,2023-07-02,881,Expired,0
TXN-48382f9c,C360-100083,Motor Insurance,2023-07-02,2024-07-01,905,Expired,2
TXN-fa8f131b,C360-100083,Motor Insurance,2024-07-01,2025-07-01,890,Expired,0
TXN-7b212bb4,C360-100083,Motor Insurance,2025-07-01,2026-07-01,1017,Active,0
TXN-5f6ae526,C360-100083,Accidental Insurance,2021-07-02,2022-07-02,717,Expired,0
TXN-e7d6852e,C360-100083,Accidental Insurance,2022-07-02,2023-07-02,740,Expired,0
TXN-f77c8731,C360-100083,Accidental Insurance,2023-07-02,2024-07-01,789,Expired,0
TXN-f3d325e2,C360-100083,Accidental Insurance,2024-07-01,2025-07-01,780,Expired,0
TXN-c9f93f0c,C360-100083,Accidental Insurance,2025-07-01,2026-07-01,789,Active,0
TXN-043475fc,C360-100084,Life Insurance,2021-07-02,2022-07-02,311,Expired,0
TXN-37a4e6c5,C360-100084,Life Insurance,2022-07-02,2023-07-02,322,Expired,0
TXN-7cf0c41f,C360-100084,Life Insurance,2023-07-02,2024-07-01,369,Expired,0
TXN-a33b084f,C360-100084,Life Insurance,2024-07-01,2025-07-01,434,Expired,2
TXN-727831df,C360-100084,Life Insurance,2025-07-01,2026-07-01,503,Active,0
TXN-901665f5,C360-100084,Motor Insurance,2021-07-02,2022-07-02,514,Expired,0
TXN-1773e1d3,C360-100084,Motor Insurance,2022-07-02,2023-07-02,539,Expired,2
TXN-fc32446c,C360-100084,Motor Insurance,2023-07-02,2024-07-01,536,Expired,0
TXN-a49835bf,C360-100084,Motor Insurance,2024-07-01,2025-07-01,598,Expired,1
TXN-8d70b944,C360-100084,Motor Insurance,2025-07-01,2026-07-01,554,Active,0
TXN-f906fb35,C360-100085,Health Insurance,2021-07-02,2022-07-02,1371,Expired,0
TXN-3cbc6404,C360-100085,Health Insurance,2022-07-02,2023-07-02,1384,Expired,0
TXN-c463736d,C360-100085,Health Insurance,2023-07-02,2024-07-01,1391,Expired,0
TXN-1c3d363b,C360-100085,Health Insurance,2024-07-01,2025-07-01,1458,Expired,0
TXN-624dd4cc,C360-100085,Health Insurance,2025-07-01,2026-07-01,1439,Cancelled,0
TXN-b8acdf05,C360-100085,Life Insurance,2021-07-02,2022-07-02,1184,Expired,0
TXN-2d4038cc,C360-100085,Life Insurance,2022-07-02,2023-07-02,1201,Expired,1
TXN-4480e5d8,C360-100085,Life Insurance,2023-07-02,2024-07-01,1226,Expired,0
TXN-9c81c022,C360-100085,Life Insurance,2024-07-01,2025-07-01,1271,Expired,0
TXN-83d1b34f,C360-100085,Life Insurance,2025-07-01,2026-07-01,1360,Cancelled,0
TXN-638edad0,C360-100085,Motor Insurance,2021-07-02,2022-07-02,986,Expired,0
TXN-a3bfae86,C360-100085,Accidental Insurance,2021-07-02,2022-07-02,312,Expired,0
TXN-5bdde49a,C360-100085,Accidental Insurance,2022-07-02,2023-07-02,331,Expired,0
TXN-e5af95b0,C360-100085,Accidental Insurance,2023-07-02,2024-07-01,394,Expired,0
TXN-a05c94f9,C360-100085,Accidental Insurance,2024-07-01,2025-07-01,378,Expired,0
TXN-02c67388,C360-100085,Accidental Insurance,2025-07-01,2026-07-01,424,Cancelled,0
TXN-12f48a96,C360-100086,Life Insurance,2021-07-02,2022-07-02,301,Expired,0
TXN-07538ee7,C360-100086,Life Insurance,2022-07-02,2023-07-02,327,Expired,0
TXN-3b81b6e6,C360-100086,Life Insurance,2023-07-02,2024-07-01,391,Expired,0
TXN-bfa19632,C360-100086,Life Insurance,2024-07-01,2025-07-01,376,Expired,0
TXN-f409890e,C360-100086,Life Insurance,2025-07-01,2026-07-01,405,Cancelled,0
TXN-a22698fc,C360-100086,Accidental Insurance,2021-07-02,2022-07-02,1035,Expired,2
TXN-62eabba2,C360-100087,Motor Insurance,2021-07-02,2022-07-02,520,Expired,0
TXN-b343d333,C360-100087,Motor Insurance,2022-07-02,2023-07-02,562,Expired,1
TXN-3a38613e,C360-100087,Motor Insurance,2023-07-02,2024-07-01,578,Expired,0
TXN-c30b56b1,C360-100087,Motor Insurance,2024-07-01,2025-07-01,646,Expired,0
TXN-87b14a59,C360-100087,Motor Insurance,2025-07-01,2026-07-01,704,Cancelled,0
TXN-da0bbaa4,C360-100088,Motor Insurance,2021-07-02,2022-07-02,1450,Expired,0
TXN-7e9f55c6,C360-100088,Motor Insurance,2022-07-02,2023-07-02,1471,Expired,0
TXN-bf168311,C360-100088,Motor Insurance,2023-07-02,2024-07-01,1528,Expired,0
TXN-394a79de,C360-100088,Motor Insurance,2024-07-01,2025-07-01,1552,Expired,1
TXN-553bc7f7,C360-100088,Motor Insurance,2025-07-01,2026-07-01,1490,Active,0
TXN-9ab30ed8,C360-100089,Life Insurance,2021-07-02,2022-07-02,1352,Expired,0
TXN-90bc779a,C360-100089,Life Insurance,2022-07-02,2023-07-02,1365,Expired,0
TXN-3b9b101b,C360-100089,Life Insurance,2023-07-02,2024-07-01,1452,Expired,0
TXN-4ec1cc67,C360-100089,Life Insurance,2024-07-01,2025-07-01,1415,Expired,0
TXN-e4024891,C360-100089,Life Insurance,2025-07-01,2026-07-01,1540,Cancelled,0
TXN-1627cf7e,C360-100090,Accidental Insurance,2021-07-02,2022-07-02,856,Expired,1
TXN-abaf8538,C360-100090,Accidental Insurance,2022-07-02,2023-07-02,891,Expired,0
TXN-73e73deb,C360-100090,Accidental Insurance,2023-07-02,2024-07-01,906,Expired,1
TXN-ff3d1fbe,C360-100090,Accidental Insurance,2024-07-01,2025-07-01,955,Expired,0
TXN-84e20d6d,C360-100090,Accidental Insurance,2025-07-01,2026-07-01,1056,Active,0
TXN-f94368e0,C360-100090,Life Insurance,2021-07-02,2022-07-02,989,Expired,0
TXN-49991bac,C360-100090,Life Insurance,2022-07-02,2023-07-02,1012,Expired,0
TXN-cf533b63,C360-100090,Life Insurance,2023-07-02,2024-07-01,1015,Expired,0
TXN-90322cc0,C360-100090,Life Insurance,2024-07-01,2025-07-01,1022,Expired,0
TXN-f1259cdd,C360-100090,Life Insurance,2025-07-01,2026-07-01,1085,Active,0
TXN-96111f71,C360-100091,Accidental Insurance,2021-07-02,2022-07-02,1407,Expired,0
TXN-fc1f8afa,C360-100091,Accidental Insurance,2022-07-02,2023-07-02,1451,Expired,0
TXN-36492e80,C360-100091,Accidental Insurance,2023-07-02,2024-07-01,1499,Expired,0
TXN-8511795f,C360-100091,Accidental Insurance,2024-07-01,2025-07-01,1500,Expired,2
TXN-9067d752,C360-100091,Accidental Insurance,2025-07-01,2026-07-01,1519,Active,0
TXN-50a79433,C360-100092,Motor Insurance,2021-07-02,2022-07-02,1433,Expired,0
TXN-25f4a28c,C360-100092,Motor Insurance,2022-07-02,2023-07-02,1449,Expired,0
TXN-099b90f2,C360-100092,Motor Insurance,2023-07-02,2024-07-01,1523,Expired,1
TXN-4d9a2847,C360-100092,Motor Insurance,2024-07-01,2025-07-01,1532,Expired,1
TXN-484c9741,C360-100092,Motor Insurance,2025-07-01,2026-07-01,1493,Active,0
TXN-b180e978,C360-100093,Motor Insurance,2021-07-02,2022-07-02,839,Expired,0
TXN-edcf926c,C360-100093,Life Insurance,2021-07-02,2022-07-02,915,Expired,0
TXN-dca73259,C360-100093,Life Insurance,2022-07-02,2023-07-02,962,Expired,2
TXN-1da8a927,C360-100093,Life Insurance,2023-07-02,2024-07-01,977,Expired,0
TXN-4ec16492,C360-100093,Life Insurance,2024-07-01,2025-07-01,948,Expired,0
TXN-2327be40,C360-100093,Life Insurance,2025-07-01,2026-07-01,1111,Cancelled,1
TXN-c0275a65,C360-100094,Health Insurance,2021-07-02,2022-07-02,310,Expired,0
TXN-28a00dd9,C360-100094,Health Insurance,2022-07-02,2023-07-02,353,Expired,0
TXN-776b7888,C360-100094,Health Insurance,2023-07-02,2024-07-01,378,Expired,0
TXN-0b8dd907,C360-100094,Health Insurance,2024-07-01,2025-07-01,415,Expired,0
TXN-e31f1db2,C360-100094,Health Insurance,2025-07-01,2026-07-01,426,Cancelled,0
TXN-848c3d3f,C360-100094,Accidental Insurance,2021-07-02,2022-07-02,997,Expired,0
TXN-9d41edaa,C360-100094,Accidental Insurance,2022-07-02,2023-07-02,1015,Expired,0
TXN-410ad6e1,C360-100094,Accidental Insurance,2023-07-02,2024-07-01,1085,Expired,0
TXN-1e012fcf,C360-100094,Accidental Insurance,2024-07-01,2025-07-01,1099,Expired,0
TXN-d9908c10,C360-100094,Accidental Insurance,2025-07-01,2026-07-01,1105,Active,1
TXN-23b6b33a,C360-100095,Life Insurance,2021-07-02,2022-07-02,899,Expired,0
TXN-9ff43a1c,C360-100095,Life Insurance,2022-07-02,2023-07-02,933,Expired,0
TXN-a48eec47,C360-100095,Life Insurance,2023-07-02,2024-07-01,963,Expired,0
TXN-baa2817a,C360-100095,Life Insurance,2024-07-01,2025-07-01,977,Expired,1
TXN-7f0f0ce9,C360-100095,Life Insurance,2025-07-01,2026-07-01,943,Active,0
TXN-a2149d59,C360-100096,Accidental Insurance,2021-07-02,2022-07-02,1484,Expired,0
TXN-46f80185,C360-100096,Accidental Insurance,2022-07-02,2023-07-02,1515,Expired,1
TXN-51739cf7,C360-100096,Accidental Insurance,2023-07-02,2024-07-01,1504,Expired,0
TXN-0a8118e9,C360-100096,Accidental Insurance,2024-07-01,2025-07-01,1580,Expired,0
TXN-8a0012cc,C360-100096,Accidental Insurance,2025-07-01,2026-07-01,1576,Active,0
TXN-7291d2ac,C360-100096,Motor Insurance,2021-07-02,2022-07-02,1394,Expired,0
TXN-5d866a8a,C360-100096,Motor Insurance,2022-07-02,2023-07-02,1427,Expired,0
TXN-9e5c4578,C360-100096,Motor Insurance,2023-07-02,2024-07-01,1420,Expired,0
TXN-303ea14e,C360-100096,Motor Insurance,2024-07-01,2025-07-01,1544,Expired,0
TXN-ed4db2b2,C360-100096,Motor Insurance,2025-07-01,2026-07-01,1554,Active,0
TXN-cda90526,C360-100097,Health Insurance,2021-07-02,2022-07-02,1112,Expired,0
TXN-78a751cb,C360-100097,Health Insurance,2022-07-02,2023-07-02,1142,Expired,1
TXN-5f1d630a,C360-100097,Health Insurance,2023-07-02,2024-07-01,1146,Expired,0
TXN-255662a5,C360-100097,Health Insurance,2024-07-01,2025-07-01,1160,Expired,0
TXN-12d77109,C360-100097,Health Insurance,2025-07-01,2026-07-01,1188,Active,0
TXN-0efcb6ca,C360-100097,Motor Insurance,2021-07-02,2022-07-02,522,Expired,0
TXN-fc5aeac6,C360-100097,Motor Insurance,2022-07-02,2023-07-02,550,Expired,0
TXN-8da7c22c,C360-100097,Motor Insurance,2023-07-02,2024-07-01,568,Expired,0
TXN-8fad4bcc,C360-100097,Motor Insurance,2024-07-01,2025-07-01,552,Expired,2
TXN-74821ba7,C360-100097,Motor Insurance,2025-07-01,2026-07-01,722,Active,1
TXN-d556e658,C360-100098,Health Insurance,2021-07-02,2022-07-02,1231,Expired,0
TXN-dcf57c3c,C360-100098,Health Insurance,2022-07-02,2023-07-02,1247,Expired,0
TXN-da756ce9,C360-100098,Health Insurance,2023-07-02,2024-07-01,1317,Expired,0
TXN-f68c5ad6,C360-100098,Health Insurance,2024-07-01,2025-07-01,1270,Expired,0
TXN-b9de2922,C360-100098,Health Insurance,2025-07-01,2026-07-01,1351,Active,0
TXN-29ce9384,C360-100098,Motor Insurance,2021-07-02,2022-07-02,1403,Expired,0
TXN-0fbdbfdf,C360-100098,Motor Insurance,2022-07-02,2023-07-02,1443,Expired,1
TXN-37881e06,C360-100098,Motor Insurance,2023-07-02,2024-07-01,1457,Expired,0
TXN-12d1ab73,C360-100098,Motor Insurance,2024-07-01,2025-07-01,1445,Expired,1
TXN-296003eb,C360-100098,Motor Insurance,2025-07-01,2026-07-01,1491,Active,0
TXN-55851ea7,C360-100099,Accidental Insurance,2021-07-02,2022-07-02,596,Expired,2
TXN-f936b058,C360-100099,Accidental Insurance,2022-07-02,2023-07-02,616,Expired,0
TXN-657f7b8d,C360-100099,Accidental Insurance,2023-07-02,2024-07-01,682,Expired,2
TXN-9f48c713,C360-100099,Accidental Insurance,2024-07-01,2025-07-01,674,Expired,0
TXN-20b24307,C360-100099,Accidental Insurance,2025-07-01,2026-07-01,688,Active,0
TXN-9c7854fb,C360-100100,Motor Insurance,2021-07-02,2022-07-02,1325,Expired,0
TXN-cd1463fd,C360-100100,Motor Insurance,2022-07-02,2023-07-02,1352,Expired,0
TXN-69d83476,C360-100100,Motor Insurance,2023-07-02,2024-07-01,1365,Expired,0
TXN-6856b93e,C360-100100,Motor Insurance,2024-07-01,2025-07-01,1433,Expired,0
TXN-4a341b6a,C360-100100,Motor Insurance,2025-07-01,2026-07-01,1481,Active,0
TXN-b30e4c0c,C360-100100,Health Insurance,2021-07-02,2022-07-02,990,Expired,0
TXN-42b1e7b2,C360-100100,Health Insurance,2022-07-02,2023-07-02,1016,Expired,0
TXN-ae3e6c98,C360-100100,Health Insurance,2023-07-02,2024-07-01,1036,Expired,0
TXN-e83cffd2,C360-100100,Health Insurance,2024-07-01,2025-07-01,1032,Expired,0
TXN-144633c3,C360-100100,Health Insurance,2025-07-01,2026-07-01,1154,Active,0
TXN-f6b230c0,C360-100101,Health Insurance,2021-07-02,2022-07-02,1296,Expired,0
TXN-5f03c575,C360-100101,Health Insurance,2022-07-02,2023-07-02,1329,Expired,0
TXN-4c47a857,C360-100101,Health Insurance,2023-07-02,2024-07-01,1394,Expired,0
TXN-87af4378,C360-100101,Health Insurance,2024-07-01,2025-07-01,1359,Expired,1
TXN-92c15fe1,C360-100101,Health Insurance,2025-07-01,2026-07-01,1340,Active,1
TXN-0b40b02b,C360-100101,Life Insurance,2021-07-02,2022-07-02,959,Expired,0
TXN-cc098111,C360-100101,Life Insurance,2022-07-02,2023-07-02,969,Expired,0
TXN-d267b9f9,C360-100101,Life Insurance,2023-07-02,2024-07-01,991,Expired,0
TXN-0b62393c,C360-100101,Life Insurance,2024-07-01,2025-07-01,1061,Expired,1
TXN-a327709f,C360-100101,Life Insurance,2025-07-01,2026-07-01,1159,Active,0
TXN-2539a634,C360-100101,Motor Insurance,2021-07-02,2022-07-02,1189,Expired,0
TXN-2912725a,C360-100101,Motor Insurance,2022-07-02,2023-07-02,1229,Expired,1
TXN-d2f1e8b1,C360-100101,Motor Insurance,2023-07-02,2024-07-01,1245,Expired,0
TXN-ffa2405f,C360-100101,Motor Insurance,2024-07-01,2025-07-01,1237,Expired,0
TXN-a0ca30bf,C360-100101,Motor Insurance,2025-07-01,2026-07-01,1305,Active,0
TXN-8441e1d3,C360-100101,Accidental Insurance,2021-07-02,2022-07-02,1014,Expired,0
TXN-7c8a9179,C360-100101,Accidental Insurance,2022-07-02,2023-07-02,1056,Expired,0
TXN-9fa555d0,C360-100101,Accidental Insurance,2023-07-02,2024-07-01,1078,Expired,0
TXN-10f32209,C360-100101,Accidental Insurance,2024-07-01,2025-07-01,1146,Expired,0
TXN-c2d8d4f6,C360-100101,Accidental Insurance,2025-07-01,2026-07-01,1130,Active,0
TXN-71140507,C360-100102,Health Insurance,2021-07-02,2022-07-02,322,Expired,0
TXN-dabda7f3,C360-100102,Health Insurance,2022-07-02,2023-07-02,352,Expired,0
TXN-63f0a5bd,C360-100102,Health Insurance,2023-07-02,2024-07-01,406,Expired,0
TXN-e2f18f6d,C360-100102,Health Insurance,2024-07-01,2025-07-01,400,Expired,0
TXN-7cd8aebd,C360-100102,Health Insurance,2025-07-01,2026-07-01,426,Active,0
TXN-6b4fbb20,C360-100102,Life Insurance,2021-07-02,2022-07-02,543,Expired,0
TXN-dced216a,C360-100102,Life Insurance,2022-07-02,2023-07-02,567,Expired,0
TXN-a2787fa7,C360-100102,Life Insurance,2023-07-02,2024-07-01,595,Expired,0
TXN-fc841f25,C360-100102,Life Insurance,2024-07-01,2025-07-01,627,Expired,0
TXN-4f66f22b,C360-100102,Life Insurance,2025-07-01,2026-07-01,643,Active,0
TXN-cb563fd9,C360-100102,Motor Insurance,2021-07-02,2022-07-02,512,Expired,0
TXN-d76dc571,C360-100102,Motor Insurance,2022-07-02,2023-07-02,560,Expired,0
TXN-3f697e63,C360-100102,Motor Insurance,2023-07-02,2024-07-01,554,Expired,0
TXN-c0850315,C360-100102,Motor Insurance,2024-07-01,2025-07-01,572,Expired,0
TXN-21d8136e,C360-100102,Motor Insurance,2025-07-01,2026-07-01,632,Active,0
TXN-a89b576b,C360-100102,Accidental Insurance,2021-07-02,2022-07-02,576,Expired,0
TXN-20b69897,C360-100102,Accidental Insurance,2022-07-02,2023-07-02,598,Expired,0
TXN-67fcac5d,C360-100102,Accidental Insurance,2023-07-02,2024-07-01,652,Expired,0
TXN-b2896191,C360-100102,Accidental Insurance,2024-07-01,2025-07-01,609,Expired,0
TXN-3a601f21,C360-100102,Accidental Insurance,2025-07-01,2026-07-01,772,Active,0
TXN-37531e50,C360-100103,Health Insurance,2021-07-02,2022-07-02,738,Expired,0
TXN-e85b2918,C360-100103,Health Insurance,2022-07-02,2023-07-02,773,Expired,0
TXN-6417a462,C360-100103,Health Insurance,2023-07-02,2024-07-01,762,Expired,0
TXN-df204508,C360-100103,Health Insurance,2024-07-01,2025-07-01,825,Expired,0
TXN-2d3a6ae3,C360-100103,Health Insurance,2025-07-01,2026-07-01,790,Active,0
TXN-99ce571e,C360-100103,Motor Insurance,2021-07-02,2022-07-02,695,Expired,1
TXN-3714bc45,C360-100103,Motor Insurance,2022-07-02,2023-07-02,720,Expired,0
TXN-09ac7482,C360-100103,Motor Insurance,2023-07-02,2024-07-01,743,Expired,1
TXN-fbabf614,C360-100103,Motor Insurance,2024-07-01,2025-07-01,797,Expired,1
TXN-e0ccd1fe,C360-100103,Motor Insurance,2025-07-01,2026-07-01,871,Active,0
TXN-d9287685,C360-100104,Accidental Insurance,2021-07-02,2022-07-02,479,Expired,0
TXN-9ec19ab5,C360-100104,Accidental Insurance,2022-07-02,2023-07-02,526,Expired,0
TXN-a0423d88,C360-100104,Accidental Insurance,2023-07-02,2024-07-01,567,Expired,0
TXN-bbbc8af5,C360-100104,Accidental Insurance,2024-07-01,2025-07-01,611,Expired,0
TXN-c1500d65,C360-100104,Accidental Insurance,2025-07-01,2026-07-01,519,Active,0
TXN-0f648af8,C360-100105,Health Insurance,2021-07-02,2022-07-02,654,Expired,1
TXN-a172dbbd,C360-100105,Health Insurance,2022-07-02,2023-07-02,668,Expired,1
TXN-91c96748,C360-100105,Health Insurance,2023-07-02,2024-07-01,696,Expired,0
TXN-0e398bf8,C360-100105,Health Insurance,2024-07-01,2025-07-01,780,Expired,0
TXN-a2db26a5,C360-100105,Health Insurance,2025-07-01,2026-07-01,794,Active,0
TXN-bc76d794,C360-100105,Life Insurance,2021-07-02,2022-07-02,1418,Expired,0
TXN-38bdde11,C360-100105,Motor Insurance,2021-07-02,2022-07-02,413,Expired,0
TXN-69a5a3e8,C360-100105,Motor Insurance,2022-07-02,2023-07-02,437,Expired,1
TXN-deaa0a88,C360-100105,Motor Insurance,2023-07-02,2024-07-01,469,Expired,0
TXN-28678c41,C360-100105,Accidental Insurance,2021-07-02,2022-07-02,854,Expired,0
TXN-a3fb7771,C360-100105,Accidental Insurance,2022-07-02,2023-07-02,904,Expired,0
TXN-6a821cc6,C360-100105,Accidental Insurance,2023-07-02,2024-07-01,898,Expired,0
TXN-3a6ca07a,C360-100105,Accidental Insurance,2024-07-01,2025-07-01,968,Expired,2
TXN-469a1eb5,C360-100105,Accidental Insurance,2025-07-01,2026-07-01,994,Cancelled,0
TXN-eadee6bb,C360-100106,Health Insurance,2021-07-02,2022-07-02,502,Expired,2
TXN-c2cb7295,C360-100106,Health Insurance,2022-07-02,2023-07-02,514,Expired,0
TXN-a8180e52,C360-100106,Health Insurance,2023-07-02,2024-07-01,532,Expired,2
TXN-bd39bce4,C360-100106,Health Insurance,2024-07-01,2025-07-01,601,Expired,0
TXN-f5c94888,C360-100106,Health Insurance,2025-07-01,2026-07-01,654,Active,0
TXN-c16e1ea3,C360-100107,Life Insurance,2021-07-02,2022-07-02,895,Expired,0
TXN-308b39d7,C360-100107,Life Insurance,2022-07-02,2023-07-02,941,Expired,0
TXN-203d1844,C360-100107,Life Insurance,2023-07-02,2024-07-01,991,Expired,0
TXN-c668271f,C360-100107,Life Insurance,2024-07-01,2025-07-01,979,Expired,1
TXN-288f6c10,C360-100107,Life Insurance,2025-07-01,2026-07-01,1043,Active,0
TXN-d3b2e888,C360-100107,Accidental Insurance,2021-07-02,2022-07-02,1423,Expired,0
TXN-942d86ac,C360-100107,Accidental Insurance,2022-07-02,2023-07-02,1466,Expired,0
TXN-0ea641da,C360-100107,Accidental Insurance,2023-07-02,2024-07-01,1455,Expired,0
TXN-22c161a6,C360-100107,Accidental Insurance,2024-07-01,2025-07-01,1549,Expired,0
TXN-5a758c15,C360-100107,Accidental Insurance,2025-07-01,2026-07-01,1463,Active,1
TXN-fb1c09c1,C360-100108,Life Insurance,2021-07-02,2022-07-02,1187,Expired,0
TXN-aa8dba17,C360-100108,Life Insurance,2022-07-02,2023-07-02,1209,Expired,0
TXN-e28e807f,C360-100108,Life Insurance,2023-07-02,2024-07-01,1285,Expired,1
TXN-9ff3e30c,C360-100108,Life Insurance,2024-07-01,2025-07-01,1325,Expired,0
TXN-b906cca4,C360-100108,Life Insurance,2025-07-01,2026-07-01,1231,Active,0
TXN-b5a2c2fb,C360-100108,Health Insurance,2021-07-02,2022-07-02,1312,Expired,0
TXN-b90617b1,C360-100108,Health Insurance,2022-07-02,2023-07-02,1326,Expired,0
TXN-a46093aa,C360-100108,Health Insurance,2023-07-02,2024-07-01,1390,Expired,1
TXN-1146c502,C360-100108,Health Insurance,2024-07-01,2025-07-01,1426,Expired,0
TXN-3c9368a3,C360-100108,Health Insurance,2025-07-01,2026-07-01,1440,Active,0
TXN-502e9250,C360-100109,Health Insurance,2021-07-02,2022-07-02,1472,Expired,0
TXN-97502402,C360-100109,Health Insurance,2022-07-02,2023-07-02,1492,Expired,0
TXN-baa5285e,C360-100109,Health Insurance,2023-07-02,2024-07-01,1528,Expired,0
TXN-dc79bc25,C360-100109,Health Insurance,2024-07-01,2025-07-01,1544,Expired,1
TXN-7a0787ca,C360-100109,Health Insurance,2025-07-01,2026-07-01,1624,Active,0
TXN-ce30ad6f,C360-100109,Life Insurance,2021-07-02,2022-07-02,1232,Expired,0
TXN-7382b608,C360-100109,Life Insurance,2022-07-02,2023-07-02,1281,Expired,0
TXN-0494237f,C360-100109,Life Insurance,2023-07-02,2024-07-01,1328,Expired,0
TXN-d4a2421d,C360-100109,Life Insurance,2024-07-01,2025-07-01,1292,Expired,0
TXN-60df8586,C360-100109,Life Insurance,2025-07-01,2026-07-01,1364,Active,0
TXN-eb205c93,C360-100109,Motor Insurance,2021-07-02,2022-07-02,856,Expired,0
TXN-04c7ba77,C360-100109,Motor Insurance,2022-07-02,2023-07-02,895,Expired,0
TXN-ae6d4b63,C360-100109,Motor Insurance,2023-07-02,2024-07-01,934,Expired,0
TXN-b51c68fb,C360-100109,Motor Insurance,2024-07-01,2025-07-01,916,Expired,2
TXN-f15b15bd,C360-100109,Motor Insurance,2025-07-01,2026-07-01,920,Active,0
TXN-936ca2ac,C360-100109,Accidental Insurance,2021-07-02,2022-07-02,555,Expired,0
TXN-5b478f62,C360-100109,Accidental Insurance,2022-07-02,2023-07-02,566,Expired,0
TXN-3f21da24,C360-100109,Accidental Insurance,2023-07-02,2024-07-01,649,Expired,0
TXN-282802cd,C360-100109,Accidental Insurance,2024-07-01,2025-07-01,666,Expired,1
TXN-64bb3aaf,C360-100109,Accidental Insurance,2025-07-01,2026-07-01,647,Active,0
TXN-2b8536e6,C360-100110,Life Insurance,2021-07-02,2022-07-02,622,Expired,2
TXN-c7035bf8,C360-100110,Life Insurance,2022-07-02,2023-07-02,652,Expired,0
TXN-0b54c70a,C360-100110,Life Insurance,2023-07-02,2024-07-01,660,Expired,0
TXN-0440947b,C360-100110,Life Insurance,2024-07-01,2025-07-01,706,Expired,0
TXN-364b2fd0,C360-100110,Life Insurance,2025-07-01,2026-07-01,674,Active,0
TXN-2e15c2e2,C360-100110,Health Insurance,2021-07-02,2022-07-02,1231,Expired,0
TXN-d09f003e,C360-100110,Health Insurance,2022-07-02,2023-07-02,1262,Expired,0
TXN-ee4b2f8f,C360-100110,Health Insurance,2023-07-02,2024-07-01,1279,Expired,0
TXN-f0d414df,C360-100110,Health Insurance,2024-07-01,2025-07-01,1339,Expired,0
TXN-67fe16fa,C360-100110,Health Insurance,2025-07-01,2026-07-01,1315,Cancelled,0
TXN-354f18a8,C360-100111,Life Insurance,2021-07-02,2022-07-02,1059,Expired,0
TXN-a6b4d25c,C360-100111,Life Insurance,2022-07-02,2023-07-02,1075,Expired,1
TXN-8557a2b6,C360-100111,Life Insurance,2023-07-02,2024-07-01,1089,Expired,0
TXN-cffcbb05,C360-100111,Life Insurance,2024-07-01,2025-07-01,1098,Expired,0
TXN-5fafde78,C360-100111,Life Insurance,2025-07-01,2026-07-01,1203,Active,0
TXN-fe73304f,C360-100112,Motor Insurance,2021-07-02,2022-07-02,1426,Expired,0
TXN-f3326cb9,C360-100112,Motor Insurance,2022-07-02,2023-07-02,1446,Expired,0
TXN-1227c9e3,C360-100112,Motor Insurance,2023-07-02,2024-07-01,1452,Expired,0
TXN-9916a647,C360-100112,Motor Insurance,2024-07-01,2025-07-01,1537,Expired,0
TXN-b513ab6f,C360-100112,Motor Insurance,2025-07-01,2026-07-01,1486,Active,0
TXN-c5254016,C360-100113,Motor Insurance,2021-07-02,2022-07-02,1284,Expired,0
TXN-87e3f9e9,C360-100113,Motor Insurance,2022-07-02,2023-07-02,1317,Expired,0
TXN-b6702617,C360-100113,Motor Insurance,2023-07-02,2024-07-01,1384,Expired,0
TXN-e71188be,C360-100113,Motor Insurance,2024-07-01,2025-07-01,1401,Expired,1
TXN-46775f4a,C360-100113,Motor Insurance,2025-07-01,2026-07-01,1356,Active,0
TXN-55829f10,C360-100114,Health Insurance,2021-07-02,2022-07-02,455,Expired,1
TXN-dbd7f4fd,C360-100114,Health Insurance,2022-07-02,2023-07-02,480,Expired,0
TXN-d3727779,C360-100114,Health Insurance,2023-07-02,2024-07-01,507,Expired,1
TXN-52c53e37,C360-100114,Health Insurance,2024-07-01,2025-07-01,485,Expired,2
TXN-c7d48dd2,C360-100114,Health Insurance,2025-07-01,2026-07-01,503,Active,0
TXN-548c5881,C360-100114,Life Insurance,2021-07-02,2022-07-02,1173,Expired,0
TXN-a786b14d,C360-100114,Life Insurance,2022-07-02,2023-07-02,1189,Expired,0
TXN-9fe0dd3b,C360-100114,Life Insurance,2023-07-02,2024-07-01,1197,Expired,0
TXN-8c51b846,C360-100114,Life Insurance,2024-07-01,2025-07-01,1278,Expired,0
TXN-7aa005f3,C360-100114,Life Insurance,2025-07-01,2026-07-01,1269,Active,0
TXN-33d194be,C360-100114,Motor Insurance,2021-07-02,2022-07-02,714,Expired,0
TXN-d8491e31,C360-100114,Motor Insurance,2022-07-02,2023-07-02,758,Expired,0
TXN-9e3b37f3,C360-100114,Motor Insurance,2023-07-02,2024-07-01,760,Expired,1
TXN-16915b81,C360-100114,Motor Insurance,2024-07-01,2025-07-01,789,Expired,0
TXN-ae4b1d6a,C360-100114,Motor Insurance,2025-07-01,2026-07-01,890,Active,0
TXN-df3e3573,C360-100114,Accidental Insurance,2021-07-02,2022-07-02,1245,Expired,2
TXN-ab9600ab,C360-100114,Accidental Insurance,2022-07-02,2023-07-02,1283,Expired,0
TXN-40710ff4,C360-100114,Accidental Insurance,2023-07-02,2024-07-01,1327,Expired,0
TXN-dda6a06e,C360-100114,Accidental Insurance,2024-07-01,2025-07-01,1368,Expired,0
TXN-fbb498ae,C360-100114,Accidental Insurance,2025-07-01,2026-07-01,1293,Active,1
TXN-cc24a008,C360-100115,Health Insurance,2021-07-02,2022-07-02,492,Expired,0
TXN-e5b2c43c,C360-100115,Health Insurance,2022-07-02,2023-07-02,523,Expired,0
TXN-d032da34,C360-100115,Health Insurance,2023-07-02,2024-07-01,562,Expired,0
TXN-91176bd7,C360-100115,Health Insurance,2024-07-01,2025-07-01,528,Expired,1
TXN-759e2228,C360-100115,Health Insurance,2025-07-01,2026-07-01,612,Active,0
TXN-55625b2a,C360-100116,Health Insurance,2021-07-02,2022-07-02,337,Expired,0
TXN-60f2518f,C360-100116,Health Insurance,2022-07-02,2023-07-02,375,Expired,1
TXN-b2ce8fdb,C360-100116,Health Insurance,2023-07-02,2024-07-01,383,Expired,0
TXN-385036f8,C360-100116,Health Insurance,2024-07-01,2025-07-01,475,Expired,0
TXN-19056dee,C360-100116,Health Insurance,2025-07-01,2026-07-01,377,Active,0
TXN-7be529d0,C360-100117,Health Insurance,2021-07-02,2022-07-02,587,Expired,0
TXN-f094deb2,C360-100117,Health Insurance,2022-07-02,2023-07-02,623,Expired,0
TXN-ba8cb0d1,C360-100117,Health Insurance,2023-07-02,2024-07-01,645,Expired,0
TXN-22581ebb,C360-100117,Health Insurance,2024-07-01,2025-07-01,617,Expired,0
TXN-e80db9e8,C360-100117,Health Insurance,2025-07-01,2026-07-01,679,Active,0
TXN-8cb810ad,C360-100117,Life Insurance,2021-07-02,2022-07-02,507,Expired,0
TXN-5c554e38,C360-100117,Life Insurance,2022-07-02,2023-07-02,532,Expired,0
TXN-afaaf143,C360-100117,Life Insurance,2023-07-02,2024-07-01,553,Expired,0
TXN-49f50253,C360-100117,Life Insurance,2024-07-01,2025-07-01,594,Expired,0
TXN-b66b085b,C360-100117,Life Insurance,2025-07-01,2026-07-01,619,Active,2
TXN-d0a17524,C360-100117,Motor Insurance,2021-07-02,2022-07-02,1075,Expired,0
TXN-017e8479,C360-100117,Motor Insurance,2022-07-02,2023-07-02,1118,Expired,0
TXN-55ff2ea8,C360-100117,Motor Insurance,2023-07-02,2024-07-01,1153,Expired,1
TXN-a248f125,C360-100117,Motor Insurance,2024-07-01,2025-07-01,1177,Expired,0
TXN-e8d3183e,C360-100117,Motor Insurance,2025-07-01,2026-07-01,1271,Active,0
TXN-af99decb,C360-100117,Accidental Insurance,2021-07-02,2022-07-02,1053,Expired,0
TXN-0110faf9,C360-100117,Accidental Insurance,2022-07-02,2023-07-02,1079,Expired,0
TXN-48b4ae04,C360-100117,Accidental Insurance,2023-07-02,2024-07-01,1141,Expired,0
TXN-130b7a74,C360-100117,Accidental Insurance,2024-07-01,2025-07-01,1155,Expired,0
TXN-3b289422,C360-100117,Accidental Insurance,2025-07-01,2026-07-01,1201,Active,1
TXN-0588023a,C360-100118,Motor Insurance,2021-07-02,2022-07-02,459,Expired,0
TXN-a8efb3bc,C360-100118,Motor Insurance,2022-07-02,2023-07-02,483,Expired,0
TXN-3f75bc08,C360-100118,Motor Insurance,2023-07-02,2024-07-01,489,Expired,0
TXN-245e63fd,C360-100118,Motor Insurance,2024-07-01,2025-07-01,594,Expired,1
TXN-d4522459,C360-100118,Motor Insurance,2025-07-01,2026-07-01,571,Active,0
TXN-ffbe13e5,C360-100119,Motor Insurance,2021-07-02,2022-07-02,1257,Expired,0
TXN-65bb1362,C360-100119,Motor Insurance,2022-07-02,2023-07-02,1268,Expired,0
TXN-e490666d,C360-100119,Motor Insurance,2023-07-02,2024-07-01,1341,Expired,0
TXN-e0659204,C360-100119,Motor Insurance,2024-07-01,2025-07-01,1338,Expired,0
TXN-36f7aa39,C360-100119,Motor Insurance,2025-07-01,2026-07-01,1401,Active,0
TXN-23329c09,C360-100119,Accidental Insurance,2021-07-02,2022-07-02,1108,Expired,0
TXN-a0c59f30,C360-100119,Accidental Insurance,2022-07-02,2023-07-02,1145,Expired,0
TXN-ca26f9d8,C360-100119,Accidental Insurance,2023-07-02,2024-07-01,1130,Expired,0
TXN-4e8ded08,C360-100119,Accidental Insurance,2024-07-01,2025-07-01,1141,Expired,1
TXN-c508cac7,C360-100119,Accidental Insurance,2025-07-01,2026-07-01,1160,Active,0
TXN-9f405d12,C360-100120,Motor Insurance,2021-07-02,2022-07-02,941,Expired,1
TXN-0f0c1879,C360-100120,Motor Insurance,2022-07-02,2023-07-02,962,Expired,0
TXN-88a078ba,C360-100120,Motor Insurance,2023-07-02,2024-07-01,987,Expired,2
TXN-991490a7,C360-100120,Motor Insurance,2024-07-01,2025-07-01,1007,Expired,0
TXN-13ef0217,C360-100120,Motor Insurance,2025-07-01,2026-07-01,1073,Active,2
TXN-5dd4f011,C360-100120,Life Insurance,2021-07-02,2022-07-02,373,Expired,0
TXN-d84a39e8,C360-100120,Life Insurance,2022-07-02,2023-07-02,423,Expired,0
TXN-d3ee37d4,C360-100120,Life Insurance,2023-07-02,2024-07-01,427,Expired,0
TXN-5c63e9c1,C360-100120,Life Insurance,2024-07-01,2025-07-01,451,Expired,0
TXN-dc702d7d,C360-100120,Life Insurance,2025-07-01,2026-07-01,469,Active,1
TXN-fadeb884,C360-100121,Health Insurance,2021-07-02,2022-07-02,1078,Expired,0
TXN-4b943c24,C360-100121,Health Insurance,2022-07-02,2023-07-02,1112,Expired,2
TXN-fc630ed6,C360-100121,Health Insurance,2023-07-02,2024-07-01,1148,Expired,1
TXN-a0cf4135,C360-100121,Health Insurance,2024-07-01,2025-07-01,1177,Expired,0
TXN-eb02d899,C360-100121,Health Insurance,2025-07-01,2026-07-01,1270,Active,0
TXN-ed6cc3dd,C360-100121,Life Insurance,2021-07-02,2022-07-02,1424,Expired,2
TXN-4e24f94a,C360-100121,Life Insurance,2022-07-02,2023-07-02,1471,Expired,0
TXN-04b204a0,C360-100121,Life Insurance,2023-07-02,2024-07-01,1500,Expired,0
TXN-49a72429,C360-100121,Life Insurance,2024-07-01,2025-07-01,1496,Expired,2
TXN-7ff9875e,C360-100121,Life Insurance,2025-07-01,2026-07-01,1552,Active,0
TXN-3dad11a3,C360-100121,Motor Insurance,2021-07-02,2022-07-02,1181,Expired,0
TXN-a31858f3,C360-100121,Motor Insurance,2022-07-02,2023-07-02,1212,Expired,0
TXN-9efe687b,C360-100121,Motor Insurance,2023-07-02,2024-07-01,1255,Expired,1
TXN-f7839e41,C360-100121,Motor Insurance,2024-07-01,2025-07-01,1325,Expired,0
TXN-34c9949c,C360-100121,Motor Insurance,2025-07-01,2026-07-01,1345,Active,2
TXN-7c7b0a26,C360-100121,Accidental Insurance,2021-07-02,2022-07-02,1459,Expired,2
TXN-ba0b6c0e,C360-100121,Accidental Insurance,2022-07-02,2023-07-02,1478,Expired,1
TXN-69f80656,C360-100121,Accidental Insurance,2023-07-02,2024-07-01,1545,Expired,0
TXN-8c5c02de,C360-100121,Accidental Insurance,2024-07-01,2025-07-01,1516,Expired,0
TXN-6214acf1,C360-100121,Accidental Insurance,2025-07-01,2026-07-01,1507,Active,1
TXN-abcdf6c1,C360-100122,Health Insurance,2021-07-02,2022-07-02,726,Expired,0
TXN-ddd14b27,C360-100122,Health Insurance,2022-07-02,2023-07-02,766,Expired,0
TXN-706028cc,C360-100122,Health Insurance,2023-07-02,2024-07-01,768,Expired,0
TXN-13b8cb31,C360-100122,Health Insurance,2024-07-01,2025-07-01,810,Expired,0
TXN-701f9877,C360-100122,Health Insurance,2025-07-01,2026-07-01,806,Cancelled,1
TXN-f45ee5bd,C360-100122,Life Insurance,2021-07-02,2022-07-02,1376,Expired,0
TXN-31f555fc,C360-100122,Life Insurance,2022-07-02,2023-07-02,1408,Expired,0
TXN-38b58bde,C360-100122,Accidental Insurance,2021-07-02,2022-07-02,1263,Expired,1
TXN-90112709,C360-100122,Accidental Insurance,2022-07-02,2023-07-02,1280,Expired,0
TXN-3723cb94,C360-100122,Accidental Insurance,2023-07-02,2024-07-01,1353,Expired,0
TXN-ee6ccf37,C360-100123,Accidental Insurance,2021-07-02,2022-07-02,1287,Expired,0
TXN-fbd90f95,C360-100124,Health Insurance,2021-07-02,2022-07-02,825,Expired,2
TXN-308982dd,C360-100124,Health Insurance,2022-07-02,2023-07-02,863,Expired,0
TXN-2a811119,C360-100124,Health Insurance,2023-07-02,2024-07-01,877,Expired,0
TXN-b726f363,C360-100124,Health Insurance,2024-07-01,2025-07-01,891,Expired,0
TXN-7390f834,C360-100124,Health Insurance,2025-07-01,2026-07-01,1025,Active,0
TXN-a36466fb,C360-100124,Life Insurance,2021-07-02,2022-07-02,1126,Expired,0
TXN-c20b159c,C360-100124,Life Insurance,2022-07-02,2023-07-02,1155,Expired,0
TXN-309c0ea2,C360-100124,Life Insurance,2023-07-02,2024-07-01,1218,Expired,0
TXN-08100206,C360-100124,Life Insurance,2024-07-01,2025-07-01,1252,Expired,0
TXN-0eb85d33,C360-100124,Life Insurance,2025-07-01,2026-07-01,1170,Active,1
TXN-a7684dc8,C360-100124,Motor Insurance,2021-07-02,2022-07-02,1130,Expired,0
TXN-ca4bd471,C360-100124,Motor Insurance,2022-07-02,2023-07-02,1147,Expired,0
TXN-36d1f979,C360-100124,Motor Insurance,2023-07-02,2024-07-01,1200,Expired,0
TXN-78d4e2d0,C360-100124,Motor Insurance,2024-07-01,2025-07-01,1187,Expired,1
TXN-2b2961fa,C360-100124,Motor Insurance,2025-07-01,2026-07-01,1286,Active,0
TXN-e5dca588,C360-100124,Accidental Insurance,2021-07-02,2022-07-02,410,Expired,0
TXN-beb110ba,C360-100124,Accidental Insurance,2022-07-02,2023-07-02,427,Expired,0
TXN-9c6b21ec,C360-100124,Accidental Insurance,2023-07-02,2024-07-01,446,Expired,0
TXN-e1ada82c,C360-100124,Accidental Insurance,2024-07-01,2025-07-01,467,Expired,0
TXN-e636abfc,C360-100124,Accidental Insurance,2025-07-01,2026-07-01,482,Active,0
TXN-8b8337a9,C360-100125,Life Insurance,2021-07-02,2022-07-02,490,Expired,0
TXN-45297c1f,C360-100126,Health Insurance,2021-07-02,2022-07-02,533,Expired,0
TXN-75b91119,C360-100126,Health Insurance,2022-07-02,2023-07-02,565,Expired,0
TXN-1fe5fa2f,C360-100126,Health Insurance,2023-07-02,2024-07-01,623,Expired,0
TXN-4a3f8636,C360-100126,Health Insurance,2024-07-01,2025-07-01,635,Expired,0
TXN-1fe473b1,C360-100126,Health Insurance,2025-07-01,2026-07-01,677,Active,0
TXN-fd079e6f,C360-100126,Life Insurance,2021-07-02,2022-07-02,691,Expired,0
TXN-bd3069e5,C360-100126,Life Insurance,2022-07-02,2023-07-02,723,Expired,1
TXN-e860ad3d,C360-100126,Life Insurance,2023-07-02,2024-07-01,727,Expired,1
TXN-38be818f,C360-100126,Life Insurance,2024-07-01,2025-07-01,733,Expired,1
TXN-ecbcad77,C360-100126,Life Insurance,2025-07-01,2026-07-01,827,Active,0
TXN-d49e4547,C360-100126,Motor Insurance,2021-07-02,2022-07-02,574,Expired,0
TXN-98cac6ec,C360-100126,Motor Insurance,2022-07-02,2023-07-02,619,Expired,2
TXN-185991c4,C360-100126,Motor Insurance,2023-07-02,2024-07-01,626,Expired,0
TXN-254e1cce,C360-100126,Motor Insurance,2024-07-01,2025-07-01,664,Expired,2
TXN-8bc1360a,C360-100126,Motor Insurance,2025-07-01,2026-07-01,654,Active,0
TXN-e08937d0,C360-100126,Accidental Insurance,2021-07-02,2022-07-02,377,Expired,0
TXN-30c12170,C360-100126,Accidental Insurance,2022-07-02,2023-07-02,388,Expired,0
TXN-80a693fe,C360-100126,Accidental Insurance,2023-07-02,2024-07-01,465,Expired,0
TXN-41b2c6fb,C360-100126,Accidental Insurance,2024-07-01,2025-07-01,464,Expired,0
TXN-1f9c73b5,C360-100126,Accidental Insurance,2025-07-01,2026-07-01,549,Active,1
TXN-097f7099,C360-100127,Motor Insurance,2021-07-02,2022-07-02,761,Expired,0
TXN-e0a9b129,C360-100127,Motor Insurance,2022-07-02,2023-07-02,779,Expired,0
TXN-b0e8cb2f,C360-100127,Motor Insurance,2023-07-02,2024-07-01,791,Expired,0
TXN-fe4db868,C360-100128,Health Insurance,2021-07-02,2022-07-02,694,Expired,0
TXN-745cd092,C360-100128,Health Insurance,2022-07-02,2023-07-02,727,Expired,0
TXN-1a7f8007,C360-100128,Health Insurance,2023-07-02,2024-07-01,794,Expired,1
TXN-8ecd235e,C360-100128,Health Insurance,2024-07-01,2025-07-01,790,Expired,0
TXN-573ac7f6,C360-100128,Health Insurance,2025-07-01,2026-07-01,842,Cancelled,0
TXN-ba47692b,C360-100128,Motor Insurance,2021-07-02,2022-07-02,1436,Expired,2
TXN-37ac4251,C360-100128,Motor Insurance,2022-07-02,2023-07-02,1471,Expired,0
TXN-b2b1db9a,C360-100128,Motor Insurance,2023-07-02,2024-07-01,1476,Expired,0
TXN-6fc9c0d7,C360-100128,Motor Insurance,2024-07-01,2025-07-01,1535,Expired,0
TXN-4e762ca9,C360-100128,Motor Insurance,2025-07-01,2026-07-01,1636,Cancelled,0
TXN-c8e707e9,C360-100128,Accidental Insurance,2021-07-02,2022-07-02,748,Expired,2
TXN-81e43397,C360-100128,Accidental Insurance,2022-07-02,2023-07-02,773,Expired,0
TXN-1c7fa9b6,C360-100128,Accidental Insurance,2023-07-02,2024-07-01,774,Expired,0
TXN-ab008b73,C360-100129,Health Insurance,2021-07-02,2022-07-02,1047,Expired,0
TXN-7430081d,C360-100129,Health Insurance,2022-07-02,2023-07-02,1076,Expired,2
TXN-8a911a41,C360-100129,Health Insurance,2023-07-02,2024-07-01,1139,Expired,0
TXN-a5cf299d,C360-100129,Health Insurance,2024-07-01,2025-07-01,1083,Expired,2
TXN-2a532b1a,C360-100129,Health Insurance,2025-07-01,2026-07-01,1151,Active,0
TXN-9a783024,C360-100129,Life Insurance,2021-07-02,2022-07-02,823,Expired,0
TXN-120e1b90,C360-100129,Life Insurance,2022-07-02,2023-07-02,862,Expired,0
TXN-67306313,C360-100129,Life Insurance,2023-07-02,2024-07-01,921,Expired,1
TXN-ea317354,C360-100129,Life Insurance,2024-07-01,2025-07-01,883,Expired,0
TXN-2abb50db,C360-100129,Life Insurance,2025-07-01,2026-07-01,871,Active,0
TXN-a05c284a,C360-100129,Motor Insurance,2021-07-02,2022-07-02,642,Expired,0
TXN-c5f7528b,C360-100129,Motor Insurance,2022-07-02,2023-07-02,686,Expired,0
TXN-732ed67f,C360-100129,Motor Insurance,2023-07-02,2024-07-01,670,Expired,0
TXN-a0b132ef,C360-100129,Motor Insurance,2024-07-01,2025-07-01,696,Expired,0
TXN-ae83c671,C360-100129,Motor Insurance,2025-07-01,2026-07-01,806,Active,0
TXN-41528e46,C360-100129,Accidental Insurance,2021-07-02,2022-07-02,470,Expired,0
TXN-45e8d625,C360-100129,Accidental Insurance,2022-07-02,2023-07-02,487,Expired,0
TXN-b99b688f,C360-100129,Accidental Insurance,2023-07-02,2024-07-01,548,Expired,0
TXN-f605c514,C360-100129,Accidental Insurance,2024-07-01,2025-07-01,611,Expired,0
TXN-7521a1ae,C360-100129,Accidental Insurance,2025-07-01,2026-07-01,626,Active,0
TXN-2afd2d77,C360-100130,Health Insurance,2021-07-02,2022-07-02,1001,Expired,2
TXN-22a9c71e,C360-100130,Motor Insurance,2021-07-02,2022-07-02,542,Expired,0
TXN-c4af1e79,C360-100131,Health Insurance,2021-07-02,2022-07-02,918,Expired,0
TXN-b61157e2,C360-100131,Health Insurance,2022-07-02,2023-07-02,945,Expired,0
TXN-ff18a78b,C360-100132,Health Insurance,2021-07-02,2022-07-02,973,Expired,0
TXN-e0e011d3,C360-100132,Health Insurance,2022-07-02,2023-07-02,1017,Expired,0
TXN-2de0ef34,C360-100132,Health Insurance,2023-07-02,2024-07-01,1007,Expired,0
TXN-7d38e7df,C360-100132,Health Insurance,2024-07-01,2025-07-01,1087,Expired,0
TXN-29eaa4be,C360-100132,Health Insurance,2025-07-01,2026-07-01,1141,Active,0
TXN-fefa7721,C360-100132,Accidental Insurance,2021-07-02,2022-07-02,1431,Expired,0
TXN-1508fdd1,C360-100132,Accidental Insurance,2022-07-02,2023-07-02,1464,Expired,0
TXN-5de82ced,C360-100132,Accidental Insurance,2023-07-02,2024-07-01,1453,Expired,1
TXN-8ff99af1,C360-100132,Accidental Insurance,2024-07-01,2025-07-01,1566,Expired,0
TXN-82752fdb,C360-100132,Accidental Insurance,2025-07-01,2026-07-01,1591,Active,0
TXN-ebdca85b,C360-100133,Health Insurance,2021-07-02,2022-07-02,358,Expired,0
TXN-0cda4c94,C360-100133,Health Insurance,2022-07-02,2023-07-02,384,Expired,0
TXN-fde25aa0,C360-100133,Health Insurance,2023-07-02,2024-07-01,396,Expired,0
TXN-0e9b416a,C360-100133,Health Insurance,2024-07-01,2025-07-01,400,Expired,0
TXN-332760c0,C360-100133,Health Insurance,2025-07-01,2026-07-01,434,Active,0
TXN-e0f4095a,C360-100133,Life Insurance,2021-07-02,2022-07-02,985,Expired,0
TXN-f7a5a1ed,C360-100133,Life Insurance,2022-07-02,2023-07-02,1000,Expired,0
TXN-6158c50a,C360-100133,Life Insurance,2023-07-02,2024-07-01,1029,Expired,0
TXN-8544dc9d,C360-100133,Life Insurance,2024-07-01,2025-07-01,1030,Expired,0
TXN-ab2bf77e,C360-100133,Life Insurance,2025-07-01,2026-07-01,1053,Active,0
TXN-31a0e4e8,C360-100133,Motor Insurance,2021-07-02,2022-07-02,1419,Expired,0
TXN-770022bd,C360-100133,Motor Insurance,2022-07-02,2023-07-02,1436,Expired,1
TXN-cece161c,C360-100133,Motor Insurance,2023-07-02,2024-07-01,1513,Expired,0
TXN-a47ceb61,C360-100133,Motor Insurance,2024-07-01,2025-07-01,1458,Expired,1
TXN-83cf71e3,C360-100133,Motor Insurance,2025-07-01,2026-07-01,1579,Active,0
TXN-a5f066a8,C360-100133,Accidental Insurance,2021-07-02,2022-07-02,333,Expired,0
TXN-8a5d6fda,C360-100133,Accidental Insurance,2022-07-02,2023-07-02,379,Expired,0
TXN-ac162f21,C360-100133,Accidental Insurance,2023-07-02,2024-07-01,371,Expired,0
TXN-6fec02da,C360-100133,Accidental Insurance,2024-07-01,2025-07-01,393,Expired,1
TXN-704f3ebe,C360-100133,Accidental Insurance,2025-07-01,2026-07-01,425,Active,1
TXN-4717cf49,C360-100134,Health Insurance,2021-07-02,2022-07-02,1220,Expired,0
TXN-33c99ab1,C360-100134,Health Insurance,2022-07-02,2023-07-02,1231,Expired,0
TXN-8e7fb159,C360-100134,Health Insurance,2023-07-02,2024-07-01,1272,Expired,0
TXN-28a11e7c,C360-100134,Health Insurance,2024-07-01,2025-07-01,1253,Expired,1
TXN-83647e71,C360-100134,Health Insurance,2025-07-01,2026-07-01,1380,Active,0
TXN-4c7c5de7,C360-100135,Health Insurance,2021-07-02,2022-07-02,561,Expired,1
TXN-52259c5c,C360-100135,Health Insurance,2022-07-02,2023-07-02,582,Expired,0
TXN-b28fa0bc,C360-100135,Health Insurance,2023-07-02,2024-07-01,611,Expired,1
TXN-f7eab118,C360-100135,Health Insurance,2024-07-01,2025-07-01,639,Expired,0
TXN-71345b28,C360-100135,Health Insurance,2025-07-01,2026-07-01,677,Cancelled,0
TXN-c8cd6647,C360-100135,Accidental Insurance,2021-07-02,2022-07-02,1394,Expired,0
TXN-e008a46a,C360-100135,Accidental Insurance,2022-07-02,2023-07-02,1444,Expired,0
TXN-2fea2773,C360-100136,Motor Insurance,2021-07-02,2022-07-02,1388,Expired,0
TXN-45a8a8d2,C360-100136,Motor Insurance,2022-07-02,2023-07-02,1402,Expired,0
TXN-758a30c4,C360-100136,Motor Insurance,2023-07-02,2024-07-01,1444,Expired,0
TXN-ee1e2d77,C360-100136,Motor Insurance,2024-07-01,2025-07-01,1472,Expired,0
TXN-396c316d,C360-100136,Motor Insurance,2025-07-01,2026-07-01,1580,Active,1
TXN-ab9f2ade,C360-100136,Accidental Insurance,2021-07-02,2022-07-02,1385,Expired,1
TXN-524b7d10,C360-100136,Accidental Insurance,2022-07-02,2023-07-02,1433,Expired,1
TXN-0f297157,C360-100136,Accidental Insurance,2023-07-02,2024-07-01,1417,Expired,0
TXN-36c4d066,C360-100136,Accidental Insurance,2024-07-01,2025-07-01,1469,Expired,0
TXN-d9784b94,C360-100136,Accidental Insurance,2025-07-01,2026-07-01,1453,Active,0
TXN-6290df4d,C360-100137,Motor Insurance,2021-07-02,2022-07-02,733,Expired,0
TXN-bb9cae5e,C360-100137,Motor Insurance,2022-07-02,2023-07-02,772,Expired,0
TXN-5abfc98e,C360-100137,Motor Insurance,2023-07-02,2024-07-01,773,Expired,0
TXN-044de601,C360-100137,Motor Insurance,2024-07-01,2025-07-01,832,Expired,0
TXN-9602f60e,C360-100137,Motor Insurance,2025-07-01,2026-07-01,877,Active,1
TXN-33633f42,C360-100138,Health Insurance,2021-07-02,2022-07-02,490,Expired,0
TXN-67ed4170,C360-100138,Health Insurance,2022-07-02,2023-07-02,517,Expired,0
TXN-03a9431b,C360-100138,Health Insurance,2023-07-02,2024-07-01,554,Expired,0
TXN-703815d9,C360-100138,Health Insurance,2024-07-01,2025-07-01,523,Expired,0
TXN-ddc5eccd,C360-100138,Health Insurance,2025-07-01,2026-07-01,678,Active,1
TXN-0c17af33,C360-100138,Life Insurance,2021-07-02,2022-07-02,922,Expired,0
TXN-0a1b09d9,C360-100138,Life Insurance,2022-07-02,2023-07-02,971,Expired,2
TXN-c069cb56,C360-100138,Life Insurance,2023-07-02,2024-07-01,974,Expired,0
TXN-2ce084ab,C360-100138,Life Insurance,2024-07-01,2025-07-01,1003,Expired,2
TXN-feb03d7c,C360-100138,Life Insurance,2025-07-01,2026-07-01,1106,Active,2
TXN-a8213b54,C360-100138,Motor Insurance,2021-07-02,2022-07-02,575,Expired,0
TXN-ace3c86c,C360-100138,Motor Insurance,2022-07-02,2023-07-02,601,Expired,0
TXN-59b45be7,C360-100138,Motor Insurance,2023-07-02,2024-07-01,655,Expired,0
TXN-3ee295ed,C360-100138,Motor Insurance,2024-07-01,2025-07-01,704,Expired,0
TXN-47b5887a,C360-100138,Motor Insurance,2025-07-01,2026-07-01,771,Active,0
TXN-e40c0267,C360-100138,Accidental Insurance,2021-07-02,2022-07-02,1122,Expired,0
TXN-b87699d1,C360-100138,Accidental Insurance,2022-07-02,2023-07-02,1133,Expired,0
TXN-8fd2facd,C360-100138,Accidental Insurance,2023-07-02,2024-07-01,1216,Expired,0
TXN-4b436d4f,C360-100138,Accidental Insurance,2024-07-01,2025-07-01,1248,Expired,0
TXN-f923d486,C360-100138,Accidental Insurance,2025-07-01,2026-07-01,1310,Active,1
TXN-f2d3ff03,C360-100140,Accidental Insurance,2021-07-02,2022-07-02,603,Expired,0
TXN-efcac5e6,C360-100140,Accidental Insurance,2022-07-02,2023-07-02,629,Expired,0
TXN-8fcdee38,C360-100140,Accidental Insurance,2023-07-02,2024-07-01,653,Expired,0
TXN-138ae43c,C360-100140,Accidental Insurance,2024-07-01,2025-07-01,654,Expired,1
TXN-65609cbc,C360-100140,Accidental Insurance,2025-07-01,2026-07-01,691,Active,0
TXN-8ae852b4,C360-100141,Life Insurance,2021-07-02,2022-07-02,1362,Expired,0
TXN-6868fc6d,C360-100141,Life Insurance,2022-07-02,2023-07-02,1400,Expired,1
TXN-f8ebe82f,C360-100141,Life Insurance,2023-07-02,2024-07-01,1430,Expired,0
TXN-bf926f35,C360-100141,Life Insurance,2024-07-01,2025-07-01,1428,Expired,1
TXN-0608de06,C360-100141,Life Insurance,2025-07-01,2026-07-01,1542,Active,0
TXN-93233740,C360-100141,Health Insurance,2021-07-02,2022-07-02,790,Expired,0
TXN-19e38ef5,C360-100141,Health Insurance,2022-07-02,2023-07-02,816,Expired,1
TXN-af15be92,C360-100141,Health Insurance,2023-07-02,2024-07-01,860,Expired,0
TXN-6786acd7,C360-100141,Health Insurance,2024-07-01,2025-07-01,922,Expired,0
TXN-a2b168d2,C360-100141,Health Insurance,2025-07-01,2026-07-01,906,Active,0
TXN-dae63b6a,C360-100142,Health Insurance,2021-07-02,2022-07-02,1044,Expired,0
TXN-82c7c7b0,C360-100142,Health Insurance,2022-07-02,2023-07-02,1076,Expired,0
TXN-b075c1cd,C360-100142,Health Insurance,2023-07-02,2024-07-01,1068,Expired,0
TXN-0e453f88,C360-100142,Health Insurance,2024-07-01,2025-07-01,1140,Expired,0
TXN-b8d832a5,C360-100142,Health Insurance,2025-07-01,2026-07-01,1224,Active,0
TXN-9b596ce8,C360-100142,Accidental Insurance,2021-07-02,2022-07-02,791,Expired,0
TXN-93139f95,C360-100142,Accidental Insurance,2022-07-02,2023-07-02,818,Expired,1
TXN-e82f3686,C360-100142,Accidental Insurance,2023-07-02,2024-07-01,823,Expired,1
TXN-36e10858,C360-100142,Accidental Insurance,2024-07-01,2025-07-01,845,Expired,0
TXN-58be07ac,C360-100142,Accidental Insurance,2025-07-01,2026-07-01,971,Active,0
TXN-1ee36930,C360-100143,Health Insurance,2021-07-02,2022-07-02,374,Expired,1
TXN-efd866d8,C360-100143,Health Insurance,2022-07-02,2023-07-02,390,Expired,0
TXN-cb0f2a2e,C360-100143,Health Insurance,2023-07-02,2024-07-01,462,Expired,0
TXN-772cb1ab,C360-100143,Health Insurance,2024-07-01,2025-07-01,500,Expired,1
TXN-08dcc090,C360-100143,Health Insurance,2025-07-01,2026-07-01,542,Active,1
TXN-e23d5028,C360-100143,Life Insurance,2021-07-02,2022-07-02,465,Expired,1
TXN-8ec29ad1,C360-100143,Life Insurance,2022-07-02,2023-07-02,481,Expired,0
TXN-2c3a1bb1,C360-100143,Life Insurance,2023-07-02,2024-07-01,489,Expired,1
TXN-1b038c71,C360-100143,Life Insurance,2024-07-01,2025-07-01,558,Expired,1
TXN-4996c5a4,C360-100143,Life Insurance,2025-07-01,2026-07-01,653,Active,0
TXN-cfd7b101,C360-100143,Motor Insurance,2021-07-02,2022-07-02,411,Expired,0
TXN-d88dd6df,C360-100143,Motor Insurance,2022-07-02,2023-07-02,423,Expired,0
TXN-90d95be1,C360-100143,Motor Insurance,2023-07-02,2024-07-01,431,Expired,0
TXN-a1f82e1a,C360-100143,Motor Insurance,2024-07-01,2025-07-01,558,Expired,0
TXN-f77687fc,C360-100143,Motor Insurance,2025-07-01,2026-07-01,555,Active,1
TXN-6ce43c35,C360-100143,Accidental Insurance,2021-07-02,2022-07-02,1206,Expired,1
TXN-c02370c6,C360-100143,Accidental Insurance,2022-07-02,2023-07-02,1253,Expired,0
TXN-0fc68433,C360-100143,Accidental Insurance,2023-07-02,2024-07-01,1298,Expired,2
TXN-4df6081c,C360-100143,Accidental Insurance,2024-07-01,2025-07-01,1269,Expired,0
TXN-4f943a3b,C360-100143,Accidental Insurance,2025-07-01,2026-07-01,1342,Active,0
TXN-168ff533,C360-100144,Motor Insurance,2021-07-02,2022-07-02,777,Expired,0
TXN-4b8cbc02,C360-100144,Motor Insurance,2022-07-02,2023-07-02,816,Expired,0
TXN-1b04770e,C360-100144,Motor Insurance,2023-07-02,2024-07-01,819,Expired,0
TXN-8d96963c,C360-100144,Motor Insurance,2024-07-01,2025-07-01,840,Expired,0
TXN-1085d799,C360-100144,Motor Insurance,2025-07-01,2026-07-01,861,Active,0
TXN-d62ec435,C360-100144,Life Insurance,2021-07-02,2022-07-02,1435,Expired,0
TXN-d539d2fa,C360-100144,Life Insurance,2022-07-02,2023-07-02,1451,Expired,0
TXN-37dcb773,C360-100144,Life Insurance,2023-07-02,2024-07-01,1517,Expired,0
TXN-d42700c2,C360-100144,Life Insurance,2024-07-01,2025-07-01,1531,Expired,1
TXN-798b432e,C360-100144,Life Insurance,2025-07-01,2026-07-01,1587,Active,0
TXN-3322902d,C360-100146,Motor Insurance,2021-07-02,2022-07-02,1480,Expired,1
TXN-ba8d9ef6,C360-100146,Life Insurance,2021-07-02,2022-07-02,528,Expired,1
TXN-9a4f6daf,C360-100146,Life Insurance,2022-07-02,2023-07-02,566,Expired,0
TXN-d1e0c8ec,C360-100147,Life Insurance,2021-07-02,2022-07-02,557,Expired,0
TXN-82651cf8,C360-100147,Life Insurance,2022-07-02,2023-07-02,576,Expired,0
TXN-1163bd9a,C360-100147,Life Insurance,2023-07-02,2024-07-01,623,Expired,0
TXN-13ae01b5,C360-100147,Life Insurance,2024-07-01,2025-07-01,650,Expired,0
TXN-813badce,C360-100147,Life Insurance,2025-07-01,2026-07-01,689,Active,0
TXN-b98e3e00,C360-100147,Accidental Insurance,2021-07-02,2022-07-02,1416,Expired,0
TXN-4435f9b0,C360-100147,Accidental Insurance,2022-07-02,2023-07-02,1462,Expired,0
TXN-1bccc039,C360-100147,Accidental Insurance,2023-07-02,2024-07-01,1470,Expired,0
TXN-f8a9ce86,C360-100147,Accidental Insurance,2024-07-01,2025-07-01,1533,Expired,0
TXN-c6067dcf,C360-100147,Accidental Insurance,2025-07-01,2026-07-01,1456,Active,1
TXN-a4374ae8,C360-100148,Health Insurance,2021-07-02,2022-07-02,1478,Expired,0
TXN-671efbc0,C360-100148,Health Insurance,2022-07-02,2023-07-02,1501,Expired,0
TXN-a1bbef96,C360-100148,Health Insurance,2023-07-02,2024-07-01,1512,Expired,0
TXN-d076e6d5,C360-100148,Health Insurance,2024-07-01,2025-07-01,1601,Expired,0
TXN-c283da60,C360-100148,Health Insurance,2025-07-01,2026-07-01,1602,Active,0
TXN-a84adf1d,C360-100148,Life Insurance,2021-07-02,2022-07-02,1164,Expired,0
TXN-95095d17,C360-100148,Life Insurance,2022-07-02,2023-07-02,1183,Expired,0
TXN-f6f5c489,C360-100148,Life Insurance,2023-07-02,2024-07-01,1224,Expired,0
TXN-d62fa4e6,C360-100148,Life Insurance,2024-07-01,2025-07-01,1266,Expired,0
TXN-56fc449c,C360-100148,Life Insurance,2025-07-01,2026-07-01,1344,Active,0
TXN-4a204b7a,C360-100148,Motor Insurance,2021-07-02,2022-07-02,447,Expired,0
TXN-1f4b632a,C360-100148,Motor Insurance,2022-07-02,2023-07-02,493,Expired,0
TXN-d1dbaa39,C360-100148,Motor Insurance,2023-07-02,2024-07-01,485,Expired,0
TXN-4bc9ff72,C360-100148,Motor Insurance,2024-07-01,2025-07-01,531,Expired,0
TXN-31bda8de,C360-100148,Motor Insurance,2025-07-01,2026-07-01,559,Active,0
TXN-84621cb0,C360-100148,Accidental Insurance,2021-07-02,2022-07-02,1289,Expired,0
TXN-cd7c97ea,C360-100148,Accidental Insurance,2022-07-02,2023-07-02,1302,Expired,0
TXN-e1fdcc9f,C360-100148,Accidental Insurance,2023-07-02,2024-07-01,1345,Expired,0
TXN-bac897df,C360-100148,Accidental Insurance,2024-07-01,2025-07-01,1421,Expired,0
TXN-219c2d15,C360-100148,Accidental Insurance,2025-07-01,2026-07-01,1369,Active,1
TXN-e6b455d5,C360-100149,Life Insurance,2021-07-02,2022-07-02,1287,Expired,0
TXN-6b85c6ce,C360-100149,Life Insurance,2022-07-02,2023-07-02,1335,Expired,0
TXN-8a0bbaf5,C360-100150,Health Insurance,2021-07-02,2022-07-02,837,Expired,2
TXN-9af41433,C360-100150,Health Insurance,2022-07-02,2023-07-02,873,Expired,0
TXN-56ae6d2c,C360-100150,Health Insurance,2023-07-02,2024-07-01,929,Expired,0
TXN-f076dcb2,C360-100150,Life Insurance,2021-07-02,2022-07-02,1110,Expired,1
TXN-75fcae76,C360-100150,Life Insurance,2022-07-02,2023-07-02,1133,Expired,0
TXN-9a0d8833,C360-100150,Life Insurance,2023-07-02,2024-07-01,1164,Expired,0
TXN-94b9e291,C360-100150,Life Insurance,2024-07-01,2025-07-01,1149,Expired,1
TXN-86fce0a2,C360-100150,Life Insurance,2025-07-01,2026-07-01,1242,Active,0
TXN-cd8288f1,C360-100150,Motor Insurance,2021-07-02,2022-07-02,1421,Expired,0
TXN-ddad952d,C360-100150,Accidental Insurance,2021-07-02,2022-07-02,1347,Expired,1
TXN-cbfc66f0,C360-100150,Accidental Insurance,2022-07-02,2023-07-02,1389,Expired,0
TXN-2e2a7f5c,C360-100150,Accidental Insurance,2023-07-02,2024-07-01,1421,Expired,0
TXN-6e503e22,C360-100150,Accidental Insurance,2024-07-01,2025-07-01,1380,Expired,1
TXN-8e330990,C360-100150,Accidental Insurance,2025-07-01,2026-07-01,1455,Active,0
TXN-5f4f1bf5,C360-100151,Accidental Insurance,2021-07-02,2022-07-02,1304,Expired,0
TXN-826c40d1,C360-100151,Accidental Insurance,2022-07-02,2023-07-02,1318,Expired,0
TXN-bd53c71e,C360-100151,Accidental Insurance,2023-07-02,2024-07-01,1358,Expired,0
TXN-1165a6f2,C360-100151,Accidental Insurance,2024-07-01,2025-07-01,1415,Expired,0
TXN-4afd8873,C360-100151,Accidental Insurance,2025-07-01,2026-07-01,1372,Active,1
TXN-8a083468,C360-100152,Life Insurance,2021-07-02,2022-07-02,1037,Expired,0
TXN-450d9443,C360-100152,Life Insurance,2022-07-02,2023-07-02,1073,Expired,0
TXN-c8a8ccd4,C360-100152,Life Insurance,2023-07-02,2024-07-01,1059,Expired,0
TXN-d093d5ea,C360-100152,Life Insurance,2024-07-01,2025-07-01,1073,Expired,0
TXN-923e8026,C360-100152,Life Insurance,2025-07-01,2026-07-01,1225,Active,0
TXN-ad0475fa,C360-100152,Motor Insurance,2021-07-02,2022-07-02,572,Expired,0
TXN-c928c101,C360-100152,Motor Insurance,2022-07-02,2023-07-02,606,Expired,0
TXN-5de2ff65,C360-100152,Motor Insurance,2023-07-02,2024-07-01,604,Expired,0
TXN-96213025,C360-100152,Motor Insurance,2024-07-01,2025-07-01,716,Expired,0
TXN-a4a81fac,C360-100152,Motor Insurance,2025-07-01,2026-07-01,632,Active,0
TXN-2c622127,C360-100153,Motor Insurance,2021-07-02,2022-07-02,1043,Expired,1
TXN-ded6b700,C360-100154,Life Insurance,2021-07-02,2022-07-02,348,Expired,0
TXN-518b372a,C360-100154,Life Insurance,2022-07-02,2023-07-02,384,Expired,0
TXN-7839dfc0,C360-100154,Life Insurance,2023-07-02,2024-07-01,394,Expired,0
TXN-d97bad88,C360-100154,Life Insurance,2024-07-01,2025-07-01,453,Expired,2
TXN-3c68f019,C360-100154,Life Insurance,2025-07-01,2026-07-01,420,Active,0
TXN-5694f6c4,C360-100154,Motor Insurance,2021-07-02,2022-07-02,1458,Expired,0
TXN-21b62a07,C360-100154,Motor Insurance,2022-07-02,2023-07-02,1472,Expired,0
TXN-e1400635,C360-100154,Motor Insurance,2023-07-02,2024-07-01,1494,Expired,0
TXN-974c8a90,C360-100154,Motor Insurance,2024-07-01,2025-07-01,1557,Expired,1
TXN-b28f5236,C360-100154,Motor Insurance,2025-07-01,2026-07-01,1578,Active,0
TXN-140b3b70,C360-100155,Motor Insurance,2021-07-02,2022-07-02,1034,Expired,0
TXN-5ab4993e,C360-100155,Motor Insurance,2022-07-02,2023-07-02,1083,Expired,1
TXN-feb9aa20,C360-100155,Motor Insurance,2023-07-02,2024-07-01,1082,Expired,2
TXN-07461c82,C360-100155,Motor Insurance,2024-07-01,2025-07-01,1124,Expired,0
TXN-2214094f,C360-100155,Motor Insurance,2025-07-01,2026-07-01,1102,Active,0
TXN-744c7091,C360-100155,Accidental Insurance,2021-07-02,2022-07-02,1476,Expired,0
TXN-7c7a9a8a,C360-100155,Accidental Insurance,2022-07-02,2023-07-02,1519,Expired,0
TXN-7eab5a01,C360-100155,Accidental Insurance,2023-07-02,2024-07-01,1516,Expired,1
TXN-adfc3726,C360-100155,Accidental Insurance,2024-07-01,2025-07-01,1542,Expired,0
TXN-478391e7,C360-100155,Accidental Insurance,2025-07-01,2026-07-01,1588,Active,0
TXN-594b14b9,C360-100156,Life Insurance,2021-07-02,2022-07-02,1200,Expired,0
TXN-bb6d546f,C360-100156,Life Insurance,2022-07-02,2023-07-02,1211,Expired,1
TXN-0ef12c74,C360-100156,Life Insurance,2023-07-02,2024-07-01,1300,Expired,1
TXN-c8d69094,C360-100156,Life Insurance,2024-07-01,2025-07-01,1263,Expired,0
TXN-5b52aa73,C360-100156,Life Insurance,2025-07-01,2026-07-01,1264,Cancelled,0
TXN-292bd394,C360-100156,Motor Insurance,2021-07-02,2022-07-02,605,Expired,0
TXN-282f51fe,C360-100156,Motor Insurance,2022-07-02,2023-07-02,642,Expired,0
TXN-4d01ecc3,C360-100156,Motor Insurance,2023-07-02,2024-07-01,675,Expired,0
TXN-4d4cc0f7,C360-100156,Motor Insurance,2024-07-01,2025-07-01,659,Expired,0
TXN-c8395fa5,C360-100156,Motor Insurance,2025-07-01,2026-07-01,713,Cancelled,0
TXN-68d3c14c,C360-100156,Accidental Insurance,2021-07-02,2022-07-02,684,Expired,1
TXN-ec38b047,C360-100157,Life Insurance,2021-07-02,2022-07-02,534,Expired,0
TXN-9e8b3ce1,C360-100157,Life Insurance,2022-07-02,2023-07-02,558,Expired,0
TXN-cd79c6f3,C360-100157,Life Insurance,2023-07-02,2024-07-01,560,Expired,0
TXN-e96ce117,C360-100157,Life Insurance,2024-07-01,2025-07-01,594,Expired,0
TXN-72ccb2be,C360-100157,Life Insurance,2025-07-01,2026-07-01,698,Active,0
TXN-dd370700,C360-100158,Health Insurance,2021-07-02,2022-07-02,1191,Expired,0
TXN-b0c2f575,C360-100158,Health Insurance,2022-07-02,2023-07-02,1216,Expired,0
TXN-1844d77f,C360-100158,Health Insurance,2023-07-02,2024-07-01,1265,Expired,0
TXN-55ff3d98,C360-100158,Health Insurance,2024-07-01,2025-07-01,1266,Expired,0
TXN-c41e4d8f,C360-100158,Health Insurance,2025-07-01,2026-07-01,1311,Active,1
TXN-9160d3db,C360-100158,Life Insurance,2021-07-02,2022-07-02,450,Expired,0
TXN-6ab931ed,C360-100158,Life Insurance,2022-07-02,2023-07-02,500,Expired,0
TXN-111699dd,C360-100158,Life Insurance,2023-07-02,2024-07-01,480,Expired,0
TXN-dadd7932,C360-100158,Life Insurance,2024-07-01,2025-07-01,534,Expired,0
TXN-2bc3d91a,C360-100158,Life Insurance,2025-07-01,2026-07-01,554,Active,1
TXN-d0d6e11d,C360-100158,Motor Insurance,2021-07-02,2022-07-02,329,Expired,0
TXN-3e987278,C360-100158,Motor Insurance,2022-07-02,2023-07-02,367,Expired,0
TXN-5b499a94,C360-100158,Motor Insurance,2023-07-02,2024-07-01,417,Expired,0
TXN-b098936d,C360-100158,Motor Insurance,2024-07-01,2025-07-01,425,Expired,0
TXN-9c42f743,C360-100158,Motor Insurance,2025-07-01,2026-07-01,409,Active,2
TXN-cbae6dc7,C360-100158,Accidental Insurance,2021-07-02,2022-07-02,1353,Expired,0
TXN-65f384d4,C360-100158,Accidental Insurance,2022-07-02,2023-07-02,1390,Expired,0
TXN-1850dc10,C360-100158,Accidental Insurance,2023-07-02,2024-07-01,1447,Expired,0
TXN-ea1108d7,C360-100158,Accidental Insurance,2024-07-01,2025-07-01,1473,Expired,0
TXN-cedd153f,C360-100158,Accidental Insurance,2025-07-01,2026-07-01,1393,Active,0
TXN-f9004953,C360-100159,Health Insurance,2021-07-02,2022-07-02,875,Expired,0
TXN-9342de59,C360-100159,Health Insurance,2022-07-02,2023-07-02,887,Expired,0
TXN-6ab0854c,C360-100159,Health Insurance,2023-07-02,2024-07-01,957,Expired,0
TXN-9c08db66,C360-100159,Health Insurance,2024-07-01,2025-07-01,947,Expired,0
TXN-a493343c,C360-100159,Health Insurance,2025-07-01,2026-07-01,1007,Active,0
TXN-62cf82b0,C360-100159,Life Insurance,2021-07-02,2022-07-02,1479,Expired,0
TXN-9fe9aa35,C360-100159,Life Insurance,2022-07-02,2023-07-02,1499,Expired,0
TXN-a3a2ff8e,C360-100159,Life Insurance,2023-07-02,2024-07-01,1499,Expired,0
TXN-4bcc48c6,C360-100159,Life Insurance,2024-07-01,2025-07-01,1578,Expired,0
TXN-324cbcec,C360-100159,Life Insurance,2025-07-01,2026-07-01,1647,Active,1
TXN-d47c1cb2,C360-100159,Motor Insurance,2021-07-02,2022-07-02,1292,Expired,0
TXN-8a18fdee,C360-100159,Motor Insurance,2022-07-02,2023-07-02,1318,Expired,0
TXN-8425bf41,C360-100159,Motor Insurance,2023-07-02,2024-07-01,1392,Expired,0
TXN-7d3f29c4,C360-100159,Motor Insurance,2024-07-01,2025-07-01,1442,Expired,1
TXN-027ab8e2,C360-100159,Motor Insurance,2025-07-01,2026-07-01,1488,Active,0
TXN-3b433394,C360-100159,Accidental Insurance,2021-07-02,2022-07-02,1427,Expired,0
TXN-d1c52fa1,C360-100159,Accidental Insurance,2022-07-02,2023-07-02,1462,Expired,0
TXN-da35801c,C360-100159,Accidental Insurance,2023-07-02,2024-07-01,1475,Expired,0
TXN-10ced482,C360-100159,Accidental Insurance,2024-07-01,2025-07-01,1499,Expired,0
TXN-0869c731,C360-100159,Accidental Insurance,2025-07-01,2026-07-01,1547,Active,1
TXN-e5aa9dd0,C360-100160,Health Insurance,2021-07-02,2022-07-02,584,Expired,2
TXN-3535f824,C360-100160,Health Insurance,2022-07-02,2023-07-02,609,Expired,0
TXN-7b96c992,C360-100160,Health Insurance,2023-07-02,2024-07-01,640,Expired,0
TXN-f20d7c74,C360-100160,Health Insurance,2024-07-01,2025-07-01,680,Expired,0
TXN-4c7c8439,C360-100160,Health Insurance,2025-07-01,2026-07-01,660,Active,0
TXN-1e0eecc6,C360-100160,Life Insurance,2021-07-02,2022-07-02,611,Expired,0
TXN-807e5454,C360-100160,Life Insurance,2022-07-02,2023-07-02,622,Expired,0
TXN-1e576413,C360-100160,Life Insurance,2023-07-02,2024-07-01,679,Expired,0
TXN-3bfdc30c,C360-100160,Life Insurance,2024-07-01,2025-07-01,692,Expired,0
TXN-4fa2e60b,C360-100160,Life Insurance,2025-07-01,2026-07-01,803,Active,1
TXN-100a4282,C360-100160,Motor Insurance,2021-07-02,2022-07-02,1256,Expired,0
TXN-0d952836,C360-100160,Motor Insurance,2022-07-02,2023-07-02,1282,Expired,0
TXN-3b96ea1b,C360-100160,Motor Insurance,2023-07-02,2024-07-01,1324,Expired,0
TXN-8f02df5a,C360-100160,Motor Insurance,2024-07-01,2025-07-01,1403,Expired,1
TXN-eb58b3d5,C360-100160,Motor Insurance,2025-07-01,2026-07-01,1396,Active,0
TXN-75e06fe3,C360-100160,Accidental Insurance,2021-07-02,2022-07-02,593,Expired,0
TXN-abebb853,C360-100160,Accidental Insurance,2022-07-02,2023-07-02,641,Expired,0
TXN-d815eedc,C360-100160,Accidental Insurance,2023-07-02,2024-07-01,693,Expired,0
TXN-cb43f0f8,C360-100160,Accidental Insurance,2024-07-01,2025-07-01,737,Expired,0
TXN-94b1a106,C360-100160,Accidental Insurance,2025-07-01,2026-07-01,737,Active,0
TXN-361659a4,C360-100161,Health Insurance,2021-07-02,2022-07-02,677,Expired,0
TXN-ac207f4f,C360-100161,Health Insurance,2022-07-02,2023-07-02,688,Expired,0
TXN-adf3b70a,C360-100161,Health Insurance,2023-07-02,2024-07-01,749,Expired,2
TXN-31790b79,C360-100161,Health Insurance,2024-07-01,2025-07-01,731,Expired,0
TXN-61791602,C360-100161,Health Insurance,2025-07-01,2026-07-01,797,Active,1
TXN-93da4bb7,C360-100161,Life Insurance,2021-07-02,2022-07-02,576,Expired,0
TXN-8a35f937,C360-100161,Life Insurance,2022-07-02,2023-07-02,622,Expired,0
TXN-47e0045b,C360-100161,Life Insurance,2023-07-02,2024-07-01,654,Expired,0
TXN-a4b1c0f4,C360-100161,Life Insurance,2024-07-01,2025-07-01,720,Expired,0
TXN-9f40fdfa,C360-100161,Life Insurance,2025-07-01,2026-07-01,764,Cancelled,0
TXN-ec2577c3,C360-100161,Accidental Insurance,2021-07-02,2022-07-02,765,Expired,0
TXN-f59e64d1,C360-100161,Accidental Insurance,2022-07-02,2023-07-02,782,Expired,0
TXN-260e245d,C360-100161,Accidental Insurance,2023-07-02,2024-07-01,817,Expired,0
TXN-59e9fc5d,C360-100161,Accidental Insurance,2024-07-01,2025-07-01,864,Expired,2
TXN-c32fa2cb,C360-100161,Accidental Insurance,2025-07-01,2026-07-01,841,Active,0
TXN-367be604,C360-100162,Life Insurance,2021-07-02,2022-07-02,1277,Expired,0
TXN-47857e02,C360-100162,Life Insurance,2022-07-02,2023-07-02,1326,Expired,0
TXN-d15dacb9,C360-100162,Life Insurance,2023-07-02,2024-07-01,1357,Expired,0
TXN-524b27b1,C360-100162,Life Insurance,2024-07-01,2025-07-01,1331,Expired,0
TXN-f41338f8,C360-100162,Life Insurance,2025-07-01,2026-07-01,1389,Active,1
TXN-bfc7a9a6,C360-100162,Health Insurance,2021-07-02,2022-07-02,1485,Expired,0
TXN-a32f6b39,C360-100162,Health Insurance,2022-07-02,2023-07-02,1527,Expired,1
TXN-754aa8c0,C360-100162,Health Insurance,2023-07-02,2024-07-01,1575,Expired,0
TXN-a2ce0b36,C360-100162,Health Insurance,2024-07-01,2025-07-01,1518,Expired,0
TXN-817f0c86,C360-100162,Health Insurance,2025-07-01,2026-07-01,1625,Active,0
TXN-faa245f6,C360-100163,Health Insurance,2021-07-02,2022-07-02,1465,Expired,0
TXN-e0d23180,C360-100163,Health Insurance,2022-07-02,2023-07-02,1510,Expired,0
TXN-b5876834,C360-100163,Health Insurance,2023-07-02,2024-07-01,1501,Expired,1
TXN-cb45df0b,C360-100163,Health Insurance,2024-07-01,2025-07-01,1513,Expired,0
TXN-39cd0b6a,C360-100163,Health Insurance,2025-07-01,2026-07-01,1513,Cancelled,0
TXN-a50e6009,C360-100163,Life Insurance,2021-07-02,2022-07-02,1249,Expired,0
TXN-dbed4a28,C360-100163,Life Insurance,2022-07-02,2023-07-02,1262,Expired,0
TXN-44af4835,C360-100163,Motor Insurance,2021-07-02,2022-07-02,1108,Expired,0
TXN-b11c5eee,C360-100163,Motor Insurance,2022-07-02,2023-07-02,1120,Expired,0
TXN-9fbe64ab,C360-100163,Motor Insurance,2023-07-02,2024-07-01,1166,Expired,0
TXN-8ebb3c10,C360-100163,Accidental Insurance,2021-07-02,2022-07-02,911,Expired,0
TXN-73f2ce84,C360-100164,Accidental Insurance,2021-07-02,2022-07-02,620,Expired,0
TXN-021aefc4,C360-100164,Accidental Insurance,2022-07-02,2023-07-02,635,Expired,0
TXN-801f0b27,C360-100164,Accidental Insurance,2023-07-02,2024-07-01,660,Expired,0
TXN-b6bbe8c3,C360-100164,Accidental Insurance,2024-07-01,2025-07-01,734,Expired,0
TXN-12eac964,C360-100164,Accidental Insurance,2025-07-01,2026-07-01,684,Active,0
TXN-0071d782,C360-100165,Motor Insurance,2021-07-02,2022-07-02,1409,Expired,1
TXN-6ac15b64,C360-100165,Motor Insurance,2022-07-02,2023-07-02,1433,Expired,1
TXN-c6c8d282,C360-100165,Motor Insurance,2023-07-02,2024-07-01,1441,Expired,1
TXN-3e55b5dd,C360-100165,Motor Insurance,2024-07-01,2025-07-01,1469,Expired,2
TXN-69956e9b,C360-100165,Motor Insurance,2025-07-01,2026-07-01,1461,Active,0
TXN-4c2190d0,C360-100165,Accidental Insurance,2021-07-02,2022-07-02,1095,Expired,0
TXN-77cd86ae,C360-100165,Accidental Insurance,2022-07-02,2023-07-02,1110,Expired,0
TXN-5601a36e,C360-100165,Accidental Insurance,2023-07-02,2024-07-01,1117,Expired,1
TXN-7d0fb775,C360-100165,Accidental Insurance,2024-07-01,2025-07-01,1176,Expired,0
TXN-3b902090,C360-100165,Accidental Insurance,2025-07-01,2026-07-01,1259,Active,0
TXN-50c54fa5,C360-100166,Health Insurance,2021-07-02,2022-07-02,903,Expired,0
TXN-18d5c447,C360-100166,Health Insurance,2022-07-02,2023-07-02,937,Expired,0
TXN-165a202e,C360-100166,Health Insurance,2023-07-02,2024-07-01,977,Expired,0
TXN-540c7d26,C360-100166,Health Insurance,2024-07-01,2025-07-01,942,Expired,0
TXN-5fcedb45,C360-100166,Health Insurance,2025-07-01,2026-07-01,1019,Active,0
TXN-3af86a56,C360-100166,Life Insurance,2021-07-02,2022-07-02,1048,Expired,0
TXN-2e3e70ee,C360-100166,Life Insurance,2022-07-02,2023-07-02,1074,Expired,1
TXN-9ddc9852,C360-100166,Life Insurance,2023-07-02,2024-07-01,1138,Expired,0
TXN-45cecf60,C360-100166,Life Insurance,2024-07-01,2025-07-01,1117,Expired,0
TXN-ac009e61,C360-100166,Life Insurance,2025-07-01,2026-07-01,1232,Active,0
TXN-6707b9e3,C360-100166,Motor Insurance,2021-07-02,2022-07-02,1208,Expired,0
TXN-3c6f0faa,C360-100166,Motor Insurance,2022-07-02,2023-07-02,1243,Expired,0
TXN-3cfe3a7d,C360-100166,Motor Insurance,2023-07-02,2024-07-01,1288,Expired,0
TXN-db6383ea,C360-100166,Motor Insurance,2024-07-01,2025-07-01,1286,Expired,0
TXN-bf44ef75,C360-100166,Motor Insurance,2025-07-01,2026-07-01,1360,Active,0
TXN-d56a4fd7,C360-100166,Accidental Insurance,2021-07-02,2022-07-02,1113,Expired,0
TXN-8dbbacb0,C360-100166,Accidental Insurance,2022-07-02,2023-07-02,1127,Expired,1
TXN-37800b4e,C360-100166,Accidental Insurance,2023-07-02,2024-07-01,1143,Expired,0
TXN-b228cb6c,C360-100166,Accidental Insurance,2024-07-01,2025-07-01,1188,Expired,1
TXN-1433dcfa,C360-100166,Accidental Insurance,2025-07-01,2026-07-01,1157,Active,0
TXN-7073802b,C360-100167,Health Insurance,2021-07-02,2022-07-02,500,Expired,0
TXN-e3d78893,C360-100167,Health Insurance,2022-07-02,2023-07-02,550,Expired,0
TXN-f47c4f97,C360-100167,Health Insurance,2023-07-02,2024-07-01,600,Expired,2
TXN-afaf10b5,C360-100167,Life Insurance,2021-07-02,2022-07-02,1218,Expired,1
TXN-613c2d85,C360-100167,Life Insurance,2022-07-02,2023-07-02,1235,Expired,1
TXN-a936d643,C360-100167,Life Insurance,2023-07-02,2024-07-01,1250,Expired,0
TXN-9a0c3899,C360-100167,Life Insurance,2024-07-01,2025-07-01,1290,Expired,0
TXN-df2f7698,C360-100167,Life Insurance,2025-07-01,2026-07-01,1386,Active,0
TXN-62278b2a,C360-100167,Motor Insurance,2021-07-02,2022-07-02,701,Expired,0
TXN-d000a4a3,C360-100167,Motor Insurance,2022-07-02,2023-07-02,744,Expired,0
TXN-de33bcdd,C360-100167,Motor Insurance,2023-07-02,2024-07-01,775,Expired,0
TXN-7571248d,C360-100167,Motor Insurance,2024-07-01,2025-07-01,752,Expired,1
TXN-b7c950c7,C360-100167,Motor Insurance,2025-07-01,2026-07-01,841,Cancelled,0
TXN-c0fd3d29,C360-100167,Accidental Insurance,2021-07-02,2022-07-02,755,Expired,1
TXN-6f67cdd4,C360-100168,Accidental Insurance,2021-07-02,2022-07-02,603,Expired,0
TXN-2bc34ffa,C360-100168,Accidental Insurance,2022-07-02,2023-07-02,635,Expired,0
TXN-1c2affa9,C360-100168,Accidental Insurance,2023-07-02,2024-07-01,687,Expired,0
TXN-0ea64f67,C360-100168,Accidental Insurance,2024-07-01,2025-07-01,696,Expired,0
TXN-3548b570,C360-100168,Accidental Insurance,2025-07-01,2026-07-01,795,Active,0
TXN-5a2cb1aa,C360-100168,Health Insurance,2021-07-02,2022-07-02,718,Expired,0
TXN-f74f02f0,C360-100168,Health Insurance,2022-07-02,2023-07-02,731,Expired,0
TXN-fb76d0e5,C360-100168,Health Insurance,2023-07-02,2024-07-01,818,Expired,0
TXN-d3297ad2,C360-100168,Health Insurance,2024-07-01,2025-07-01,802,Expired,0
TXN-8f1fb589,C360-100168,Health Insurance,2025-07-01,2026-07-01,874,Active,0
TXN-9253bb3f,C360-100169,Motor Insurance,2021-07-02,2022-07-02,1336,Expired,0
TXN-126c1a0a,C360-100169,Motor Insurance,2022-07-02,2023-07-02,1380,Expired,0
TXN-d5f20fe6,C360-100169,Motor Insurance,2023-07-02,2024-07-01,1400,Expired,1
TXN-41ce22de,C360-100169,Motor Insurance,2024-07-01,2025-07-01,1432,Expired,0
TXN-a27d5c9c,C360-100169,Motor Insurance,2025-07-01,2026-07-01,1452,Active,0
TXN-6b9296b1,C360-100169,Accidental Insurance,2021-07-02,2022-07-02,1293,Expired,1
TXN-3b9e451b,C360-100169,Accidental Insurance,2022-07-02,2023-07-02,1303,Expired,0
TXN-18e5c6d9,C360-100169,Accidental Insurance,2023-07-02,2024-07-01,1361,Expired,0
TXN-ec91251a,C360-100169,Accidental Insurance,2024-07-01,2025-07-01,1413,Expired,0
TXN-09c3fc21,C360-100169,Accidental Insurance,2025-07-01,2026-07-01,1401,Active,0
TXN-74c681eb,C360-100170,Health Insurance,2021-07-02,2022-07-02,471,Expired,0
TXN-2a9f72ac,C360-100170,Health Insurance,2022-07-02,2023-07-02,517,Expired,0
TXN-2307bb85,C360-100170,Health Insurance,2023-07-02,2024-07-01,501,Expired,0
TXN-8a0d26f5,C360-100170,Health Insurance,2024-07-01,2025-07-01,621,Expired,0
TXN-aa107b51,C360-100170,Health Insurance,2025-07-01,2026-07-01,595,Active,0
TXN-fcfa19f4,C360-100170,Accidental Insurance,2021-07-02,2022-07-02,1197,Expired,1
TXN-a758e708,C360-100170,Accidental Insurance,2022-07-02,2023-07-02,1235,Expired,0
TXN-92716226,C360-100170,Accidental Insurance,2023-07-02,2024-07-01,1253,Expired,0
TXN-677983ca,C360-100170,Accidental Insurance,2024-07-01,2025-07-01,1341,Expired,0
TXN-c7d7ef4c,C360-100170,Accidental Insurance,2025-07-01,2026-07-01,1265,Active,0
TXN-0fe928d5,C360-100171,Motor Insurance,2021-07-02,2022-07-02,1029,Expired,0
TXN-d070a62d,C360-100171,Motor Insurance,2022-07-02,2023-07-02,1063,Expired,0
TXN-0bc4610e,C360-100171,Motor Insurance,2023-07-02,2024-07-01,1093,Expired,0
TXN-41cdbb06,C360-100171,Motor Insurance,2024-07-01,2025-07-01,1125,Expired,0
TXN-a82d1827,C360-100171,Motor Insurance,2025-07-01,2026-07-01,1193,Active,0
TXN-0cdb55fd,C360-100172,Health Insurance,2021-07-02,2022-07-02,385,Expired,0
TXN-ae451906,C360-100172,Health Insurance,2022-07-02,2023-07-02,424,Expired,1
TXN-3c900083,C360-100172,Health Insurance,2023-07-02,2024-07-01,463,Expired,0
TXN-89ccf4c0,C360-100172,Health Insurance,2024-07-01,2025-07-01,433,Expired,0
TXN-693e9194,C360-100172,Health Insurance,2025-07-01,2026-07-01,425,Active,0
TXN-71e04942,C360-100172,Motor Insurance,2021-07-02,2022-07-02,970,Expired,0
TXN-6bcd501b,C360-100172,Motor Insurance,2022-07-02,2023-07-02,981,Expired,0
TXN-151b26d8,C360-100172,Motor Insurance,2023-07-02,2024-07-01,1048,Expired,0
TXN-c986af44,C360-100172,Motor Insurance,2024-07-01,2025-07-01,1081,Expired,0
TXN-fffa2123,C360-100172,Motor Insurance,2025-07-01,2026-07-01,1078,Active,0
TXN-3c3243ed,C360-100173,Accidental Insurance,2021-07-02,2022-07-02,322,Expired,0
TXN-55ee8e42,C360-100173,Accidental Insurance,2022-07-02,2023-07-02,361,Expired,0
TXN-9b99f95f,C360-100173,Accidental Insurance,2023-07-02,2024-07-01,350,Expired,0
TXN-63524198,C360-100173,Accidental Insurance,2024-07-01,2025-07-01,451,Expired,0
TXN-d49f6a63,C360-100173,Accidental Insurance,2025-07-01,2026-07-01,394,Active,0
TXN-b822034c,C360-100173,Life Insurance,2021-07-02,2022-07-02,791,Expired,0
TXN-0fd5ab7d,C360-100173,Life Insurance,2022-07-02,2023-07-02,835,Expired,0
TXN-aebd9667,C360-100173,Life Insurance,2023-07-02,2024-07-01,825,Expired,0
TXN-8d1ad312,C360-100173,Life Insurance,2024-07-01,2025-07-01,854,Expired,0
TXN-2d9d7050,C360-100173,Life Insurance,2025-07-01,2026-07-01,927,Active,1
TXN-aaf75459,C360-100174,Motor Insurance,2021-07-02,2022-07-02,1413,Expired,0
TXN-6f1f050d,C360-100175,Accidental Insurance,2021-07-02,2022-07-02,1384,Expired,0
TXN-4621be96,C360-100175,Accidental Insurance,2022-07-02,2023-07-02,1402,Expired,0
TXN-16d55754,C360-100175,Accidental Insurance,2023-07-02,2024-07-01,1456,Expired,0
TXN-28b7684f,C360-100175,Accidental Insurance,2024-07-01,2025-07-01,1507,Expired,0
TXN-05e10720,C360-100175,Accidental Insurance,2025-07-01,2026-07-01,1532,Cancelled,1
TXN-925c5c06,C360-100175,Health Insurance,2021-07-02,2022-07-02,1489,Expired,2
TXN-69c52adf,C360-100175,Health Insurance,2022-07-02,2023-07-02,1514,Expired,1
TXN-284e42ef,C360-100176,Health Insurance,2021-07-02,2022-07-02,1488,Expired,0
TXN-b2094758,C360-100176,Health Insurance,2022-07-02,2023-07-02,1504,Expired,0
TXN-63e4ec91,C360-100176,Health Insurance,2023-07-02,2024-07-01,1536,Expired,0
TXN-d79322f9,C360-100176,Health Insurance,2024-07-01,2025-07-01,1596,Expired,1
TXN-44d705af,C360-100176,Health Insurance,2025-07-01,2026-07-01,1632,Active,0
TXN-f08d4fe7,C360-100176,Life Insurance,2021-07-02,2022-07-02,832,Expired,0
TXN-519df2c6,C360-100176,Life Insurance,2022-07-02,2023-07-02,845,Expired,0
TXN-438a9cdb,C360-100176,Life Insurance,2023-07-02,2024-07-01,880,Expired,0
TXN-1d1544fd,C360-100176,Life Insurance,2024-07-01,2025-07-01,871,Expired,0
TXN-f3457eaf,C360-100176,Life Insurance,2025-07-01,2026-07-01,984,Active,0
TXN-e57a72a6,C360-100176,Motor Insurance,2021-07-02,2022-07-02,623,Expired,0
TXN-c749db98,C360-100176,Motor Insurance,2022-07-02,2023-07-02,635,Expired,0
TXN-ea432347,C360-100176,Motor Insurance,2023-07-02,2024-07-01,717,Expired,0
TXN-57aa2975,C360-100176,Motor Insurance,2024-07-01,2025-07-01,701,Expired,1
TXN-25dab8d4,C360-100176,Motor Insurance,2025-07-01,2026-07-01,819,Active,0
TXN-6e9063ff,C360-100176,Accidental Insurance,2021-07-02,2022-07-02,358,Expired,0
TXN-a9be2356,C360-100176,Accidental Insurance,2022-07-02,2023-07-02,400,Expired,0
TXN-08aa1f1d,C360-100176,Accidental Insurance,2023-07-02,2024-07-01,404,Expired,2
TXN-7b8a87c1,C360-100176,Accidental Insurance,2024-07-01,2025-07-01,508,Expired,2
TXN-449aef7e,C360-100176,Accidental Insurance,2025-07-01,2026-07-01,554,Active,0
TXN-1097d88b,C360-100177,Accidental Insurance,2021-07-02,2022-07-02,661,Expired,0
TXN-b24ca9f2,C360-100177,Accidental Insurance,2022-07-02,2023-07-02,671,Expired,0
TXN-334b9a66,C360-100177,Accidental Insurance,2023-07-02,2024-07-01,761,Expired,1
TXN-56000efe,C360-100177,Accidental Insurance,2024-07-01,2025-07-01,784,Expired,0
TXN-bf534843,C360-100177,Accidental Insurance,2025-07-01,2026-07-01,833,Active,0
TXN-7ca0ec6e,C360-100178,Health Insurance,2021-07-02,2022-07-02,568,Expired,0
TXN-e0bc53d1,C360-100178,Health Insurance,2022-07-02,2023-07-02,611,Expired,2
TXN-bd2d85bc,C360-100178,Health Insurance,2023-07-02,2024-07-01,624,Expired,2
TXN-7d33fbbd,C360-100178,Motor Insurance,2021-07-02,2022-07-02,953,Expired,0
TXN-0b0e122e,C360-100178,Motor Insurance,2022-07-02,2023-07-02,994,Expired,0
TXN-ce4d49ab,C360-100178,Motor Insurance,2023-07-02,2024-07-01,1003,Expired,0
TXN-9824b953,C360-100179,Accidental Insurance,2021-07-02,2022-07-02,922,Expired,0
TXN-b6eb19c3,C360-100179,Motor Insurance,2021-07-02,2022-07-02,852,Expired,0
TXN-84862838,C360-100179,Motor Insurance,2022-07-02,2023-07-02,895,Expired,0
TXN-7243f16d,C360-100179,Motor Insurance,2023-07-02,2024-07-01,924,Expired,1
TXN-2e46756b,C360-100179,Motor Insurance,2024-07-01,2025-07-01,948,Expired,0
TXN-afd62152,C360-100179,Motor Insurance,2025-07-01,2026-07-01,992,Cancelled,0
TXN-1087f8ec,C360-100180,Life Insurance,2021-07-02,2022-07-02,1487,Expired,0
TXN-aa406243,C360-100180,Life Insurance,2022-07-02,2023-07-02,1522,Expired,0
TXN-2c22c2fe,C360-100180,Life Insurance,2023-07-02,2024-07-01,1549,Expired,1
TXN-0353f9cd,C360-100180,Life Insurance,2024-07-01,2025-07-01,1580,Expired,0
TXN-f0c58de1,C360-100180,Life Insurance,2025-07-01,2026-07-01,1643,Active,0
TXN-c9dc75fc,C360-100181,Health Insurance,2021-07-02,2022-07-02,516,Expired,1
TXN-6a9cbb7d,C360-100181,Health Insurance,2022-07-02,2023-07-02,556,Expired,0
TXN-6b7c2fe0,C360-100181,Health Insurance,2023-07-02,2024-07-01,566,Expired,0
TXN-b6b07cf9,C360-100181,Health Insurance,2024-07-01,2025-07-01,642,Expired,0
TXN-b605d602,C360-100181,Health Insurance,2025-07-01,2026-07-01,672,Active,2
TXN-f5dfd560,C360-100182,Accidental Insurance,2021-07-02,2022-07-02,1498,Expired,0
TXN-2139ac08,C360-100182,Accidental Insurance,2022-07-02,2023-07-02,1511,Expired,2
TXN-04e19ddf,C360-100182,Accidental Insurance,2023-07-02,2024-07-01,1540,Expired,0
TXN-132ce00d,C360-100182,Motor Insurance,2021-07-02,2022-07-02,427,Expired,0
TXN-055af609,C360-100182,Motor Insurance,2022-07-02,2023-07-02,468,Expired,0
TXN-9d138e81,C360-100182,Motor Insurance,2023-07-02,2024-07-01,485,Expired,2
TXN-c7bd2fd8,C360-100183,Health Insurance,2021-07-02,2022-07-02,1108,Expired,0
TXN-96d6e763,C360-100183,Health Insurance,2022-07-02,2023-07-02,1121,Expired,0
TXN-08047058,C360-100183,Health Insurance,2023-07-02,2024-07-01,1152,Expired,2
TXN-0db3d5c4,C360-100183,Health Insurance,2024-07-01,2025-07-01,1168,Expired,0
TXN-07ff5f11,C360-100183,Health Insurance,2025-07-01,2026-07-01,1300,Cancelled,0
TXN-0ae2f5fa,C360-100183,Life Insurance,2021-07-02,2022-07-02,369,Expired,0
TXN-6bf2f239,C360-100183,Life Insurance,2022-07-02,2023-07-02,398,Expired,0
TXN-47128266,C360-100183,Motor Insurance,2021-07-02,2022-07-02,539,Expired,0
TXN-f81c4d4d,C360-100183,Accidental Insurance,2021-07-02,2022-07-02,619,Expired,0
TXN-8b269216,C360-100183,Accidental Insurance,2022-07-02,2023-07-02,643,Expired,0
TXN-9018f904,C360-100183,Accidental Insurance,2023-07-02,2024-07-01,675,Expired,0
TXN-070c2c3f,C360-100183,Accidental Insurance,2024-07-01,2025-07-01,709,Expired,0
TXN-5392e51e,C360-100183,Accidental Insurance,2025-07-01,2026-07-01,727,Cancelled,0
TXN-93260d8a,C360-100184,Motor Insurance,2021-07-02,2022-07-02,1045,Expired,0
TXN-1420da63,C360-100184,Motor Insurance,2022-07-02,2023-07-02,1058,Expired,0
TXN-bb9be133,C360-100184,Motor Insurance,2023-07-02,2024-07-01,1105,Expired,0
TXN-0edd876b,C360-100184,Motor Insurance,2024-07-01,2025-07-01,1132,Expired,0
TXN-ef97bf8d,C360-100184,Motor Insurance,2025-07-01,2026-07-01,1121,Active,0
TXN-a012d779,C360-100185,Health Insurance,2021-07-02,2022-07-02,351,Expired,0
TXN-99951887,C360-100185,Motor Insurance,2021-07-02,2022-07-02,699,Expired,1
TXN-6fa975ee,C360-100185,Motor Insurance,2022-07-02,2023-07-02,718,Expired,0
TXN-0c32217a,C360-100186,Life Insurance,2021-07-02,2022-07-02,738,Expired,0
TXN-173752b4,C360-100186,Life Insurance,2022-07-02,2023-07-02,761,Expired,0
TXN-b3cc4cd0,C360-100186,Life Insurance,2023-07-02,2024-07-01,798,Expired,0
TXN-b17c71fa,C360-100186,Life Insurance,2024-07-01,2025-07-01,867,Expired,0
TXN-271debfb,C360-100186,Life Insurance,2025-07-01,2026-07-01,938,Active,0
TXN-49f7b05b,C360-100186,Motor Insurance,2021-07-02,2022-07-02,1009,Expired,0
TXN-37ba9989,C360-100186,Motor Insurance,2022-07-02,2023-07-02,1023,Expired,0
TXN-73281d6b,C360-100186,Motor Insurance,2023-07-02,2024-07-01,1049,Expired,0
TXN-bd2b92a0,C360-100186,Motor Insurance,2024-07-01,2025-07-01,1141,Expired,0
TXN-7c4a6686,C360-100186,Motor Insurance,2025-07-01,2026-07-01,1205,Active,0
TXN-edc97809,C360-100187,Life Insurance,2021-07-02,2022-07-02,1202,Expired,0
TXN-58219957,C360-100187,Life Insurance,2022-07-02,2023-07-02,1221,Expired,0
TXN-bca0bf7b,C360-100187,Life Insurance,2023-07-02,2024-07-01,1232,Expired,0
TXN-02dd72a6,C360-100187,Life Insurance,2024-07-01,2025-07-01,1289,Expired,0
TXN-0fd8ee5e,C360-100187,Life Insurance,2025-07-01,2026-07-01,1374,Cancelled,1
TXN-8289d88c,C360-100187,Motor Insurance,2021-07-02,2022-07-02,524,Expired,0
TXN-1277a50b,C360-100187,Motor Insurance,2022-07-02,2023-07-02,538,Expired,0
TXN-736d9c5d,C360-100187,Motor Insurance,2023-07-02,2024-07-01,582,Expired,2
TXN-50e47694,C360-100187,Motor Insurance,2024-07-01,2025-07-01,641,Expired,0
TXN-2484c7f7,C360-100187,Motor Insurance,2025-07-01,2026-07-01,660,Active,0
TXN-6b76f0d6,C360-100188,Motor Insurance,2021-07-02,2022-07-02,826,Expired,0
TXN-b61c6f9a,C360-100188,Life Insurance,2021-07-02,2022-07-02,951,Expired,0
TXN-b64f9870,C360-100189,Accidental Insurance,2021-07-02,2022-07-02,1137,Expired,0
TXN-cf140365,C360-100189,Accidental Insurance,2022-07-02,2023-07-02,1153,Expired,0
TXN-21b7c485,C360-100189,Accidental Insurance,2023-07-02,2024-07-01,1227,Expired,2
TXN-7535aa33,C360-100189,Accidental Insurance,2024-07-01,2025-07-01,1203,Expired,1
TXN-a79ea71a,C360-100189,Accidental Insurance,2025-07-01,2026-07-01,1177,Cancelled,0
TXN-152a9fe6,C360-100189,Life Insurance,2021-07-02,2022-07-02,429,Expired,0
TXN-937e715f,C360-100189,Life Insurance,2022-07-02,2023-07-02,451,Expired,2
TXN-926fa1d0,C360-100189,Life Insurance,2023-07-02,2024-07-01,449,Expired,0
TXN-7407fdbc,C360-100189,Life Insurance,2024-07-01,2025-07-01,570,Expired,0
TXN-5895d756,C360-100189,Life Insurance,2025-07-01,2026-07-01,501,Cancelled,0
TXN-bdb81c9e,C360-100190,Health Insurance,2021-07-02,2022-07-02,1265,Expired,2
TXN-37c14b3c,C360-100190,Health Insurance,2022-07-02,2023-07-02,1293,Expired,0
TXN-d12450c8,C360-100190,Health Insurance,2023-07-02,2024-07-01,1329,Expired,0
TXN-1c67e9ae,C360-100190,Health Insurance,2024-07-01,2025-07-01,1367,Expired,0
TXN-73dea5b4,C360-100190,Health Insurance,2025-07-01,2026-07-01,1329,Active,1
TXN-2e3c5c65,C360-100190,Life Insurance,2021-07-02,2022-07-02,763,Expired,0
TXN-12866bb9,C360-100190,Life Insurance,2022-07-02,2023-07-02,800,Expired,0
TXN-dc9348fa,C360-100190,Life Insurance,2023-07-02,2024-07-01,847,Expired,0
TXN-badbd17e,C360-100190,Life Insurance,2024-07-01,2025-07-01,886,Expired,0
TXN-74910e75,C360-100190,Life Insurance,2025-07-01,2026-07-01,855,Active,0
TXN-93ab5cea,C360-100190,Motor Insurance,2021-07-02,2022-07-02,1359,Expired,1
TXN-d9d78c44,C360-100190,Motor Insurance,2022-07-02,2023-07-02,1392,Expired,0
TXN-d59ec06a,C360-100190,Motor Insurance,2023-07-02,2024-07-01,1441,Expired,0
TXN-9a595c8c,C360-100190,Motor Insurance,2024-07-01,2025-07-01,1482,Expired,0
TXN-6ccde1a1,C360-100190,Motor Insurance,2025-07-01,2026-07-01,1531,Active,0
TXN-13e33dff,C360-100190,Accidental Insurance,2021-07-02,2022-07-02,470,Expired,0
TXN-782aa6a3,C360-100190,Accidental Insurance,2022-07-02,2023-07-02,514,Expired,1
TXN-9b966203,C360-100190,Accidental Insurance,2023-07-02,2024-07-01,546,Expired,0
TXN-af10b833,C360-100190,Accidental Insurance,2024-07-01,2025-07-01,527,Expired,0
TXN-5a1c20b3,C360-100190,Accidental Insurance,2025-07-01,2026-07-01,634,Active,0
TXN-1aa820a9,C360-100191,Life Insurance,2021-07-02,2022-07-02,874,Expired,0
TXN-b856972b,C360-100191,Life Insurance,2022-07-02,2023-07-02,903,Expired,0
TXN-974933b7,C360-100191,Life Insurance,2023-07-02,2024-07-01,934,Expired,1
TXN-efb43658,C360-100191,Life Insurance,2024-07-01,2025-07-01,1024,Expired,0
TXN-d8e3f9e6,C360-100191,Life Insurance,2025-07-01,2026-07-01,1030,Active,0
TXN-56d2fc1a,C360-100191,Accidental Insurance,2021-07-02,2022-07-02,1133,Expired,0
TXN-36e40da9,C360-100191,Accidental Insurance,2022-07-02,2023-07-02,1164,Expired,0
TXN-132bfdc1,C360-100191,Accidental Insurance,2023-07-02,2024-07-01,1197,Expired,0
TXN-92161067,C360-100191,Accidental Insurance,2024-07-01,2025-07-01,1280,Expired,1
TXN-58dcebf5,C360-100191,Accidental Insurance,2025-07-01,2026-07-01,1301,Active,0
TXN-0b794d4d,C360-100192,Health Insurance,2021-07-02,2022-07-02,1445,Expired,0
TXN-30317f29,C360-100192,Health Insurance,2022-07-02,2023-07-02,1494,Expired,0
TXN-e571072a,C360-100192,Health Insurance,2023-07-02,2024-07-01,1519,Expired,0
TXN-ca3ec385,C360-100192,Health Insurance,2024-07-01,2025-07-01,1478,Expired,0
TXN-db3af7f2,C360-100192,Health Insurance,2025-07-01,2026-07-01,1585,Active,0
TXN-22735427,C360-100192,Life Insurance,2021-07-02,2022-07-02,458,Expired,0
TXN-3ccadad4,C360-100192,Life Insurance,2022-07-02,2023-07-02,486,Expired,1
TXN-ce8325a1,C360-100192,Life Insurance,2023-07-02,2024-07-01,516,Expired,0
TXN-7460d83f,C360-100192,Life Insurance,2024-07-01,2025-07-01,530,Expired,1
TXN-25bbc13b,C360-100192,Life Insurance,2025-07-01,2026-07-01,502,Active,0
TXN-16f3ab38,C360-100192,Motor Insurance,2021-07-02,2022-07-02,762,Expired,0
TXN-0dbf7ffc,C360-100192,Motor Insurance,2022-07-02,2023-07-02,777,Expired,0
TXN-1bbc2d39,C360-100192,Motor Insurance,2023-07-02,2024-07-01,852,Expired,0
TXN-02e6193e,C360-100192,Motor Insurance,2024-07-01,2025-07-01,801,Expired,1
TXN-40c0687c,C360-100192,Motor Insurance,2025-07-01,2026-07-01,874,Active,0
TXN-6caa92f3,C360-100192,Accidental Insurance,2021-07-02,2022-07-02,495,Expired,0
TXN-c194482f,C360-100192,Accidental Insurance,2022-07-02,2023-07-02,514,Expired,0
TXN-53d02eac,C360-100192,Accidental Insurance,2023-07-02,2024-07-01,573,Expired,0
TXN-7cde1af2,C360-100192,Accidental Insurance,2024-07-01,2025-07-01,549,Expired,1
TXN-c7f85412,C360-100192,Accidental Insurance,2025-07-01,2026-07-01,555,Active,0
TXN-8f52ea02,C360-100193,Health Insurance,2021-07-02,2022-07-02,1045,Expired,1
TXN-5eced58a,C360-100193,Health Insurance,2022-07-02,2023-07-02,1085,Expired,0
TXN-89a74b5a,C360-100193,Health Insurance,2023-07-02,2024-07-01,1121,Expired,1
TXN-d088beff,C360-100193,Health Insurance,2024-07-01,2025-07-01,1177,Expired,1
TXN-576def20,C360-100193,Health Insurance,2025-07-01,2026-07-01,1181,Active,0
TXN-6c7dab66,C360-100193,Life Insurance,2021-07-02,2022-07-02,1095,Expired,0
TXN-102ef768,C360-100193,Life Insurance,2022-07-02,2023-07-02,1136,Expired,0
TXN-b42a90f6,C360-100193,Life Insurance,2023-07-02,2024-07-01,1189,Expired,2
TXN-b91e7763,C360-100193,Life Insurance,2024-07-01,2025-07-01,1221,Expired,0
TXN-2c165671,C360-100193,Life Insurance,2025-07-01,2026-07-01,1135,Active,0
TXN-4e886b62,C360-100193,Motor Insurance,2021-07-02,2022-07-02,952,Expired,0
TXN-622e3cc3,C360-100193,Motor Insurance,2022-07-02,2023-07-02,999,Expired,0
TXN-58081d3b,C360-100193,Motor Insurance,2023-07-02,2024-07-01,1002,Expired,1
TXN-fb52a12e,C360-100193,Motor Insurance,2024-07-01,2025-07-01,1090,Expired,0
TXN-bcacfdb6,C360-100193,Motor Insurance,2025-07-01,2026-07-01,1144,Active,0
TXN-b450ba75,C360-100193,Accidental Insurance,2021-07-02,2022-07-02,1354,Expired,0
TXN-bc6da782,C360-100193,Accidental Insurance,2022-07-02,2023-07-02,1369,Expired,0
TXN-454f9cfb,C360-100193,Accidental Insurance,2023-07-02,2024-07-01,1406,Expired,0
TXN-06780895,C360-100193,Accidental Insurance,2024-07-01,2025-07-01,1405,Expired,0
TXN-a9dd8481,C360-100193,Accidental Insurance,2025-07-01,2026-07-01,1522,Active,0
TXN-403994cf,C360-100194,Health Insurance,2021-07-02,2022-07-02,700,Expired,2
TXN-a9bc37ca,C360-100194,Health Insurance,2022-07-02,2023-07-02,724,Expired,0
TXN-af098e05,C360-100194,Health Insurance,2023-07-02,2024-07-01,768,Expired,0
TXN-584eaaa7,C360-100194,Health Insurance,2024-07-01,2025-07-01,799,Expired,1
TXN-480bcd3e,C360-100194,Health Insurance,2025-07-01,2026-07-01,796,Active,0
TXN-b748d652,C360-100194,Motor Insurance,2021-07-02,2022-07-02,1355,Expired,0
TXN-1c127d3c,C360-100194,Motor Insurance,2022-07-02,2023-07-02,1391,Expired,0
TXN-fe5def94,C360-100194,Motor Insurance,2023-07-02,2024-07-01,1381,Expired,0
TXN-d1fbdae0,C360-100194,Motor Insurance,2024-07-01,2025-07-01,1427,Expired,0
TXN-e5db8728,C360-100194,Motor Insurance,2025-07-01,2026-07-01,1551,Active,0
TXN-31849a65,C360-100195,Health Insurance,2021-07-02,2022-07-02,1288,Expired,2
TXN-df169fef,C360-100195,Health Insurance,2022-07-02,2023-07-02,1308,Expired,0
TXN-d74d6f21,C360-100195,Health Insurance,2023-07-02,2024-07-01,1338,Expired,0
TXN-8ea15d49,C360-100195,Health Insurance,2024-07-01,2025-07-01,1372,Expired,0
TXN-02d5fc6a,C360-100195,Health Insurance,2025-07-01,2026-07-01,1352,Cancelled,0
TXN-be2bf8bd,C360-100195,Life Insurance,2021-07-02,2022-07-02,562,Expired,0
TXN-cc1eb1b4,C360-100195,Life Insurance,2022-07-02,2023-07-02,577,Expired,0
TXN-209380e3,C360-100195,Life Insurance,2023-07-02,2024-07-01,608,Expired,1
TXN-ddc7a067,C360-100195,Life Insurance,2024-07-01,2025-07-01,637,Expired,0
TXN-cce819ea,C360-100195,Life Insurance,2025-07-01,2026-07-01,730,Active,0
TXN-3538e137,C360-100196,Life Insurance,2021-07-02,2022-07-02,1073,Expired,0
TXN-103cf9da,C360-100196,Life Insurance,2022-07-02,2023-07-02,1093,Expired,0
TXN-462c40d0,C360-100196,Life Insurance,2023-07-02,2024-07-01,1163,Expired,1
TXN-78208fa0,C360-100196,Life Insurance,2024-07-01,2025-07-01,1127,Expired,0
TXN-8eb987bf,C360-100196,Life Insurance,2025-07-01,2026-07-01,1197,Active,0
TXN-38ad8371,C360-100197,Life Insurance,2021-07-02,2022-07-02,1354,Expired,2
TXN-c172d926,C360-100197,Life Insurance,2022-07-02,2023-07-02,1378,Expired,0
TXN-ddf744e0,C360-100197,Life Insurance,2023-07-02,2024-07-01,1414,Expired,0
TXN-f62a2ecf,C360-100197,Life Insurance,2024-07-01,2025-07-01,1477,Expired,1
TXN-9de8baea,C360-100197,Life Insurance,2025-07-01,2026-07-01,1426,Cancelled,0
TXN-a7119968,C360-100197,Motor Insurance,2021-07-02,2022-07-02,634,Expired,0
TXN-e4c98082,C360-100197,Motor Insurance,2022-07-02,2023-07-02,671,Expired,0
TXN-08ccbaac,C360-100197,Motor Insurance,2023-07-02,2024-07-01,714,Expired,0
TXN-8a0dd132,C360-100197,Motor Insurance,2024-07-01,2025-07-01,739,Expired,0
TXN-f79eaca0,C360-100197,Motor Insurance,2025-07-01,2026-07-01,686,Cancelled,1
TXN-5bd7c32e,C360-100197,Accidental Insurance,2021-07-02,2022-07-02,1050,Expired,0
TXN-ef837527,C360-100198,Health Insurance,2021-07-02,2022-07-02,505,Expired,1
TXN-eca5cac1,C360-100198,Health Insurance,2022-07-02,2023-07-02,521,Expired,0
TXN-01aea2e3,C360-100198,Health Insurance,2023-07-02,2024-07-01,533,Expired,0
TXN-f73c46c3,C360-100198,Health Insurance,2024-07-01,2025-07-01,637,Expired,0
TXN-7a4680fd,C360-100198,Health Insurance,2025-07-01,2026-07-01,577,Active,1
TXN-a8501730,C360-100198,Life Insurance,2021-07-02,2022-07-02,335,Expired,0
TXN-5d5c1f84,C360-100198,Life Insurance,2022-07-02,2023-07-02,377,Expired,0
TXN-d2e09b9b,C360-100198,Life Insurance,2023-07-02,2024-07-01,411,Expired,0
TXN-59b911e8,C360-100198,Life Insurance,2024-07-01,2025-07-01,383,Expired,1
TXN-58fe21eb,C360-100198,Life Insurance,2025-07-01,2026-07-01,447,Active,0
TXN-c6d650f3,C360-100198,Motor Insurance,2021-07-02,2022-07-02,466,Expired,0
TXN-9e6b61eb,C360-100198,Motor Insurance,2022-07-02,2023-07-02,480,Expired,0
TXN-6e4d37b3,C360-100198,Motor Insurance,2023-07-02,2024-07-01,566,Expired,0
TXN-6d6f667c,C360-100198,Motor Insurance,2024-07-01,2025-07-01,586,Expired,0
TXN-e22e9655,C360-100198,Motor Insurance,2025-07-01,2026-07-01,598,Active,0
TXN-660fc64e,C360-100198,Accidental Insurance,2021-07-02,2022-07-02,1201,Expired,0
TXN-893ff31c,C360-100198,Accidental Insurance,2022-07-02,2023-07-02,1214,Expired,0
TXN-4dc84375,C360-100198,Accidental Insurance,2023-07-02,2024-07-01,1257,Expired,0
TXN-dea78082,C360-100198,Accidental Insurance,2024-07-01,2025-07-01,1339,Expired,0
TXN-cb1ab913,C360-100198,Accidental Insurance,2025-07-01,2026-07-01,1277,Active,0
TXN-4b218352,C360-100199,Health Insurance,2021-07-02,2022-07-02,358,Expired,1
TXN-eed19fa6,C360-100199,Health Insurance,2022-07-02,2023-07-02,391,Expired,0
TXN-e23448f0,C360-100199,Health Insurance,2023-07-02,2024-07-01,456,Expired,0
TXN-5eb3af96,C360-100199,Health Insurance,2024-07-01,2025-07-01,508,Expired,0
TXN-f494350c,C360-100199,Health Insurance,2025-07-01,2026-07-01,462,Active,1
TXN-1661e025,C360-100199,Life Insurance,2021-07-02,2022-07-02,1080,Expired,2
TXN-bd815a1e,C360-100199,Life Insurance,2022-07-02,2023-07-02,1091,Expired,0
TXN-77297d40,C360-100199,Life Insurance,2023-07-02,2024-07-01,1100,Expired,0
TXN-af205eb3,C360-100199,Life Insurance,2024-07-01,2025-07-01,1173,Expired,0
TXN-0827b94e,C360-100199,Life Insurance,2025-07-01,2026-07-01,1188,Active,1
TXN-8b4c4f84,C360-100199,Motor Insurance,2021-07-02,2022-07-02,1447,Expired,0
TXN-49ae88fb,C360-100199,Motor Insurance,2022-07-02,2023-07-02,1497,Expired,1
TXN-dda739b9,C360-100199,Motor Insurance,2023-07-02,2024-07-01,1523,Expired,0
TXN-01690eed,C360-100199,Motor Insurance,2024-07-01,2025-07-01,1489,Expired,0
TXN-e13bfa60,C360-100199,Motor Insurance,2025-07-01,2026-07-01,1579,Active,0
TXN-e98c637c,C360-100199,Accidental Insurance,2021-07-02,2022-07-02,625,Expired,0
TXN-21a82d41,C360-100199,Accidental Insurance,2022-07-02,2023-07-02,640,Expired,0
TXN-1537f506,C360-100199,Accidental Insurance,2023-07-02,2024-07-01,687,Expired,0
TXN-36c4233c,C360-100199,Accidental Insurance,2024-07-01,2025-07-01,661,Expired,0
TXN-5c657ed4,C360-100199,Accidental Insurance,2025-07-01,2026-07-01,761,Active,0
TXN-4500ccf5,C360-100200,Accidental Insurance,2021-07-02,2022-07-02,1441,Expired,0
TXN-54cefbd6,C360-100200,Accidental Insurance,2022-07-02,2023-07-02,1491,Expired,0
TXN-b6835c2d,C360-100200,Accidental Insurance,2023-07-02,2024-07-01,1465,Expired,0
TXN-c39c7d61,C360-100200,Accidental Insurance,2024-07-01,2025-07-01,1591,Expired,1
TXN-8a19e896,C360-100200,Accidental Insurance,2025-07-01,2026-07-01,1533,Cancelled,1
TXN-cab93b3c,C360-100201,Motor Insurance,2021-07-02,2022-07-02,1242,Expired,0
TXN-7f76eb47,C360-100201,Motor Insurance,2022-07-02,2023-07-02,1286,Expired,0
TXN-2035bd29,C360-100201,Motor Insurance,2023-07-02,2024-07-01,1338,Expired,0
TXN-83cec537,C360-100201,Motor Insurance,2024-07-01,2025-07-01,1353,Expired,0
TXN-5f31f6c1,C360-100201,Motor Insurance,2025-07-01,2026-07-01,1362,Active,0
TXN-df711fea,C360-100202,Health Insurance,2021-07-02,2022-07-02,757,Expired,0
TXN-54dcb049,C360-100202,Health Insurance,2022-07-02,2023-07-02,788,Expired,0
TXN-2040da3b,C360-100202,Health Insurance,2023-07-02,2024-07-01,817,Expired,0
TXN-da51e935,C360-100202,Health Insurance,2024-07-01,2025-07-01,835,Expired,0
TXN-bbe8f242,C360-100202,Health Insurance,2025-07-01,2026-07-01,945,Active,1
TXN-9ccf7c1d,C360-100202,Accidental Insurance,2021-07-02,2022-07-02,1244,Expired,0
TXN-e4d7892a,C360-100202,Accidental Insurance,2022-07-02,2023-07-02,1262,Expired,0
TXN-ed724209,C360-100202,Accidental Insurance,2023-07-02,2024-07-01,1322,Expired,0
TXN-58e11f4b,C360-100202,Accidental Insurance,2024-07-01,2025-07-01,1325,Expired,0
TXN-a0e8540a,C360-100202,Accidental Insurance,2025-07-01,2026-07-01,1400,Active,0
TXN-81604b1c,C360-100203,Life Insurance,2021-07-02,2022-07-02,687,Expired,0
TXN-762abfcf,C360-100203,Life Insurance,2022-07-02,2023-07-02,729,Expired,0
TXN-5816578f,C360-100203,Life Insurance,2023-07-02,2024-07-01,733,Expired,0
TXN-8f97849d,C360-100203,Life Insurance,2024-07-01,2025-07-01,780,Expired,2
TXN-f10dd225,C360-100203,Life Insurance,2025-07-01,2026-07-01,787,Active,0
TXN-f5e9aaf8,C360-100203,Accidental Insurance,2021-07-02,2022-07-02,502,Expired,0
TXN-2ce97160,C360-100203,Accidental Insurance,2022-07-02,2023-07-02,543,Expired,2
TXN-3503805a,C360-100203,Accidental Insurance,2023-07-02,2024-07-01,544,Expired,0
TXN-dde2cb6c,C360-100203,Accidental Insurance,2024-07-01,2025-07-01,589,Expired,0
TXN-6c933c5b,C360-100203,Accidental Insurance,2025-07-01,2026-07-01,678,Active,0
TXN-0cdf747c,C360-100204,Health Insurance,2021-07-02,2022-07-02,661,Expired,0
TXN-16f05bd9,C360-100204,Health Insurance,2022-07-02,2023-07-02,704,Expired,0
TXN-a9953369,C360-100204,Health Insurance,2023-07-02,2024-07-01,737,Expired,0
TXN-4271a414,C360-100204,Life Insurance,2021-07-02,2022-07-02,408,Expired,1
TXN-6fbc2241,C360-100204,Life Insurance,2022-07-02,2023-07-02,458,Expired,0
TXN-3e4d3b9a,C360-100204,Life Insurance,2023-07-02,2024-07-01,506,Expired,0
TXN-ddcafb20,C360-100204,Life Insurance,2024-07-01,2025-07-01,510,Expired,0
TXN-acc91636,C360-100204,Life Insurance,2025-07-01,2026-07-01,556,Cancelled,0
TXN-833b3235,C360-100204,Accidental Insurance,2021-07-02,2022-07-02,536,Expired,0
TXN-87377d4a,C360-100204,Accidental Insurance,2022-07-02,2023-07-02,570,Expired,0
TXN-28897b8f,C360-100205,Motor Insurance,2021-07-02,2022-07-02,559,Expired,1
TXN-57cc67da,C360-100205,Motor Insurance,2022-07-02,2023-07-02,574,Expired,0
TXN-eed9364f,C360-100205,Motor Insurance,2023-07-02,2024-07-01,657,Expired,0
TXN-9790bdc8,C360-100205,Motor Insurance,2024-07-01,2025-07-01,598,Expired,0
TXN-d5aa0d7b,C360-100205,Motor Insurance,2025-07-01,2026-07-01,643,Active,0
TXN-c22e7e53,C360-100205,Life Insurance,2021-07-02,2022-07-02,1457,Expired,0
TXN-678ee79e,C360-100205,Life Insurance,2022-07-02,2023-07-02,1467,Expired,0
TXN-528be047,C360-100205,Life Insurance,2023-07-02,2024-07-01,1499,Expired,0
TXN-d2b7a106,C360-100205,Life Insurance,2024-07-01,2025-07-01,1592,Expired,1
TXN-56666cf4,C360-100205,Life Insurance,2025-07-01,2026-07-01,1633,Active,0
TXN-540da0d7,C360-100206,Health Insurance,2021-07-02,2022-07-02,1301,Expired,1
TXN-cddd0314,C360-100206,Health Insurance,2022-07-02,2023-07-02,1350,Expired,0
TXN-681a2bb5,C360-100206,Life Insurance,2021-07-02,2022-07-02,540,Expired,0
TXN-eb51fb9b,C360-100206,Motor Insurance,2021-07-02,2022-07-02,1023,Expired,1
TXN-0befafcf,C360-100206,Motor Insurance,2022-07-02,2023-07-02,1071,Expired,0
TXN-5e7eb517,C360-100206,Motor Insurance,2023-07-02,2024-07-01,1121,Expired,0
TXN-cbd58e26,C360-100206,Motor Insurance,2024-07-01,2025-07-01,1164,Expired,0
TXN-547ccc4d,C360-100206,Motor Insurance,2025-07-01,2026-07-01,1127,Active,0
TXN-7a768267,C360-100206,Accidental Insurance,2021-07-02,2022-07-02,618,Expired,1
TXN-bc76caff,C360-100206,Accidental Insurance,2022-07-02,2023-07-02,667,Expired,2
TXN-bd2dffa3,C360-100206,Accidental Insurance,2023-07-02,2024-07-01,686,Expired,0
TXN-92110645,C360-100206,Accidental Insurance,2024-07-01,2025-07-01,735,Expired,0
TXN-4c49d683,C360-100206,Accidental Insurance,2025-07-01,2026-07-01,786,Cancelled,0
TXN-bfce0e40,C360-100207,Motor Insurance,2021-07-02,2022-07-02,1205,Expired,0
TXN-bc923e4c,C360-100207,Motor Insurance,2022-07-02,2023-07-02,1216,Expired,0
TXN-f35d9533,C360-100207,Motor Insurance,2023-07-02,2024-07-01,1241,Expired,0
TXN-c2fae6a1,C360-100207,Motor Insurance,2024-07-01,2025-07-01,1325,Expired,1
TXN-783be182,C360-100207,Motor Insurance,2025-07-01,2026-07-01,1405,Active,1
TXN-8d7eb11a,C360-100208,Health Insurance,2021-07-02,2022-07-02,478,Expired,0
TXN-635d2e1a,C360-100208,Health Insurance,2022-07-02,2023-07-02,509,Expired,0
TXN-8fc16958,C360-100208,Health Insurance,2023-07-02,2024-07-01,558,Expired,0
TXN-f7b3b3dc,C360-100208,Health Insurance,2024-07-01,2025-07-01,541,Expired,0
TXN-910b668d,C360-100208,Health Insurance,2025-07-01,2026-07-01,570,Active,0
TXN-3e8f4455,C360-100208,Life Insurance,2021-07-02,2022-07-02,927,Expired,0
TXN-252e970c,C360-100208,Life Insurance,2022-07-02,2023-07-02,953,Expired,2
TXN-7c122aaf,C360-100208,Life Insurance,2023-07-02,2024-07-01,949,Expired,0
TXN-6c31a10a,C360-100208,Life Insurance,2024-07-01,2025-07-01,969,Expired,0
TXN-da9eadb7,C360-100208,Life Insurance,2025-07-01,2026-07-01,1127,Active,0
TXN-09a9ed42,C360-100208,Motor Insurance,2021-07-02,2022-07-02,674,Expired,0
TXN-658b043c,C360-100208,Motor Insurance,2022-07-02,2023-07-02,702,Expired,2
TXN-370616c6,C360-100208,Motor Insurance,2023-07-02,2024-07-01,772,Expired,0
TXN-e0b641cf,C360-100208,Motor Insurance,2024-07-01,2025-07-01,740,Expired,1
TXN-c0710620,C360-100208,Motor Insurance,2025-07-01,2026-07-01,806,Active,1
TXN-385bc014,C360-100208,Accidental Insurance,2021-07-02,2022-07-02,1270,Expired,0
TXN-6ac29a73,C360-100208,Accidental Insurance,2022-07-02,2023-07-02,1295,Expired,1
TXN-a58c4dcd,C360-100208,Accidental Insurance,2023-07-02,2024-07-01,1298,Expired,0
TXN-cfbaaf49,C360-100208,Accidental Insurance,2024-07-01,2025-07-01,1390,Expired,0
TXN-a9c7e26d,C360-100208,Accidental Insurance,2025-07-01,2026-07-01,1346,Active,0
TXN-446fa0f0,C360-100209,Accidental Insurance,2021-07-02,2022-07-02,1113,Expired,0
TXN-52926504,C360-100209,Accidental Insurance,2022-07-02,2023-07-02,1123,Expired,0
TXN-e6982004,C360-100209,Accidental Insurance,2023-07-02,2024-07-01,1191,Expired,0
TXN-9ce3b59f,C360-100209,Accidental Insurance,2024-07-01,2025-07-01,1197,Expired,0
TXN-c94d5e23,C360-100209,Accidental Insurance,2025-07-01,2026-07-01,1161,Active,0
TXN-b78fea21,C360-100209,Life Insurance,2021-07-02,2022-07-02,658,Expired,0
TXN-5f2f0587,C360-100209,Life Insurance,2022-07-02,2023-07-02,690,Expired,0
TXN-ab3accc2,C360-100209,Life Insurance,2023-07-02,2024-07-01,680,Expired,0
TXN-2dbf7f88,C360-100209,Life Insurance,2024-07-01,2025-07-01,721,Expired,0
TXN-dde311ba,C360-100209,Life Insurance,2025-07-01,2026-07-01,790,Active,0
TXN-e921a3a0,C360-100210,Health Insurance,2021-07-02,2022-07-02,454,Expired,0
TXN-21152952,C360-100210,Health Insurance,2022-07-02,2023-07-02,476,Expired,0
TXN-507a3503,C360-100210,Life Insurance,2021-07-02,2022-07-02,1350,Expired,1
TXN-9903e103,C360-100210,Life Insurance,2022-07-02,2023-07-02,1372,Expired,0
TXN-ed175436,C360-100210,Life Insurance,2023-07-02,2024-07-01,1426,Expired,0
TXN-da38a754,C360-100210,Life Insurance,2024-07-01,2025-07-01,1500,Expired,0
TXN-2043cf41,C360-100210,Life Insurance,2025-07-01,2026-07-01,1430,Active,0
TXN-d7f7a602,C360-100210,Motor Insurance,2021-07-02,2022-07-02,1185,Expired,2
TXN-369db1c8,C360-100210,Motor Insurance,2022-07-02,2023-07-02,1204,Expired,0
TXN-283e9a53,C360-100210,Motor Insurance,2023-07-02,2024-07-01,1225,Expired,1
TXN-37193dfe,C360-100210,Motor Insurance,2024-07-01,2025-07-01,1332,Expired,0
TXN-35cef671,C360-100210,Motor Insurance,2025-07-01,2026-07-01,1349,Cancelled,0
TXN-f0ada7ad,C360-100210,Accidental Insurance,2021-07-02,2022-07-02,1178,Expired,0
TXN-fa384930,C360-100210,Accidental Insurance,2022-07-02,2023-07-02,1198,Expired,1
TXN-eedcc654,C360-100210,Accidental Insurance,2023-07-02,2024-07-01,1252,Expired,0
TXN-ce8aaf93,C360-100211,Health Insurance,2021-07-02,2022-07-02,686,Expired,0
TXN-1fa7585c,C360-100211,Health Insurance,2022-07-02,2023-07-02,710,Expired,0
TXN-b6d49044,C360-100211,Health Insurance,2023-07-02,2024-07-01,716,Expired,0
TXN-b047d9ca,C360-100211,Health Insurance,2024-07-01,2025-07-01,782,Expired,0
TXN-ee0d9840,C360-100211,Health Insurance,2025-07-01,2026-07-01,882,Active,1
TXN-a5fa1354,C360-100212,Life Insurance,2021-07-02,2022-07-02,485,Expired,0
TXN-b8c33d33,C360-100212,Life Insurance,2022-07-02,2023-07-02,496,Expired,0
TXN-c6563167,C360-100212,Life Insurance,2023-07-02,2024-07-01,551,Expired,0
TXN-c71177a6,C360-100212,Life Insurance,2024-07-01,2025-07-01,620,Expired,0
TXN-52199ba9,C360-100212,Life Insurance,2025-07-01,2026-07-01,649,Active,2
TXN-142b3164,C360-100213,Health Insurance,2021-07-02,2022-07-02,1302,Expired,0
TXN-ce911e00,C360-100213,Health Insurance,2022-07-02,2023-07-02,1323,Expired,0
TXN-8fa1cbcc,C360-100213,Health Insurance,2023-07-02,2024-07-01,1402,Expired,0
TXN-745b1287,C360-100213,Motor Insurance,2021-07-02,2022-07-02,1446,Expired,0
TXN-34e96c8a,C360-100214,Life Insurance,2021-07-02,2022-07-02,1406,Expired,0
TXN-c9eb98fa,C360-100214,Life Insurance,2022-07-02,2023-07-02,1436,Expired,0
TXN-4d715a99,C360-100214,Life Insurance,2023-07-02,2024-07-01,1486,Expired,0
TXN-eb751347,C360-100214,Life Insurance,2024-07-01,2025-07-01,1487,Expired,0
TXN-9bd3b698,C360-100214,Life Insurance,2025-07-01,2026-07-01,1462,Cancelled,0
TXN-bf79cb25,C360-100214,Motor Insurance,2021-07-02,2022-07-02,673,Expired,0
TXN-a4080dc2,C360-100214,Motor Insurance,2022-07-02,2023-07-02,689,Expired,0
TXN-a531a807,C360-100214,Motor Insurance,2023-07-02,2024-07-01,753,Expired,2
TXN-d450404f,C360-100214,Motor Insurance,2024-07-01,2025-07-01,784,Expired,0
TXN-7c3f8c36,C360-100214,Motor Insurance,2025-07-01,2026-07-01,841,Active,0
TXN-ca993279,C360-100214,Accidental Insurance,2021-07-02,2022-07-02,1206,Expired,0
TXN-6e1304ce,C360-100214,Accidental Insurance,2022-07-02,2023-07-02,1226,Expired,0
TXN-a8dc480f,C360-100215,Health Insurance,2021-07-02,2022-07-02,922,Expired,0
TXN-5e98f56d,C360-100215,Health Insurance,2022-07-02,2023-07-02,938,Expired,0
TXN-7169dcba,C360-100215,Health Insurance,2023-07-02,2024-07-01,1014,Expired,1
TXN-0784c89a,C360-100215,Health Insurance,2024-07-01,2025-07-01,973,Expired,1
TXN-838d42d4,C360-100215,Health Insurance,2025-07-01,2026-07-01,1102,Active,0
TXN-f643b45e,C360-100215,Life Insurance,2021-07-02,2022-07-02,1060,Expired,0
TXN-7ffcf041,C360-100215,Life Insurance,2022-07-02,2023-07-02,1109,Expired,0
TXN-2d758007,C360-100215,Life Insurance,2023-07-02,2024-07-01,1128,Expired,0
TXN-ad1b42f8,C360-100215,Life Insurance,2024-07-01,2025-07-01,1198,Expired,0
TXN-af666b6e,C360-100215,Life Insurance,2025-07-01,2026-07-01,1200,Active,0
TXN-38bc01e3,C360-100215,Motor Insurance,2021-07-02,2022-07-02,886,Expired,0
TXN-7c8008f3,C360-100215,Motor Insurance,2022-07-02,2023-07-02,920,Expired,0
TXN-618e2b94,C360-100215,Motor Insurance,2023-07-02,2024-07-01,964,Expired,0
TXN-49a76050,C360-100215,Motor Insurance,2024-07-01,2025-07-01,955,Expired,1
TXN-e37e87e7,C360-100215,Motor Insurance,2025-07-01,2026-07-01,1006,Active,0
TXN-c548e66b,C360-100215,Accidental Insurance,2021-07-02,2022-07-02,1416,Expired,1
TXN-78b0347c,C360-100215,Accidental Insurance,2022-07-02,2023-07-02,1464,Expired,0
TXN-cf257175,C360-100215,Accidental Insurance,2023-07-02,2024-07-01,1486,Expired,1
TXN-d8c52d1d,C360-100215,Accidental Insurance,2024-07-01,2025-07-01,1488,Expired,0
TXN-1845f011,C360-100215,Accidental Insurance,2025-07-01,2026-07-01,1504,Active,1
TXN-b93ff642,C360-100216,Health Insurance,2021-07-02,2022-07-02,351,Expired,0
TXN-ded9dc0b,C360-100216,Health Insurance,2022-07-02,2023-07-02,374,Expired,0
TXN-2763457c,C360-100216,Health Insurance,2023-07-02,2024-07-01,427,Expired,0
TXN-3b4832f7,C360-100216,Health Insurance,2024-07-01,2025-07-01,483,Expired,2
TXN-cc14c5fc,C360-100216,Health Insurance,2025-07-01,2026-07-01,527,Active,0
TXN-cfb1a47a,C360-100216,Life Insurance,2021-07-02,2022-07-02,1217,Expired,1
TXN-36be4261,C360-100216,Life Insurance,2022-07-02,2023-07-02,1259,Expired,0
TXN-3af697ca,C360-100216,Life Insurance,2023-07-02,2024-07-01,1277,Expired,0
TXN-ef57a8c7,C360-100216,Life Insurance,2024-07-01,2025-07-01,1322,Expired,0
TXN-446e53a0,C360-100216,Life Insurance,2025-07-01,2026-07-01,1381,Active,0
TXN-7b5ac600,C360-100216,Motor Insurance,2021-07-02,2022-07-02,1274,Expired,0
TXN-e727d326,C360-100216,Motor Insurance,2022-07-02,2023-07-02,1292,Expired,0
TXN-3175362a,C360-100216,Motor Insurance,2023-07-02,2024-07-01,1318,Expired,0
TXN-01986a40,C360-100216,Motor Insurance,2024-07-01,2025-07-01,1328,Expired,0
TXN-40fb7632,C360-100216,Motor Insurance,2025-07-01,2026-07-01,1378,Active,0
TXN-ba8f67d9,C360-100216,Accidental Insurance,2021-07-02,2022-07-02,482,Expired,0
TXN-549558b1,C360-100216,Accidental Insurance,2022-07-02,2023-07-02,523,Expired,0
TXN-242d3058,C360-100216,Accidental Insurance,2023-07-02,2024-07-01,516,Expired,0
TXN-2a85bd36,C360-100216,Accidental Insurance,2024-07-01,2025-07-01,554,Expired,0
TXN-85cf500d,C360-100216,Accidental Insurance,2025-07-01,2026-07-01,618,Active,0
TXN-816cff3f,C360-100217,Health Insurance,2021-07-02,2022-07-02,747,Expired,0
TXN-b1b5dafa,C360-100217,Health Insurance,2022-07-02,2023-07-02,761,Expired,0
TXN-b5f096c2,C360-100217,Health Insurance,2023-07-02,2024-07-01,843,Expired,0
TXN-5b178ee4,C360-100217,Health Insurance,2024-07-01,2025-07-01,816,Expired,0
TXN-244463de,C360-100217,Health Insurance,2025-07-01,2026-07-01,827,Active,0
TXN-2ce2f8c2,C360-100217,Life Insurance,2021-07-02,2022-07-02,790,Expired,0
TXN-928f3afd,C360-100217,Life Insurance,2022-07-02,2023-07-02,804,Expired,0
TXN-06825db3,C360-100217,Life Insurance,2023-07-02,2024-07-01,830,Expired,0
TXN-abc66ace,C360-100217,Life Insurance,2024-07-01,2025-07-01,934,Expired,0
TXN-713f1256,C360-100217,Life Insurance,2025-07-01,2026-07-01,878,Active,0
TXN-cff36a8d,C360-100217,Motor Insurance,2021-07-02,2022-07-02,1093,Expired,1
TXN-4ff2634e,C360-100217,Motor Insurance,2022-07-02,2023-07-02,1107,Expired,2
TXN-062ee81d,C360-100217,Motor Insurance,2023-07-02,2024-07-01,1167,Expired,0
TXN-8299e069,C360-100217,Motor Insurance,2024-07-01,2025-07-01,1159,Expired,0
TXN-822a62a8,C360-100217,Motor Insurance,2025-07-01,2026-07-01,1233,Active,0
TXN-c20e5661,C360-100217,Accidental Insurance,2021-07-02,2022-07-02,881,Expired,0
TXN-e94e9aa0,C360-100217,Accidental Insurance,2022-07-02,2023-07-02,911,Expired,0
TXN-eb941a65,C360-100217,Accidental Insurance,2023-07-02,2024-07-01,927,Expired,0
TXN-35eb4b3c,C360-100217,Accidental Insurance,2024-07-01,2025-07-01,944,Expired,1
TXN-af828d33,C360-100217,Accidental Insurance,2025-07-01,2026-07-01,1061,Active,0
TXN-1d3af7c9,C360-100218,Health Insurance,2021-07-02,2022-07-02,985,Expired,0
TXN-8dc4d48b,C360-100218,Health Insurance,2022-07-02,2023-07-02,1021,Expired,0
TXN-7161e5bf,C360-100218,Health Insurance,2023-07-02,2024-07-01,1045,Expired,0
TXN-489935db,C360-100218,Health Insurance,2024-07-01,2025-07-01,1102,Expired,1
TXN-7a27175a,C360-100218,Health Insurance,2025-07-01,2026-07-01,1101,Active,0
TXN-f229e0dd,C360-100218,Life Insurance,2021-07-02,2022-07-02,1314,Expired,0
TXN-bc662142,C360-100218,Life Insurance,2022-07-02,2023-07-02,1337,Expired,0
TXN-94f6f068,C360-100218,Life Insurance,2023-07-02,2024-07-01,1382,Expired,0
TXN-e3c74eb3,C360-100218,Life Insurance,2024-07-01,2025-07-01,1455,Expired,0
TXN-1be5cb7e,C360-100218,Life Insurance,2025-07-01,2026-07-01,1418,Active,0
TXN-621b85d4,C360-100218,Motor Insurance,2021-07-02,2022-07-02,642,Expired,0
TXN-5801c29f,C360-100218,Motor Insurance,2022-07-02,2023-07-02,688,Expired,0
TXN-04777eb5,C360-100218,Motor Insurance,2023-07-02,2024-07-01,722,Expired,0
TXN-a594eeb0,C360-100218,Motor Insurance,2024-07-01,2025-07-01,708,Expired,0
TXN-93cf33c8,C360-100218,Motor Insurance,2025-07-01,2026-07-01,734,Active,0
TXN-3224c26d,C360-100218,Accidental Insurance,2021-07-02,2022-07-02,744,Expired,0
TXN-cf3a27ad,C360-100218,Accidental Insurance,2022-07-02,2023-07-02,793,Expired,0
TXN-8f0b25bf,C360-100218,Accidental Insurance,2023-07-02,2024-07-01,774,Expired,0
TXN-eb5731a4,C360-100218,Accidental Insurance,2024-07-01,2025-07-01,834,Expired,0
TXN-278b712e,C360-100218,Accidental Insurance,2025-07-01,2026-07-01,912,Active,0
TXN-171bbf49,C360-100219,Accidental Insurance,2021-07-02,2022-07-02,1175,Expired,0
TXN-8102c68c,C360-100219,Accidental Insurance,2022-07-02,2023-07-02,1199,Expired,1
TXN-e5a41276,C360-100219,Accidental Insurance,2023-07-02,2024-07-01,1235,Expired,0
TXN-d87a7433,C360-100219,Accidental Insurance,2024-07-01,2025-07-01,1247,Expired,0
TXN-d4c57551,C360-100219,Accidental Insurance,2025-07-01,2026-07-01,1299,Active,1
TXN-eb34d98f,C360-100220,Health Insurance,2021-07-02,2022-07-02,423,Expired,0
TXN-14817549,C360-100220,Health Insurance,2022-07-02,2023-07-02,434,Expired,0
TXN-7b10e986,C360-100220,Health Insurance,2023-07-02,2024-07-01,515,Expired,0
TXN-5ec1c74f,C360-100220,Health Insurance,2024-07-01,2025-07-01,552,Expired,0
TXN-9807a8f5,C360-100220,Health Insurance,2025-07-01,2026-07-01,511,Active,1
TXN-aa614f4f,C360-100220,Life Insurance,2021-07-02,2022-07-02,1059,Expired,0
TXN-dc754dc5,C360-100220,Life Insurance,2022-07-02,2023-07-02,1102,Expired,0
TXN-b0e254c6,C360-100220,Life Insurance,2023-07-02,2024-07-01,1103,Expired,1
TXN-e45e84f9,C360-100220,Life Insurance,2024-07-01,2025-07-01,1155,Expired,0
TXN-3461ffdc,C360-100220,Life Insurance,2025-07-01,2026-07-01,1099,Active,1
TXN-53e8dff7,C360-100220,Motor Insurance,2021-07-02,2022-07-02,930,Expired,2
TXN-2d96b355,C360-100220,Motor Insurance,2022-07-02,2023-07-02,974,Expired,0
TXN-71be09a3,C360-100220,Motor Insurance,2023-07-02,2024-07-01,976,Expired,0
TXN-9f71b8b9,C360-100220,Motor Insurance,2024-07-01,2025-07-01,1035,Expired,0
TXN-b7022d36,C360-100220,Motor Insurance,2025-07-01,2026-07-01,990,Active,0
TXN-3fb380d8,C360-100220,Accidental Insurance,2021-07-02,2022-07-02,1440,Expired,1
TXN-0a59d89f,C360-100220,Accidental Insurance,2022-07-02,2023-07-02,1488,Expired,0
TXN-7d4cc78b,C360-100220,Accidental Insurance,2023-07-02,2024-07-01,1472,Expired,0
TXN-8e28732f,C360-100220,Accidental Insurance,2024-07-01,2025-07-01,1530,Expired,0
TXN-ac8b1271,C360-100220,Accidental Insurance,2025-07-01,2026-07-01,1536,Active,0
TXN-258ca3eb,C360-100221,Life Insurance,2021-07-02,2022-07-02,432,Expired,2
TXN-6d2fc11c,C360-100221,Life Insurance,2022-07-02,2023-07-02,457,Expired,2
TXN-d8154f9c,C360-100221,Life Insurance,2023-07-02,2024-07-01,508,Expired,0
TXN-1cfe3a1a,C360-100221,Life Insurance,2024-07-01,2025-07-01,513,Expired,0
TXN-49b257ef,C360-100221,Life Insurance,2025-07-01,2026-07-01,608,Active,0
TXN-3d265a1c,C360-100222,Life Insurance,2021-07-02,2022-07-02,457,Expired,0
TXN-e1b6f64b,C360-100222,Life Insurance,2022-07-02,2023-07-02,503,Expired,0
TXN-448395ef,C360-100222,Life Insurance,2023-07-02,2024-07-01,487,Expired,0
TXN-89936acd,C360-100222,Life Insurance,2024-07-01,2025-07-01,487,Expired,0
TXN-dbb3ea95,C360-100222,Life Insurance,2025-07-01,2026-07-01,645,Active,2
TXN-0f1066ba,C360-100222,Accidental Insurance,2021-07-02,2022-07-02,696,Expired,0
TXN-83bc465a,C360-100222,Accidental Insurance,2022-07-02,2023-07-02,716,Expired,1
TXN-072a7f30,C360-100222,Accidental Insurance,2023-07-02,2024-07-01,796,Expired,0
TXN-33801c0a,C360-100222,Accidental Insurance,2024-07-01,2025-07-01,735,Expired,0
TXN-9b89dd6c,C360-100222,Accidental Insurance,2025-07-01,2026-07-01,872,Active,0
TXN-df2852c1,C360-100223,Health Insurance,2021-07-02,2022-07-02,437,Expired,1
TXN-463e6e30,C360-100223,Health Insurance,2022-07-02,2023-07-02,454,Expired,0
TXN-ea54e22b,C360-100223,Health Insurance,2023-07-02,2024-07-01,493,Expired,0
TXN-c87059e4,C360-100223,Health Insurance,2024-07-01,2025-07-01,527,Expired,1
TXN-9f76064f,C360-100223,Health Insurance,2025-07-01,2026-07-01,593,Active,2
TXN-d42266bc,C360-100223,Life Insurance,2021-07-02,2022-07-02,739,Expired,2
TXN-a64d3f41,C360-100223,Life Insurance,2022-07-02,2023-07-02,770,Expired,0
TXN-71e5f95b,C360-100223,Motor Insurance,2021-07-02,2022-07-02,1085,Expired,0
TXN-d6d18879,C360-100223,Motor Insurance,2022-07-02,2023-07-02,1105,Expired,0
TXN-77a364f4,C360-100223,Accidental Insurance,2021-07-02,2022-07-02,584,Expired,0
TXN-dd3fb6ba,C360-100223,Accidental Insurance,2022-07-02,2023-07-02,629,Expired,0
TXN-a62380ed,C360-100223,Accidental Insurance,2023-07-02,2024-07-01,654,Expired,0
TXN-e108ecd3,C360-100224,Health Insurance,2021-07-02,2022-07-02,400,Expired,0
TXN-2c0b19d0,C360-100224,Health Insurance,2022-07-02,2023-07-02,412,Expired,1
TXN-eb714b68,C360-100224,Health Insurance,2023-07-02,2024-07-01,498,Expired,2
TXN-b6d8325b,C360-100224,Health Insurance,2024-07-01,2025-07-01,487,Expired,0
TXN-8c6574c1,C360-100224,Health Insurance,2025-07-01,2026-07-01,448,Active,0
TXN-81ead094,C360-100224,Accidental Insurance,2021-07-02,2022-07-02,1274,Expired,0
TXN-6d6999f1,C360-100224,Accidental Insurance,2022-07-02,2023-07-02,1302,Expired,0
TXN-e8a9db12,C360-100224,Accidental Insurance,2023-07-02,2024-07-01,1300,Expired,0
TXN-984c3f6d,C360-100224,Accidental Insurance,2024-07-01,2025-07-01,1310,Expired,0
TXN-7855b4a1,C360-100224,Accidental Insurance,2025-07-01,2026-07-01,1370,Active,1
TXN-050f19ca,C360-100225,Accidental Insurance,2021-07-02,2022-07-02,411,Expired,0
TXN-82adf66a,C360-100225,Accidental Insurance,2022-07-02,2023-07-02,434,Expired,0
TXN-7c36ebf3,C360-100225,Accidental Insurance,2023-07-02,2024-07-01,479,Expired,0
TXN-72fd3af7,C360-100225,Accidental Insurance,2024-07-01,2025-07-01,462,Expired,0
TXN-4fed6cff,C360-100225,Accidental Insurance,2025-07-01,2026-07-01,467,Active,0
TXN-6be1b7d6,C360-100226,Health Insurance,2021-07-02,2022-07-02,1451,Expired,0
TXN-a0d84985,C360-100226,Health Insurance,2022-07-02,2023-07-02,1468,Expired,1
TXN-1a9528ba,C360-100226,Health Insurance,2023-07-02,2024-07-01,1473,Expired,0
TXN-115f6dd7,C360-100226,Health Insurance,2024-07-01,2025-07-01,1577,Expired,1
TXN-19b15927,C360-100226,Health Insurance,2025-07-01,2026-07-01,1631,Active,0
TXN-fbec3b27,C360-100226,Accidental Insurance,2021-07-02,2022-07-02,1267,Expired,0
TXN-23465028,C360-100226,Accidental Insurance,2022-07-02,2023-07-02,1283,Expired,0
TXN-dc784424,C360-100226,Accidental Insurance,2023-07-02,2024-07-01,1313,Expired,1
TXN-a2d2f8a0,C360-100226,Accidental Insurance,2024-07-01,2025-07-01,1378,Expired,0
TXN-b434d6f5,C360-100226,Accidental Insurance,2025-07-01,2026-07-01,1395,Active,0
TXN-cba664a7,C360-100227,Accidental Insurance,2021-07-02,2022-07-02,862,Expired,0
TXN-b53b4330,C360-100227,Accidental Insurance,2022-07-02,2023-07-02,901,Expired,0
TXN-f186409d,C360-100227,Accidental Insurance,2023-07-02,2024-07-01,954,Expired,0
TXN-45909fc8,C360-100227,Accidental Insurance,2024-07-01,2025-07-01,940,Expired,0
TXN-30f0947d,C360-100227,Accidental Insurance,2025-07-01,2026-07-01,1014,Active,1
TXN-dcf9d81c,C360-100228,Life Insurance,2021-07-02,2022-07-02,1199,Expired,1
TXN-067d1450,C360-100228,Life Insurance,2022-07-02,2023-07-02,1215,Expired,0
TXN-cb49a035,C360-100228,Life Insurance,2023-07-02,2024-07-01,1271,Expired,0
TXN-8e3da626,C360-100228,Life Insurance,2024-07-01,2025-07-01,1244,Expired,1
TXN-f01b475f,C360-100228,Life Insurance,2025-07-01,2026-07-01,1335,Active,0
TXN-6c83c70d,C360-100229,Health Insurance,2021-07-02,2022-07-02,1099,Expired,0
TXN-babd30f3,C360-100229,Health Insurance,2022-07-02,2023-07-02,1148,Expired,0
TXN-ef82a996,C360-100229,Health Insurance,2023-07-02,2024-07-01,1173,Expired,0
TXN-8ed510d5,C360-100229,Health Insurance,2024-07-01,2025-07-01,1249,Expired,0
TXN-ddea5876,C360-100229,Health Insurance,2025-07-01,2026-07-01,1275,Active,0
TXN-343ba33c,C360-100229,Accidental Insurance,2021-07-02,2022-07-02,1083,Expired,0
TXN-03752189,C360-100229,Accidental Insurance,2022-07-02,2023-07-02,1132,Expired,0
TXN-5b955abf,C360-100229,Accidental Insurance,2023-07-02,2024-07-01,1109,Expired,0
TXN-94dbfa8a,C360-100229,Accidental Insurance,2024-07-01,2025-07-01,1215,Expired,0
TXN-64ca68b3,C360-100229,Accidental Insurance,2025-07-01,2026-07-01,1255,Active,0
TXN-d886cff9,C360-100230,Health Insurance,2021-07-02,2022-07-02,821,Expired,0
TXN-4ec74970,C360-100230,Health Insurance,2022-07-02,2023-07-02,850,Expired,0
TXN-fe0f2287,C360-100230,Health Insurance,2023-07-02,2024-07-01,897,Expired,0
TXN-38fe41fd,C360-100230,Health Insurance,2024-07-01,2025-07-01,878,Expired,0
TXN-9094474e,C360-100230,Health Insurance,2025-07-01,2026-07-01,989,Active,0
TXN-1848bfdb,C360-100231,Health Insurance,2021-07-02,2022-07-02,385,Expired,0
TXN-4e61a538,C360-100231,Health Insurance,2022-07-02,2023-07-02,411,Expired,0
TXN-0748db47,C360-100231,Health Insurance,2023-07-02,2024-07-01,441,Expired,0
TXN-d867f2b9,C360-100231,Health Insurance,2024-07-01,2025-07-01,529,Expired,0
TXN-e641f485,C360-100231,Health Insurance,2025-07-01,2026-07-01,433,Active,0
TXN-55b49f08,C360-100232,Health Insurance,2021-07-02,2022-07-02,1327,Expired,0
TXN-cb8b30ad,C360-100232,Health Insurance,2022-07-02,2023-07-02,1339,Expired,1
TXN-348bd72e,C360-100232,Health Insurance,2023-07-02,2024-07-01,1383,Expired,0
TXN-3fb6b81a,C360-100232,Health Insurance,2024-07-01,2025-07-01,1468,Expired,2
TXN-826a998c,C360-100232,Health Insurance,2025-07-01,2026-07-01,1455,Active,0
TXN-93abb002,C360-100233,Accidental Insurance,2021-07-02,2022-07-02,879,Expired,0
TXN-f443dee7,C360-100233,Accidental Insurance,2022-07-02,2023-07-02,929,Expired,0
TXN-92072f89,C360-100233,Accidental Insurance,2023-07-02,2024-07-01,899,Expired,0
TXN-28acc2ef,C360-100233,Accidental Insurance,2024-07-01,2025-07-01,1011,Expired,1
TXN-735c2050,C360-100233,Accidental Insurance,2025-07-01,2026-07-01,931,Active,0
TXN-4ef978b7,C360-100233,Life Insurance,2021-07-02,2022-07-02,409,Expired,0
TXN-76920a37,C360-100233,Life Insurance,2022-07-02,2023-07-02,449,Expired,1
TXN-788d60fa,C360-100233,Life Insurance,2023-07-02,2024-07-01,503,Expired,0
TXN-431edd84,C360-100233,Life Insurance,2024-07-01,2025-07-01,481,Expired,0
TXN-1c00320c,C360-100233,Life Insurance,2025-07-01,2026-07-01,513,Active,0
TXN-8b4d65d4,C360-100234,Life Insurance,2021-07-02,2022-07-02,664,Expired,0
TXN-233e04f4,C360-100234,Life Insurance,2022-07-02,2023-07-02,712,Expired,0
TXN-a0cf842f,C360-100234,Life Insurance,2023-07-02,2024-07-01,694,Expired,0
TXN-11fc6f99,C360-100234,Life Insurance,2024-07-01,2025-07-01,742,Expired,1
TXN-2351f91f,C360-100234,Life Insurance,2025-07-01,2026-07-01,864,Cancelled,0
TXN-fd6bbb91,C360-100235,Health Insurance,2021-07-02,2022-07-02,1457,Expired,0
TXN-543b4b43,C360-100235,Health Insurance,2022-07-02,2023-07-02,1484,Expired,0
TXN-7341b6bb,C360-100235,Health Insurance,2023-07-02,2024-07-01,1519,Expired,0
TXN-092697b1,C360-100235,Health Insurance,2024-07-01,2025-07-01,1544,Expired,0
TXN-acbb1b59,C360-100235,Health Insurance,2025-07-01,2026-07-01,1641,Active,0
TXN-0f0c2401,C360-100235,Life Insurance,2021-07-02,2022-07-02,456,Expired,0
TXN-a5fbac2e,C360-100235,Life Insurance,2022-07-02,2023-07-02,491,Expired,0
TXN-cbcc83c2,C360-100235,Life Insurance,2023-07-02,2024-07-01,530,Expired,0
TXN-4fd4df29,C360-100235,Life Insurance,2024-07-01,2025-07-01,600,Expired,1
TXN-3e7ac3f4,C360-100235,Life Insurance,2025-07-01,2026-07-01,504,Active,0
TXN-498900b0,C360-100235,Motor Insurance,2021-07-02,2022-07-02,737,Expired,0
TXN-71d51938,C360-100235,Motor Insurance,2022-07-02,2023-07-02,780,Expired,0
TXN-11dd6dc5,C360-100235,Motor Insurance,2023-07-02,2024-07-01,797,Expired,1
TXN-f17baecc,C360-100235,Motor Insurance,2024-07-01,2025-07-01,884,Expired,0
TXN-333971f1,C360-100235,Motor Insurance,2025-07-01,2026-07-01,833,Active,0
TXN-cc63b0f7,C360-100235,Accidental Insurance,2021-07-02,2022-07-02,1466,Expired,0
TXN-0cf89d3e,C360-100235,Accidental Insurance,2022-07-02,2023-07-02,1503,Expired,0
TXN-9a2389a8,C360-100235,Accidental Insurance,2023-07-02,2024-07-01,1498,Expired,0
TXN-d6624519,C360-100235,Accidental Insurance,2024-07-01,2025-07-01,1598,Expired,0
TXN-442812af,C360-100235,Accidental Insurance,2025-07-01,2026-07-01,1610,Active,0
TXN-2dd2530a,C360-100236,Accidental Insurance,2021-07-02,2022-07-02,593,Expired,0
TXN-4926a38a,C360-100236,Accidental Insurance,2022-07-02,2023-07-02,632,Expired,1
TXN-34a47fc7,C360-100236,Accidental Insurance,2023-07-02,2024-07-01,683,Expired,1
TXN-5a7ba936,C360-100236,Life Insurance,2021-07-02,2022-07-02,806,Expired,2
TXN-5a55f312,C360-100236,Life Insurance,2022-07-02,2023-07-02,825,Expired,1
TXN-c7b32a69,C360-100236,Life Insurance,2023-07-02,2024-07-01,826,Expired,0
TXN-ddfa0c21,C360-100237,Health Insurance,2021-07-02,2022-07-02,391,Expired,0
TXN-351b851c,C360-100237,Health Insurance,2022-07-02,2023-07-02,435,Expired,1
TXN-cc8edcf0,C360-100238,Motor Insurance,2021-07-02,2022-07-02,1174,Expired,2
TXN-0f38964f,C360-100238,Motor Insurance,2022-07-02,2023-07-02,1193,Expired,0
TXN-22cdb177,C360-100238,Motor Insurance,2023-07-02,2024-07-01,1202,Expired,0
TXN-82400d3b,C360-100238,Motor Insurance,2024-07-01,2025-07-01,1213,Expired,0
TXN-842800ae,C360-100238,Motor Insurance,2025-07-01,2026-07-01,1346,Active,2
TXN-1dea891e,C360-100238,Health Insurance,2021-07-02,2022-07-02,505,Expired,0
TXN-7eda46a2,C360-100238,Health Insurance,2022-07-02,2023-07-02,525,Expired,0
TXN-7c36dc95,C360-100238,Health Insurance,2023-07-02,2024-07-01,603,Expired,0
TXN-5ae1a9e2,C360-100238,Health Insurance,2024-07-01,2025-07-01,595,Expired,1
TXN-eccbab67,C360-100238,Health Insurance,2025-07-01,2026-07-01,689,Active,0
TXN-0d141e1e,C360-100239,Health Insurance,2021-07-02,2022-07-02,710,Expired,1
TXN-47da7dea,C360-100239,Health Insurance,2022-07-02,2023-07-02,730,Expired,0
TXN-c5733480,C360-100239,Health Insurance,2023-07-02,2024-07-01,782,Expired,0
TXN-b9cf282b,C360-100239,Health Insurance,2024-07-01,2025-07-01,743,Expired,2
TXN-18ec4d06,C360-100239,Health Insurance,2025-07-01,2026-07-01,894,Active,0
TXN-147164c4,C360-100239,Life Insurance,2021-07-02,2022-07-02,405,Expired,0
TXN-b3e328fb,C360-100239,Life Insurance,2022-07-02,2023-07-02,439,Expired,1
TXN-6219bd4a,C360-100239,Life Insurance,2023-07-02,2024-07-01,459,Expired,0
TXN-706b27eb,C360-100239,Life Insurance,2024-07-01,2025-07-01,552,Expired,0
TXN-82ff4b7a,C360-100239,Life Insurance,2025-07-01,2026-07-01,449,Active,0
TXN-b0131a94,C360-100239,Motor Insurance,2021-07-02,2022-07-02,1387,Expired,0
TXN-22aa0f1a,C360-100239,Motor Insurance,2022-07-02,2023-07-02,1421,Expired,0
TXN-5cb628fe,C360-100239,Motor Insurance,2023-07-02,2024-07-01,1415,Expired,1
TXN-dc518e83,C360-100239,Motor Insurance,2024-07-01,2025-07-01,1504,Expired,1
TXN-f3819aef,C360-100239,Motor Insurance,2025-07-01,2026-07-01,1483,Active,0
TXN-825ac3b5,C360-100239,Accidental Insurance,2021-07-02,2022-07-02,509,Expired,0
TXN-aa253fd7,C360-100239,Accidental Insurance,2022-07-02,2023-07-02,538,Expired,2
TXN-e70c407e,C360-100239,Accidental Insurance,2023-07-02,2024-07-01,537,Expired,0
TXN-64abd267,C360-100239,Accidental Insurance,2024-07-01,2025-07-01,605,Expired,1
TXN-b784ee5d,C360-100239,Accidental Insurance,2025-07-01,2026-07-01,637,Active,0
TXN-072decaf,C360-100240,Life Insurance,2021-07-02,2022-07-02,459,Expired,0
TXN-afd74742,C360-100240,Life Insurance,2022-07-02,2023-07-02,472,Expired,0
TXN-3795d7e2,C360-100240,Life Insurance,2023-07-02,2024-07-01,489,Expired,0
TXN-33a96f65,C360-100240,Life Insurance,2024-07-01,2025-07-01,516,Expired,0
TXN-8def7a19,C360-100240,Life Insurance,2025-07-01,2026-07-01,639,Active,0
TXN-62aeb8ab,C360-100241,Health Insurance,2021-07-02,2022-07-02,335,Expired,1
TXN-d3e2b618,C360-100241,Health Insurance,2022-07-02,2023-07-02,346,Expired,0
TXN-2451b1c1,C360-100241,Health Insurance,2023-07-02,2024-07-01,395,Expired,0
TXN-50b70124,C360-100241,Health Insurance,2024-07-01,2025-07-01,386,Expired,0
TXN-f4759696,C360-100241,Health Insurance,2025-07-01,2026-07-01,463,Active,1
TXN-8441ea08,C360-100241,Life Insurance,2021-07-02,2022-07-02,847,Expired,1
TXN-e1530dce,C360-100241,Life Insurance,2022-07-02,2023-07-02,869,Expired,0
TXN-2b6b2874,C360-100241,Life Insurance,2023-07-02,2024-07-01,869,Expired,0
TXN-ff75be2b,C360-100241,Life Insurance,2024-07-01,2025-07-01,940,Expired,0
TXN-a68da2e6,C360-100241,Life Insurance,2025-07-01,2026-07-01,899,Active,0
TXN-a22b7a19,C360-100241,Motor Insurance,2021-07-02,2022-07-02,1031,Expired,1
TXN-44881264,C360-100241,Motor Insurance,2022-07-02,2023-07-02,1066,Expired,0
TXN-c231663e,C360-100241,Motor Insurance,2023-07-02,2024-07-01,1069,Expired,0
TXN-ba71aeae,C360-100241,Motor Insurance,2024-07-01,2025-07-01,1118,Expired,0
TXN-6baf6e14,C360-100241,Motor Insurance,2025-07-01,2026-07-01,1163,Active,0
TXN-a5937010,C360-100241,Accidental Insurance,2021-07-02,2022-07-02,588,Expired,0
TXN-83932ba8,C360-100241,Accidental Insurance,2022-07-02,2023-07-02,627,Expired,0
TXN-fc82eac5,C360-100241,Accidental Insurance,2023-07-02,2024-07-01,630,Expired,1
TXN-990629c3,C360-100241,Accidental Insurance,2024-07-01,2025-07-01,726,Expired,0
TXN-c083af88,C360-100241,Accidental Insurance,2025-07-01,2026-07-01,768,Active,0
TXN-8f2d3161,C360-100242,Life Insurance,2021-07-02,2022-07-02,1439,Expired,0
TXN-65401585,C360-100242,Life Insurance,2022-07-02,2023-07-02,1474,Expired,0
TXN-60723355,C360-100243,Motor Insurance,2021-07-02,2022-07-02,899,Expired,1
TXN-4c71eaf4,C360-100243,Motor Insurance,2022-07-02,2023-07-02,920,Expired,0
TXN-ed5899e0,C360-100243,Motor Insurance,2023-07-02,2024-07-01,999,Expired,2
TXN-71ec287a,C360-100243,Motor Insurance,2024-07-01,2025-07-01,1010,Expired,0
TXN-5568c035,C360-100243,Motor Insurance,2025-07-01,2026-07-01,1079,Active,0
TXN-5b6918da,C360-100244,Health Insurance,2021-07-02,2022-07-02,1256,Expired,0
TXN-919ea3e6,C360-100244,Health Insurance,2022-07-02,2023-07-02,1298,Expired,0
TXN-a38d9242,C360-100244,Health Insurance,2023-07-02,2024-07-01,1352,Expired,1
TXN-34af2500,C360-100244,Life Insurance,2021-07-02,2022-07-02,459,Expired,0
TXN-05645e1d,C360-100244,Life Insurance,2022-07-02,2023-07-02,490,Expired,0
TXN-a2548fb8,C360-100244,Life Insurance,2023-07-02,2024-07-01,495,Expired,0
TXN-a95edc8c,C360-100244,Life Insurance,2024-07-01,2025-07-01,606,Expired,0
TXN-7d8fef1d,C360-100244,Life Insurance,2025-07-01,2026-07-01,543,Active,0
TXN-17cab6e5,C360-100244,Motor Insurance,2021-07-02,2022-07-02,1103,Expired,0
TXN-12d8ae58,C360-100244,Motor Insurance,2022-07-02,2023-07-02,1132,Expired,1
TXN-2e056f1b,C360-100244,Motor Insurance,2023-07-02,2024-07-01,1191,Expired,0
TXN-a7f307d5,C360-100244,Motor Insurance,2024-07-01,2025-07-01,1190,Expired,0
TXN-bb3766f5,C360-100244,Motor Insurance,2025-07-01,2026-07-01,1291,Cancelled,0
TXN-aafd23af,C360-100244,Accidental Insurance,2021-07-02,2022-07-02,1227,Expired,2
TXN-1e1c8841,C360-100244,Accidental Insurance,2022-07-02,2023-07-02,1242,Expired,0
TXN-c72ed743,C360-100244,Accidental Insurance,2023-07-02,2024-07-01,1263,Expired,0
TXN-7e2ecf8c,C360-100245,Life Insurance,2021-07-02,2022-07-02,452,Expired,2
TXN-abbf2693,C360-100245,Life Insurance,2022-07-02,2023-07-02,484,Expired,1
TXN-4b02c1f2,C360-100245,Life Insurance,2023-07-02,2024-07-01,482,Expired,1
TXN-58c3c589,C360-100245,Motor Insurance,2021-07-02,2022-07-02,826,Expired,0
TXN-413131f9,C360-100245,Motor Insurance,2022-07-02,2023-07-02,849,Expired,2
TXN-10c2a530,C360-100245,Motor Insurance,2023-07-02,2024-07-01,884,Expired,0
TXN-9f9cddd9,C360-100245,Motor Insurance,2024-07-01,2025-07-01,877,Expired,1
TXN-bc95fe86,C360-100245,Motor Insurance,2025-07-01,2026-07-01,906,Active,1
TXN-3218b936,C360-100246,Motor Insurance,2021-07-02,2022-07-02,1122,Expired,0
TXN-404641e4,C360-100246,Motor Insurance,2022-07-02,2023-07-02,1159,Expired,0
TXN-973fc06a,C360-100246,Motor Insurance,2023-07-02,2024-07-01,1156,Expired,0
TXN-bfd44c57,C360-100246,Motor Insurance,2024-07-01,2025-07-01,1257,Expired,2
TXN-304edce3,C360-100246,Motor Insurance,2025-07-01,2026-07-01,1258,Cancelled,0
TXN-213f448b,C360-100248,Motor Insurance,2021-07-02,2022-07-02,579,Expired,1
TXN-ab188029,C360-100248,Motor Insurance,2022-07-02,2023-07-02,616,Expired,0
TXN-4d5e1abd,C360-100248,Motor Insurance,2023-07-02,2024-07-01,643,Expired,0
TXN-2bd04862,C360-100248,Motor Insurance,2024-07-01,2025-07-01,693,Expired,0
TXN-0fc389e5,C360-100248,Motor Insurance,2025-07-01,2026-07-01,775,Active,2
TXN-9a491d4b,C360-100249,Health Insurance,2021-07-02,2022-07-02,823,Expired,0
TXN-6b57c573,C360-100249,Health Insurance,2022-07-02,2023-07-02,861,Expired,0
TXN-0313ab49,C360-100249,Health Insurance,2023-07-02,2024-07-01,883,Expired,0
TXN-c926f154,C360-100249,Health Insurance,2024-07-01,2025-07-01,922,Expired,0
TXN-908998b6,C360-100249,Health Insurance,2025-07-01,2026-07-01,899,Active,0
TXN-acec15c6,C360-100249,Life Insurance,2021-07-02,2022-07-02,1337,Expired,0
TXN-4d3d57ee,C360-100249,Life Insurance,2022-07-02,2023-07-02,1363,Expired,0
TXN-a6466623,C360-100249,Life Insurance,2023-07-02,2024-07-01,1401,Expired,0
TXN-f387bc21,C360-100249,Life Insurance,2024-07-01,2025-07-01,1385,Expired,0
TXN-8c514d45,C360-100249,Life Insurance,2025-07-01,2026-07-01,1433,Active,0
TXN-4855f4b2,C360-100249,Motor Insurance,2021-07-02,2022-07-02,936,Expired,0
TXN-dfc95b07,C360-100249,Motor Insurance,2022-07-02,2023-07-02,959,Expired,0
TXN-4c2226d0,C360-100249,Motor Insurance,2023-07-02,2024-07-01,972,Expired,0
TXN-bb4508a3,C360-100249,Motor Insurance,2024-07-01,2025-07-01,1038,Expired,2
TXN-bfab6295,C360-100249,Motor Insurance,2025-07-01,2026-07-01,1080,Active,0
TXN-ecfe2e85,C360-100249,Accidental Insurance,2021-07-02,2022-07-02,1489,Expired,0
TXN-fb70b76c,C360-100249,Accidental Insurance,2022-07-02,2023-07-02,1506,Expired,0
TXN-a7f26b5a,C360-100249,Accidental Insurance,2023-07-02,2024-07-01,1523,Expired,0
TXN-3d4cda2f,C360-100249,Accidental Insurance,2024-07-01,2025-07-01,1639,Expired,0
TXN-a7bfe903,C360-100249,Accidental Insurance,2025-07-01,2026-07-01,1557,Active,1
TXN-67be506e,C360-100250,Health Insurance,2021-07-02,2022-07-02,1274,Expired,0
TXN-16a8a3ea,C360-100250,Health Insurance,2022-07-02,2023-07-02,1299,Expired,0
TXN-81ce830d,C360-100250,Health Insurance,2023-07-02,2024-07-01,1320,Expired,0
TXN-343763cc,C360-100250,Health Insurance,2024-07-01,2025-07-01,1412,Expired,0
TXN-cfd62827,C360-100250,Health Insurance,2025-07-01,2026-07-01,1322,Active,0
TXN-0c80244f,C360-100250,Life Insurance,2021-07-02,2022-07-02,873,Expired,0
TXN-d62a97a9,C360-100250,Motor Insurance,2021-07-02,2022-07-02,911,Expired,0
TXN-5a57374f,C360-100250,Motor Insurance,2022-07-02,2023-07-02,951,Expired,1
TXN-dfa0cdb6,C360-100250,Motor Insurance,2023-07-02,2024-07-01,977,Expired,1
TXN-c0fede97,C360-100250,Motor Insurance,2024-07-01,2025-07-01,1037,Expired,0
TXN-23bff5b5,C360-100250,Motor Insurance,2025-07-01,2026-07-01,1079,Active,1
TXN-8fef5ec7,C360-100250,Accidental Insurance,2021-07-02,2022-07-02,316,Expired,1
TXN-02b0d09a,C360-100250,Accidental Insurance,2022-07-02,2023-07-02,342,Expired,0
TXN-7a555b88,C360-100250,Accidental Insurance,2023-07-02,2024-07-01,384,Expired,1
TXN-41c74613,C360-100250,Accidental Insurance,2024-07-01,2025-07-01,430,Expired,1
TXN-f83342e2,C360-100250,Accidental Insurance,2025-07-01,2026-07-01,384,Cancelled,0
TXN-df32c480,C360-100251,Health Insurance,2021-07-02,2022-07-02,837,Expired,0
TXN-95ec8f52,C360-100251,Health Insurance,2022-07-02,2023-07-02,865,Expired,0
TXN-41afd3d5,C360-100251,Health Insurance,2023-07-02,2024-07-01,897,Expired,0
TXN-bf8ef44c,C360-100251,Health Insurance,2024-07-01,2025-07-01,975,Expired,0
TXN-22242876,C360-100251,Health Insurance,2025-07-01,2026-07-01,901,Cancelled,0
TXN-d6a77e7a,C360-100251,Life Insurance,2021-07-02,2022-07-02,1210,Expired,1
TXN-268bef70,C360-100251,Life Insurance,2022-07-02,2023-07-02,1249,Expired,0
TXN-e33bc6fb,C360-100251,Life Insurance,2023-07-02,2024-07-01,1308,Expired,0
TXN-f81fd483,C360-100251,Life Insurance,2024-07-01,2025-07-01,1318,Expired,0
TXN-37fe88ea,C360-100251,Life Insurance,2025-07-01,2026-07-01,1258,Cancelled,0
TXN-3302caf7,C360-100251,Accidental Insurance,2021-07-02,2022-07-02,1356,Expired,1
TXN-69fbf071,C360-100251,Accidental Insurance,2022-07-02,2023-07-02,1370,Expired,1
TXN-ea7b3a94,C360-100251,Accidental Insurance,2023-07-02,2024-07-01,1382,Expired,1
TXN-e3c84d59,C360-100251,Accidental Insurance,2024-07-01,2025-07-01,1461,Expired,0
TXN-c3abd375,C360-100251,Accidental Insurance,2025-07-01,2026-07-01,1448,Cancelled,0
TXN-84fba776,C360-100252,Life Insurance,2021-07-02,2022-07-02,1340,Expired,0
TXN-70735cdf,C360-100252,Life Insurance,2022-07-02,2023-07-02,1357,Expired,0
TXN-939d3c0b,C360-100252,Life Insurance,2023-07-02,2024-07-01,1404,Expired,0
TXN-3562addb,C360-100252,Life Insurance,2024-07-01,2025-07-01,1427,Expired,1
TXN-bae9fb10,C360-100252,Life Insurance,2025-07-01,2026-07-01,1392,Active,0
TXN-b65c1b83,C360-100252,Motor Insurance,2021-07-02,2022-07-02,447,Expired,1
TXN-66dd9a77,C360-100252,Motor Insurance,2022-07-02,2023-07-02,458,Expired,0
TXN-1772f3e6,C360-100252,Motor Insurance,2023-07-02,2024-07-01,487,Expired,0
TXN-a30daf5e,C360-100252,Motor Insurance,2024-07-01,2025-07-01,558,Expired,0
TXN-2bf3b495,C360-100252,Motor Insurance,2025-07-01,2026-07-01,615,Active,0
TXN-cc8e6852,C360-100253,Accidental Insurance,2021-07-02,2022-07-02,480,Expired,0
TXN-8fcca38f,C360-100253,Accidental Insurance,2022-07-02,2023-07-02,530,Expired,1
TXN-101e522d,C360-100253,Accidental Insurance,2023-07-02,2024-07-01,556,Expired,1
TXN-d1be0ad1,C360-100253,Accidental Insurance,2024-07-01,2025-07-01,627,Expired,1
TXN-29cc745f,C360-100253,Accidental Insurance,2025-07-01,2026-07-01,672,Active,0
TXN-264b4223,C360-100254,Accidental Insurance,2021-07-02,2022-07-02,637,Expired,1
TXN-a749a085,C360-100254,Accidental Insurance,2022-07-02,2023-07-02,664,Expired,0
TXN-a10baaaf,C360-100254,Accidental Insurance,2023-07-02,2024-07-01,657,Expired,0
TXN-3eaf6138,C360-100254,Accidental Insurance,2024-07-01,2025-07-01,787,Expired,0
TXN-0fb653fe,C360-100254,Accidental Insurance,2025-07-01,2026-07-01,737,Active,1
TXN-eb5311fe,C360-100254,Health Insurance,2021-07-02,2022-07-02,1026,Expired,0
TXN-01c0b278,C360-100254,Health Insurance,2022-07-02,2023-07-02,1067,Expired,0
TXN-a1000a69,C360-100254,Health Insurance,2023-07-02,2024-07-01,1094,Expired,0
TXN-c4387197,C360-100254,Health Insurance,2024-07-01,2025-07-01,1089,Expired,0
TXN-9a46b466,C360-100254,Health Insurance,2025-07-01,2026-07-01,1082,Active,0
TXN-ae401d39,C360-100255,Accidental Insurance,2021-07-02,2022-07-02,1377,Expired,0
TXN-9095b153,C360-100255,Accidental Insurance,2022-07-02,2023-07-02,1408,Expired,2
TXN-e82925ee,C360-100255,Accidental Insurance,2023-07-02,2024-07-01,1449,Expired,0
TXN-37ecb16e,C360-100255,Accidental Insurance,2024-07-01,2025-07-01,1437,Expired,0
TXN-fc5b3604,C360-100255,Accidental Insurance,2025-07-01,2026-07-01,1465,Cancelled,0
TXN-3c5ac757,C360-100256,Health Insurance,2021-07-02,2022-07-02,366,Expired,0
TXN-356c266e,C360-100256,Health Insurance,2022-07-02,2023-07-02,402,Expired,0
TXN-454b81a2,C360-100256,Health Insurance,2023-07-02,2024-07-01,432,Expired,0
TXN-3ce8013f,C360-100256,Health Insurance,2024-07-01,2025-07-01,468,Expired,1
TXN-5ee3b1b6,C360-100256,Health Insurance,2025-07-01,2026-07-01,462,Cancelled,0
TXN-e3f7472d,C360-100257,Motor Insurance,2021-07-02,2022-07-02,1453,Expired,0
TXN-2dcd53c5,C360-100257,Motor Insurance,2022-07-02,2023-07-02,1487,Expired,0
TXN-a07c103c,C360-100257,Motor Insurance,2023-07-02,2024-07-01,1501,Expired,0
TXN-10b8b11c,C360-100257,Motor Insurance,2024-07-01,2025-07-01,1504,Expired,0
TXN-efb67b2a,C360-100257,Motor Insurance,2025-07-01,2026-07-01,1545,Cancelled,0
TXN-8cdc503a,C360-100258,Motor Insurance,2021-07-02,2022-07-02,1087,Expired,0
TXN-9e0617ff,C360-100258,Motor Insurance,2022-07-02,2023-07-02,1097,Expired,0
TXN-cf29080e,C360-100258,Motor Insurance,2023-07-02,2024-07-01,1119,Expired,1
TXN-1d2f8064,C360-100258,Motor Insurance,2024-07-01,2025-07-01,1195,Expired,1
TXN-e95be889,C360-100258,Motor Insurance,2025-07-01,2026-07-01,1163,Active,2
TXN-aee8d9d9,C360-100259,Health Insurance,2021-07-02,2022-07-02,833,Expired,0
TXN-7d7e193c,C360-100259,Health Insurance,2022-07-02,2023-07-02,846,Expired,0
TXN-1e809894,C360-100259,Health Insurance,2023-07-02,2024-07-01,871,Expired,0
TXN-6a7fce73,C360-100259,Health Insurance,2024-07-01,2025-07-01,941,Expired,0
TXN-27a3f5f7,C360-100259,Health Insurance,2025-07-01,2026-07-01,953,Active,0
TXN-38227627,C360-100259,Life Insurance,2021-07-02,2022-07-02,832,Expired,1
TXN-fe74bf38,C360-100259,Life Insurance,2022-07-02,2023-07-02,855,Expired,0
TXN-7a9bcd7e,C360-100259,Life Insurance,2023-07-02,2024-07-01,864,Expired,0
TXN-b20fa344,C360-100259,Life Insurance,2024-07-01,2025-07-01,982,Expired,0
TXN-ae3bd354,C360-100259,Life Insurance,2025-07-01,2026-07-01,916,Active,0
TXN-ae7d44fe,C360-100259,Motor Insurance,2021-07-02,2022-07-02,968,Expired,1
TXN-9d5567e4,C360-100259,Motor Insurance,2022-07-02,2023-07-02,991,Expired,2
TXN-558e687e,C360-100259,Motor Insurance,2023-07-02,2024-07-01,1064,Expired,0
TXN-dcff0fad,C360-100259,Motor Insurance,2024-07-01,2025-07-01,1028,Expired,0
TXN-25867bf2,C360-100259,Motor Insurance,2025-07-01,2026-07-01,1132,Active,0
TXN-719aafb6,C360-100259,Accidental Insurance,2021-07-02,2022-07-02,1286,Expired,0
TXN-e01c8156,C360-100259,Accidental Insurance,2022-07-02,2023-07-02,1324,Expired,0
TXN-d538c035,C360-100259,Accidental Insurance,2023-07-02,2024-07-01,1312,Expired,0
TXN-fe52039f,C360-100259,Accidental Insurance,2024-07-01,2025-07-01,1331,Expired,0
TXN-966192e3,C360-100259,Accidental Insurance,2025-07-01,2026-07-01,1442,Active,1
TXN-dca38341,C360-100260,Health Insurance,2021-07-02,2022-07-02,744,Expired,2
TXN-bc0617bf,C360-100260,Health Insurance,2022-07-02,2023-07-02,774,Expired,0
TXN-43414565,C360-100260,Health Insurance,2023-07-02,2024-07-01,830,Expired,0
TXN-5bc060fa,C360-100260,Health Insurance,2024-07-01,2025-07-01,867,Expired,0
TXN-ae759f29,C360-100260,Health Insurance,2025-07-01,2026-07-01,904,Cancelled,1
TXN-d57fced8,C360-100260,Motor Insurance,2021-07-02,2022-07-02,638,Expired,0
TXN-6651dfd9,C360-100260,Accidental Insurance,2021-07-02,2022-07-02,1409,Expired,0
TXN-0538a9ee,C360-100260,Accidental Insurance,2022-07-02,2023-07-02,1446,Expired,1
TXN-b1bf0a4e,C360-100260,Accidental Insurance,2023-07-02,2024-07-01,1499,Expired,0
TXN-eaac4049,C360-100260,Accidental Insurance,2024-07-01,2025-07-01,1535,Expired,0
TXN-3769e610,C360-100260,Accidental Insurance,2025-07-01,2026-07-01,1565,Cancelled,0
TXN-b971274c,C360-100261,Motor Insurance,2021-07-02,2022-07-02,1143,Expired,0
TXN-c3e55cf1,C360-100261,Motor Insurance,2022-07-02,2023-07-02,1190,Expired,0
TXN-77049ae2,C360-100261,Motor Insurance,2023-07-02,2024-07-01,1241,Expired,0
TXN-fb3043d4,C360-100261,Motor Insurance,2024-07-01,2025-07-01,1194,Expired,0
TXN-706ed59b,C360-100261,Motor Insurance,2025-07-01,2026-07-01,1311,Active,2
TXN-52d96442,C360-100261,Health Insurance,2021-07-02,2022-07-02,637,Expired,1
TXN-5ec9c5e7,C360-100261,Health Insurance,2022-07-02,2023-07-02,670,Expired,0
TXN-39730f56,C360-100261,Health Insurance,2023-07-02,2024-07-01,687,Expired,0
TXN-7a4878c4,C360-100261,Health Insurance,2024-07-01,2025-07-01,736,Expired,0
TXN-eff67172,C360-100261,Health Insurance,2025-07-01,2026-07-01,717,Active,0
TXN-3e5d647b,C360-100262,Motor Insurance,2021-07-02,2022-07-02,443,Expired,1
TXN-842d8e86,C360-100262,Motor Insurance,2022-07-02,2023-07-02,457,Expired,0
TXN-39f65934,C360-100262,Motor Insurance,2023-07-02,2024-07-01,525,Expired,2
TXN-b4b945a1,C360-100262,Motor Insurance,2024-07-01,2025-07-01,500,Expired,0
TXN-bc80c86b,C360-100262,Motor Insurance,2025-07-01,2026-07-01,575,Active,0
TXN-50c18147,C360-100263,Health Insurance,2021-07-02,2022-07-02,612,Expired,0
TXN-4228bc39,C360-100263,Health Insurance,2022-07-02,2023-07-02,646,Expired,0
TXN-4aaa6847,C360-100263,Health Insurance,2023-07-02,2024-07-01,654,Expired,0
TXN-b41580c7,C360-100263,Health Insurance,2024-07-01,2025-07-01,642,Expired,0
TXN-7ed74a54,C360-100263,Health Insurance,2025-07-01,2026-07-01,732,Active,0
TXN-9a2da836,C360-100263,Life Insurance,2021-07-02,2022-07-02,718,Expired,1
TXN-137a5d71,C360-100263,Life Insurance,2022-07-02,2023-07-02,762,Expired,0
TXN-97339293,C360-100263,Life Insurance,2023-07-02,2024-07-01,816,Expired,0
TXN-92709732,C360-100263,Life Insurance,2024-07-01,2025-07-01,823,Expired,1
TXN-31546a47,C360-100263,Life Insurance,2025-07-01,2026-07-01,906,Active,0
TXN-657bdf52,C360-100263,Motor Insurance,2021-07-02,2022-07-02,373,Expired,2
TXN-04035e83,C360-100263,Motor Insurance,2022-07-02,2023-07-02,415,Expired,2
TXN-90b67cd3,C360-100263,Motor Insurance,2023-07-02,2024-07-01,471,Expired,0
TXN-6a67612a,C360-100263,Motor Insurance,2024-07-01,2025-07-01,442,Expired,0
TXN-96f127c8,C360-100263,Motor Insurance,2025-07-01,2026-07-01,529,Active,0
TXN-d9fa71a9,C360-100263,Accidental Insurance,2021-07-02,2022-07-02,1141,Expired,0
TXN-91717770,C360-100263,Accidental Insurance,2022-07-02,2023-07-02,1152,Expired,0
TXN-fd601582,C360-100263,Accidental Insurance,2023-07-02,2024-07-01,1185,Expired,0
TXN-adc62dc4,C360-100263,Accidental Insurance,2024-07-01,2025-07-01,1270,Expired,1
TXN-3a4ddfe2,C360-100263,Accidental Insurance,2025-07-01,2026-07-01,1209,Active,0
TXN-a61017cf,C360-100264,Life Insurance,2021-07-02,2022-07-02,1475,Expired,0
TXN-e86d184f,C360-100264,Life Insurance,2022-07-02,2023-07-02,1487,Expired,0
TXN-7505e695,C360-100264,Life Insurance,2023-07-02,2024-07-01,1511,Expired,0
TXN-a6506f53,C360-100264,Health Insurance,2021-07-02,2022-07-02,1147,Expired,1
TXN-9d8b3450,C360-100264,Health Insurance,2022-07-02,2023-07-02,1191,Expired,0
TXN-81f2572b,C360-100264,Health Insurance,2023-07-02,2024-07-01,1189,Expired,2
TXN-e72bc952,C360-100265,Health Insurance,2021-07-02,2022-07-02,765,Expired,0
TXN-b0bf8a63,C360-100265,Health Insurance,2022-07-02,2023-07-02,798,Expired,0
TXN-7636c088,C360-100266,Health Insurance,2021-07-02,2022-07-02,1239,Expired,0
TXN-7610d3be,C360-100266,Health Insurance,2022-07-02,2023-07-02,1264,Expired,0
TXN-069f48bf,C360-100266,Health Insurance,2023-07-02,2024-07-01,1269,Expired,0
TXN-bea0f469,C360-100266,Health Insurance,2024-07-01,2025-07-01,1326,Expired,1
TXN-d87330de,C360-100266,Health Insurance,2025-07-01,2026-07-01,1379,Active,0
TXN-1ca86231,C360-100266,Life Insurance,2021-07-02,2022-07-02,345,Expired,0
TXN-deec4957,C360-100266,Life Insurance,2022-07-02,2023-07-02,373,Expired,0
TXN-a104f4b8,C360-100266,Motor Insurance,2021-07-02,2022-07-02,1317,Expired,0
TXN-11964fa8,C360-100266,Motor Insurance,2022-07-02,2023-07-02,1342,Expired,0
TXN-8928ff0c,C360-100266,Motor Insurance,2023-07-02,2024-07-01,1369,Expired,0
TXN-72634e69,C360-100266,Motor Insurance,2024-07-01,2025-07-01,1455,Expired,0
TXN-e4c0c1dd,C360-100266,Motor Insurance,2025-07-01,2026-07-01,1457,Active,0
TXN-62815f54,C360-100267,Accidental Insurance,2021-07-02,2022-07-02,751,Expired,0
TXN-9f93c700,C360-100267,Life Insurance,2021-07-02,2022-07-02,1266,Expired,0
TXN-13e577f9,C360-100267,Life Insurance,2022-07-02,2023-07-02,1298,Expired,0
TXN-0b0b7ccc,C360-100267,Life Insurance,2023-07-02,2024-07-01,1330,Expired,0
TXN-75eec346,C360-100267,Life Insurance,2024-07-01,2025-07-01,1359,Expired,0
TXN-734aa39b,C360-100267,Life Insurance,2025-07-01,2026-07-01,1414,Active,0
TXN-ffa677f5,C360-100268,Motor Insurance,2021-07-02,2022-07-02,401,Expired,1
TXN-0bc8c042,C360-100268,Motor Insurance,2022-07-02,2023-07-02,436,Expired,0
TXN-5960c862,C360-100268,Motor Insurance,2023-07-02,2024-07-01,443,Expired,0
TXN-a6bfb620,C360-100268,Motor Insurance,2024-07-01,2025-07-01,506,Expired,0
TXN-13e1c7bb,C360-100268,Motor Insurance,2025-07-01,2026-07-01,557,Active,0
TXN-b4b54a5b,C360-100268,Health Insurance,2021-07-02,2022-07-02,516,Expired,0
TXN-d6f0c651,C360-100268,Health Insurance,2022-07-02,2023-07-02,536,Expired,0
TXN-3b1bef83,C360-100268,Health Insurance,2023-07-02,2024-07-01,614,Expired,0
TXN-fc4ae6b4,C360-100268,Health Insurance,2024-07-01,2025-07-01,627,Expired,1
TXN-5f9b1a0a,C360-100268,Health Insurance,2025-07-01,2026-07-01,700,Active,0
TXN-55fde5df,C360-100269,Health Insurance,2021-07-02,2022-07-02,797,Expired,0
TXN-1ea21087,C360-100269,Health Insurance,2022-07-02,2023-07-02,834,Expired,1
TXN-9692fba0,C360-100269,Health Insurance,2023-07-02,2024-07-01,821,Expired,0
TXN-dfa0ebf4,C360-100269,Motor Insurance,2021-07-02,2022-07-02,1249,Expired,1
TXN-af887193,C360-100269,Motor Insurance,2022-07-02,2023-07-02,1287,Expired,0
TXN-1fe204ff,C360-100269,Motor Insurance,2023-07-02,2024-07-01,1321,Expired,0
TXN-4419e83e,C360-100269,Motor Insurance,2024-07-01,2025-07-01,1396,Expired,0
TXN-5ad094c8,C360-100269,Motor Insurance,2025-07-01,2026-07-01,1389,Cancelled,0
TXN-07e16379,C360-100269,Accidental Insurance,2021-07-02,2022-07-02,539,Expired,0
TXN-b7d41815,C360-100269,Accidental Insurance,2022-07-02,2023-07-02,576,Expired,0
TXN-30d9bbf3,C360-100269,Accidental Insurance,2023-07-02,2024-07-01,571,Expired,1
TXN-363dec9e,C360-100270,Motor Insurance,2021-07-02,2022-07-02,511,Expired,0
TXN-61216d77,C360-100270,Motor Insurance,2022-07-02,2023-07-02,531,Expired,0
TXN-e6e562fe,C360-100270,Motor Insurance,2023-07-02,2024-07-01,585,Expired,0
TXN-3d92b528,C360-100270,Motor Insurance,2024-07-01,2025-07-01,562,Expired,0
TXN-2a0d2598,C360-100270,Motor Insurance,2025-07-01,2026-07-01,707,Cancelled,0
TXN-87bf719a,C360-100271,Health Insurance,2021-07-02,2022-07-02,1353,Expired,0
TXN-13f3a5ab,C360-100271,Health Insurance,2022-07-02,2023-07-02,1377,Expired,0
TXN-45818dac,C360-100271,Health Insurance,2023-07-02,2024-07-01,1453,Expired,1
TXN-ff9a59f1,C360-100271,Health Insurance,2024-07-01,2025-07-01,1410,Expired,0
TXN-24456461,C360-100271,Health Insurance,2025-07-01,2026-07-01,1549,Active,2
TXN-9e8f2c34,C360-100271,Life Insurance,2021-07-02,2022-07-02,1442,Expired,1
TXN-700554b8,C360-100271,Life Insurance,2022-07-02,2023-07-02,1469,Expired,0
TXN-5df58470,C360-100271,Life Insurance,2023-07-02,2024-07-01,1510,Expired,0
TXN-aa316d0e,C360-100271,Life Insurance,2024-07-01,2025-07-01,1550,Expired,0
TXN-f04d4257,C360-100271,Life Insurance,2025-07-01,2026-07-01,1554,Active,0
TXN-94666dc4,C360-100272,Accidental Insurance,2021-07-02,2022-07-02,872,Expired,0
TXN-218e5df5,C360-100272,Accidental Insurance,2022-07-02,2023-07-02,888,Expired,2
TXN-fd3213ce,C360-100272,Accidental Insurance,2023-07-02,2024-07-01,962,Expired,0
TXN-e5ef3d2f,C360-100272,Accidental Insurance,2024-07-01,2025-07-01,983,Expired,0
TXN-a84ce726,C360-100272,Accidental Insurance,2025-07-01,2026-07-01,1028,Active,0
TXN-f03e2eb5,C360-100273,Health Insurance,2021-07-02,2022-07-02,1458,Expired,0
TXN-5b476193,C360-100273,Health Insurance,2022-07-02,2023-07-02,1468,Expired,0
TXN-0cdd1923,C360-100273,Health Insurance,2023-07-02,2024-07-01,1532,Expired,0
TXN-37ae629a,C360-100273,Health Insurance,2024-07-01,2025-07-01,1572,Expired,0
TXN-4708d73e,C360-100273,Health Insurance,2025-07-01,2026-07-01,1542,Active,0
TXN-fda2fb90,C360-100273,Life Insurance,2021-07-02,2022-07-02,603,Expired,0
TXN-b230806d,C360-100273,Life Insurance,2022-07-02,2023-07-02,627,Expired,0
TXN-a6e600b6,C360-100273,Motor Insurance,2021-07-02,2022-07-02,1347,Expired,2
TXN-5ea2c749,C360-100273,Accidental Insurance,2021-07-02,2022-07-02,1194,Expired,0
TXN-80d50e31,C360-100273,Accidental Insurance,2022-07-02,2023-07-02,1218,Expired,0
TXN-41963023,C360-100274,Accidental Insurance,2021-07-02,2022-07-02,390,Expired,0
TXN-a54601c4,C360-100274,Accidental Insurance,2022-07-02,2023-07-02,428,Expired,0
TXN-24618345,C360-100274,Accidental Insurance,2023-07-02,2024-07-01,424,Expired,0
TXN-55bd149c,C360-100274,Accidental Insurance,2024-07-01,2025-07-01,537,Expired,0
TXN-41336318,C360-100274,Accidental Insurance,2025-07-01,2026-07-01,454,Active,0
TXN-19b3407e,C360-100274,Health Insurance,2021-07-02,2022-07-02,786,Expired,1
TXN-e9d546d4,C360-100274,Health Insurance,2022-07-02,2023-07-02,817,Expired,0
TXN-8e7d3e3f,C360-100274,Health Insurance,2023-07-02,2024-07-01,862,Expired,0
TXN-07fb304b,C360-100274,Health Insurance,2024-07-01,2025-07-01,861,Expired,0
TXN-39227fdd,C360-100274,Health Insurance,2025-07-01,2026-07-01,962,Active,2
TXN-24a6f59d,C360-100275,Health Insurance,2021-07-02,2022-07-02,1290,Expired,2
TXN-ae112c91,C360-100275,Health Insurance,2022-07-02,2023-07-02,1329,Expired,2
TXN-d1c26534,C360-100275,Health Insurance,2023-07-02,2024-07-01,1364,Expired,0
TXN-701c5cce,C360-100275,Health Insurance,2024-07-01,2025-07-01,1386,Expired,0
TXN-77a979d8,C360-100275,Health Insurance,2025-07-01,2026-07-01,1426,Active,0
TXN-ce124272,C360-100275,Life Insurance,2021-07-02,2022-07-02,971,Expired,0
TXN-dd4753df,C360-100275,Life Insurance,2022-07-02,2023-07-02,988,Expired,2
TXN-612775cc,C360-100275,Life Insurance,2023-07-02,2024-07-01,1005,Expired,1
TXN-89f58f6e,C360-100275,Life Insurance,2024-07-01,2025-07-01,1031,Expired,0
TXN-dba677a1,C360-100275,Life Insurance,2025-07-01,2026-07-01,1167,Active,1
TXN-4868825f,C360-100275,Motor Insurance,2021-07-02,2022-07-02,383,Expired,1
TXN-932ad000,C360-100275,Motor Insurance,2022-07-02,2023-07-02,409,Expired,0
TXN-29812086,C360-100275,Motor Insurance,2023-07-02,2024-07-01,439,Expired,0
TXN-ef293b3e,C360-100275,Motor Insurance,2024-07-01,2025-07-01,521,Expired,0
TXN-75140bae,C360-100275,Motor Insurance,2025-07-01,2026-07-01,427,Active,0
TXN-606ef650,C360-100275,Accidental Insurance,2021-07-02,2022-07-02,1497,Expired,0
TXN-6d643897,C360-100275,Accidental Insurance,2022-07-02,2023-07-02,1528,Expired,2
TXN-79d3c5c7,C360-100275,Accidental Insurance,2023-07-02,2024-07-01,1597,Expired,1
TXN-c65df835,C360-100275,Accidental Insurance,2024-07-01,2025-07-01,1608,Expired,1
TXN-26275c08,C360-100275,Accidental Insurance,2025-07-01,2026-07-01,1689,Active,1
TXN-9eb960e7,C360-100276,Life Insurance,2021-07-02,2022-07-02,914,Expired,0
TXN-361a2ba0,C360-100276,Life Insurance,2022-07-02,2023-07-02,933,Expired,1
TXN-7e1dd0cb,C360-100276,Life Insurance,2023-07-02,2024-07-01,1012,Expired,0
TXN-67907ff6,C360-100276,Life Insurance,2024-07-01,2025-07-01,992,Expired,0
TXN-d4ce6653,C360-100276,Life Insurance,2025-07-01,2026-07-01,1098,Active,1
TXN-1f7c453e,C360-100276,Health Insurance,2021-07-02,2022-07-02,1444,Expired,2
TXN-dbd98e86,C360-100276,Health Insurance,2022-07-02,2023-07-02,1465,Expired,0
TXN-1f63e19d,C360-100276,Health Insurance,2023-07-02,2024-07-01,1470,Expired,0
TXN-94233993,C360-100276,Health Insurance,2024-07-01,2025-07-01,1564,Expired,0
TXN-457c2578,C360-100276,Health Insurance,2025-07-01,2026-07-01,1544,Cancelled,0
TXN-dc268237,C360-100277,Health Insurance,2021-07-02,2022-07-02,1156,Expired,0
TXN-abea5a35,C360-100277,Health Insurance,2022-07-02,2023-07-02,1200,Expired,1
TXN-454375cc,C360-100277,Health Insurance,2023-07-02,2024-07-01,1236,Expired,0
TXN-2751e318,C360-100277,Health Insurance,2024-07-01,2025-07-01,1186,Expired,0
TXN-4e0983bb,C360-100277,Health Insurance,2025-07-01,2026-07-01,1272,Active,1
TXN-8a70a23b,C360-100277,Life Insurance,2021-07-02,2022-07-02,942,Expired,0
TXN-70c3457d,C360-100277,Life Insurance,2022-07-02,2023-07-02,973,Expired,0
TXN-267fbc7b,C360-100277,Life Insurance,2023-07-02,2024-07-01,996,Expired,0
TXN-c92f1098,C360-100277,Life Insurance,2024-07-01,2025-07-01,1050,Expired,0
TXN-311fea82,C360-100277,Life Insurance,2025-07-01,2026-07-01,1070,Active,0
TXN-a8f9b7f5,C360-100277,Motor Insurance,2021-07-02,2022-07-02,539,Expired,0
TXN-cc52a26b,C360-100277,Motor Insurance,2022-07-02,2023-07-02,586,Expired,0
TXN-9085716f,C360-100277,Motor Insurance,2023-07-02,2024-07-01,575,Expired,0
TXN-4135a822,C360-100277,Motor Insurance,2024-07-01,2025-07-01,638,Expired,0
TXN-2008e4df,C360-100277,Motor Insurance,2025-07-01,2026-07-01,619,Active,0
TXN-6bcfd963,C360-100277,Accidental Insurance,2021-07-02,2022-07-02,734,Expired,0
TXN-347fe6f9,C360-100277,Accidental Insurance,2022-07-02,2023-07-02,768,Expired,1
TXN-5e592f2f,C360-100277,Accidental Insurance,2023-07-02,2024-07-01,822,Expired,1
TXN-08137bcd,C360-100277,Accidental Insurance,2024-07-01,2025-07-01,818,Expired,0
TXN-a0306c64,C360-100277,Accidental Insurance,2025-07-01,2026-07-01,902,Active,0
TXN-f3ef1996,C360-100278,Motor Insurance,2021-07-02,2022-07-02,1074,Expired,0
TXN-bf1018d6,C360-100278,Motor Insurance,2022-07-02,2023-07-02,1097,Expired,0
TXN-da2ee13a,C360-100278,Motor Insurance,2023-07-02,2024-07-01,1094,Expired,1
TXN-91a949f5,C360-100278,Motor Insurance,2024-07-01,2025-07-01,1167,Expired,1
TXN-d9c689e1,C360-100278,Motor Insurance,2025-07-01,2026-07-01,1126,Active,0
TXN-9cdc7b82,C360-100279,Accidental Insurance,2021-07-02,2022-07-02,1221,Expired,1
TXN-c3d07d03,C360-100279,Accidental Insurance,2022-07-02,2023-07-02,1270,Expired,0
TXN-5ebbfdb4,C360-100279,Accidental Insurance,2023-07-02,2024-07-01,1277,Expired,0
TXN-d2d24064,C360-100279,Accidental Insurance,2024-07-01,2025-07-01,1332,Expired,0
TXN-9261a18d,C360-100279,Accidental Insurance,2025-07-01,2026-07-01,1349,Active,0
TXN-b322fee5,C360-100280,Health Insurance,2021-07-02,2022-07-02,1467,Expired,0
TXN-a1a588ce,C360-100280,Health Insurance,2022-07-02,2023-07-02,1478,Expired,0
TXN-31bdd7b3,C360-100280,Health Insurance,2023-07-02,2024-07-01,1487,Expired,0
TXN-f0f06537,C360-100280,Health Insurance,2024-07-01,2025-07-01,1533,Expired,2
TXN-c06ec927,C360-100280,Health Insurance,2025-07-01,2026-07-01,1527,Active,0
TXN-f27cc01c,C360-100280,Life Insurance,2021-07-02,2022-07-02,791,Expired,0
TXN-eec6dd59,C360-100280,Life Insurance,2022-07-02,2023-07-02,829,Expired,0
TXN-c4bddf39,C360-100280,Life Insurance,2023-07-02,2024-07-01,813,Expired,0
TXN-c0e3b3f2,C360-100280,Life Insurance,2024-07-01,2025-07-01,902,Expired,1
TXN-5cf7b834,C360-100280,Life Insurance,2025-07-01,2026-07-01,939,Active,0
TXN-4db92bae,C360-100280,Motor Insurance,2021-07-02,2022-07-02,770,Expired,1
TXN-1d41137a,C360-100280,Motor Insurance,2022-07-02,2023-07-02,788,Expired,0
TXN-e8603a3e,C360-100280,Motor Insurance,2023-07-02,2024-07-01,808,Expired,0
TXN-21993dca,C360-100280,Motor Insurance,2024-07-01,2025-07-01,908,Expired,0
TXN-57fe2554,C360-100280,Motor Insurance,2025-07-01,2026-07-01,942,Active,0
TXN-463c7dc4,C360-100280,Accidental Insurance,2021-07-02,2022-07-02,1348,Expired,0
TXN-737ea2f9,C360-100280,Accidental Insurance,2022-07-02,2023-07-02,1390,Expired,0
TXN-5d2bf5ba,C360-100280,Accidental Insurance,2023-07-02,2024-07-01,1410,Expired,0
TXN-2ea63602,C360-100280,Accidental Insurance,2024-07-01,2025-07-01,1456,Expired,0
TXN-cdbd3dce,C360-100280,Accidental Insurance,2025-07-01,2026-07-01,1548,Active,0
TXN-fdc8b786,C360-100281,Motor Insurance,2021-07-02,2022-07-02,1348,Expired,0
TXN-6bd2687a,C360-100281,Motor Insurance,2022-07-02,2023-07-02,1371,Expired,0
TXN-bbf10136,C360-100281,Motor Insurance,2023-07-02,2024-07-01,1440,Expired,0
TXN-70842bc5,C360-100281,Motor Insurance,2024-07-01,2025-07-01,1435,Expired,0
TXN-f53f3671,C360-100281,Motor Insurance,2025-07-01,2026-07-01,1476,Cancelled,0
TXN-9dd6d62a,C360-100281,Accidental Insurance,2021-07-02,2022-07-02,1027,Expired,1
TXN-f9e0b9b7,C360-100281,Accidental Insurance,2022-07-02,2023-07-02,1039,Expired,0
TXN-22c6d382,C360-100281,Accidental Insurance,2023-07-02,2024-07-01,1049,Expired,1
TXN-6fc7e5c9,C360-100281,Accidental Insurance,2024-07-01,2025-07-01,1060,Expired,0
TXN-be1bd389,C360-100281,Accidental Insurance,2025-07-01,2026-07-01,1171,Cancelled,0
TXN-2fb7bed7,C360-100282,Health Insurance,2021-07-02,2022-07-02,522,Expired,0
TXN-29ae1ef3,C360-100282,Health Insurance,2022-07-02,2023-07-02,534,Expired,0
TXN-b1fbad4f,C360-100282,Health Insurance,2023-07-02,2024-07-01,598,Expired,0
TXN-0f258f5f,C360-100282,Health Insurance,2024-07-01,2025-07-01,612,Expired,0
TXN-1f05972e,C360-100282,Health Insurance,2025-07-01,2026-07-01,638,Active,0
TXN-6ddd548e,C360-100282,Life Insurance,2021-07-02,2022-07-02,870,Expired,0
TXN-2966767f,C360-100282,Life Insurance,2022-07-02,2023-07-02,919,Expired,0
TXN-43913496,C360-100282,Life Insurance,2023-07-02,2024-07-01,968,Expired,0
TXN-5d74e793,C360-100282,Life Insurance,2024-07-01,2025-07-01,936,Expired,0
TXN-b90a5885,C360-100282,Life Insurance,2025-07-01,2026-07-01,1006,Active,0
TXN-069ab94a,C360-100282,Motor Insurance,2021-07-02,2022-07-02,1192,Expired,0
TXN-c3439f2a,C360-100282,Motor Insurance,2022-07-02,2023-07-02,1242,Expired,0
TXN-b2991253,C360-100282,Motor Insurance,2023-07-02,2024-07-01,1268,Expired,0
TXN-4bf7e2ae,C360-100282,Motor Insurance,2024-07-01,2025-07-01,1303,Expired,1
TXN-c79c0399,C360-100282,Motor Insurance,2025-07-01,2026-07-01,1328,Active,0
TXN-38779b3e,C360-100282,Accidental Insurance,2021-07-02,2022-07-02,489,Expired,0
TXN-3b593382,C360-100282,Accidental Insurance,2022-07-02,2023-07-02,535,Expired,0
TXN-ed393760,C360-100282,Accidental Insurance,2023-07-02,2024-07-01,577,Expired,0
TXN-83044c7c,C360-100282,Accidental Insurance,2024-07-01,2025-07-01,627,Expired,1
TXN-f10debb2,C360-100282,Accidental Insurance,2025-07-01,2026-07-01,545,Active,0
TXN-e8ad7313,C360-100283,Health Insurance,2021-07-02,2022-07-02,403,Expired,0
TXN-b99d4eef,C360-100283,Health Insurance,2022-07-02,2023-07-02,444,Expired,0
TXN-7255b2b6,C360-100284,Health Insurance,2021-07-02,2022-07-02,1453,Expired,1
TXN-14c23b7d,C360-100284,Health Insurance,2022-07-02,2023-07-02,1475,Expired,0
TXN-32e87706,C360-100284,Health Insurance,2023-07-02,2024-07-01,1507,Expired,1
TXN-b59eeaf3,C360-100284,Health Insurance,2024-07-01,2025-07-01,1600,Expired,0
TXN-90c135b1,C360-100284,Health Insurance,2025-07-01,2026-07-01,1581,Active,0
TXN-68995117,C360-100284,Life Insurance,2021-07-02,2022-07-02,575,Expired,0
TXN-81d4dd32,C360-100284,Life Insurance,2022-07-02,2023-07-02,607,Expired,0
TXN-3d2127be,C360-100284,Life Insurance,2023-07-02,2024-07-01,597,Expired,1
TXN-7a6d49aa,C360-100284,Life Insurance,2024-07-01,2025-07-01,668,Expired,0
TXN-a561efb2,C360-100284,Life Insurance,2025-07-01,2026-07-01,711,Active,0
TXN-d63c6c8d,C360-100284,Motor Insurance,2021-07-02,2022-07-02,1315,Expired,0
TXN-7e7dbcc8,C360-100284,Accidental Insurance,2021-07-02,2022-07-02,731,Expired,0
TXN-5b29357c,C360-100284,Accidental Insurance,2022-07-02,2023-07-02,773,Expired,0
TXN-1091356d,C360-100284,Accidental Insurance,2023-07-02,2024-07-01,829,Expired,0
TXN-0d93e919,C360-100284,Accidental Insurance,2024-07-01,2025-07-01,776,Expired,0
TXN-6bfe4210,C360-100284,Accidental Insurance,2025-07-01,2026-07-01,863,Cancelled,0
TXN-a5af17be,C360-100285,Life Insurance,2021-07-02,2022-07-02,1235,Expired,0
TXN-93c39c4f,C360-100285,Life Insurance,2022-07-02,2023-07-02,1266,Expired,0
TXN-64352333,C360-100285,Life Insurance,2023-07-02,2024-07-01,1333,Expired,1
TXN-f0cf6fe6,C360-100285,Life Insurance,2024-07-01,2025-07-01,1316,Expired,0
TXN-70eefe01,C360-100285,Life Insurance,2025-07-01,2026-07-01,1435,Active,0
TXN-35e50309,C360-100286,Motor Insurance,2021-07-02,2022-07-02,1111,Expired,0
TXN-debba8f9,C360-100286,Motor Insurance,2022-07-02,2023-07-02,1153,Expired,0
TXN-6a4101c7,C360-100286,Motor Insurance,2023-07-02,2024-07-01,1211,Expired,0
TXN-a1ded32c,C360-100286,Motor Insurance,2024-07-01,2025-07-01,1147,Expired,0
TXN-b0f012c1,C360-100286,Motor Insurance,2025-07-01,2026-07-01,1251,Active,0
TXN-8ee2c67f,C360-100287,Motor Insurance,2021-07-02,2022-07-02,444,Expired,1
TXN-58763311,C360-100287,Motor Insurance,2022-07-02,2023-07-02,492,Expired,0
TXN-36497a24,C360-100287,Motor Insurance,2023-07-02,2024-07-01,516,Expired,0
TXN-6fe995c5,C360-100287,Motor Insurance,2024-07-01,2025-07-01,564,Expired,0
TXN-e4ad2693,C360-100287,Motor Insurance,2025-07-01,2026-07-01,588,Active,0
TXN-904f28cc,C360-100288,Accidental Insurance,2021-07-02,2022-07-02,1423,Expired,0
TXN-e13a0c7b,C360-100288,Accidental Insurance,2022-07-02,2023-07-02,1456,Expired,0
TXN-055c541e,C360-100288,Accidental Insurance,2023-07-02,2024-07-01,1509,Expired,2
TXN-b25f0b1f,C360-100288,Accidental Insurance,2024-07-01,2025-07-01,1567,Expired,0
TXN-d889dfb6,C360-100288,Accidental Insurance,2025-07-01,2026-07-01,1531,Active,0
TXN-2db1815a,C360-100290,Life Insurance,2021-07-02,2022-07-02,313,Expired,0
TXN-755c212d,C360-100290,Motor Insurance,2021-07-02,2022-07-02,1479,Expired,0
TXN-602d7741,C360-100290,Motor Insurance,2022-07-02,2023-07-02,1490,Expired,0
TXN-8ab3dfb7,C360-100290,Motor Insurance,2023-07-02,2024-07-01,1533,Expired,0
TXN-2fa63416,C360-100291,Health Insurance,2021-07-02,2022-07-02,1188,Expired,0
TXN-67cfcfb5,C360-100291,Health Insurance,2022-07-02,2023-07-02,1236,Expired,0
TXN-2f955aa6,C360-100291,Life Insurance,2021-07-02,2022-07-02,1310,Expired,0
TXN-455f4274,C360-100291,Life Insurance,2022-07-02,2023-07-02,1338,Expired,2
TXN-b2f43a97,C360-100291,Motor Insurance,2021-07-02,2022-07-02,990,Expired,0
TXN-b73f3696,C360-100291,Motor Insurance,2022-07-02,2023-07-02,1011,Expired,0
TXN-971eae38,C360-100291,Motor Insurance,2023-07-02,2024-07-01,1056,Expired,0
TXN-351e2c67,C360-100291,Motor Insurance,2024-07-01,2025-07-01,1110,Expired,0
TXN-d46002df,C360-100291,Motor Insurance,2025-07-01,2026-07-01,1110,Active,0
TXN-73a29a02,C360-100291,Accidental Insurance,2021-07-02,2022-07-02,1070,Expired,1
TXN-a309141a,C360-100291,Accidental Insurance,2022-07-02,2023-07-02,1100,Expired,0
TXN-2fef2569,C360-100291,Accidental Insurance,2023-07-02,2024-07-01,1130,Expired,0
TXN-28be7a2a,C360-100291,Accidental Insurance,2024-07-01,2025-07-01,1103,Expired,1
TXN-e4e5f6b1,C360-100291,Accidental Insurance,2025-07-01,2026-07-01,1138,Active,0
TXN-76727936,C360-100292,Health Insurance,2021-07-02,2022-07-02,772,Expired,2
TXN-b7a522ac,C360-100292,Health Insurance,2022-07-02,2023-07-02,796,Expired,1
TXN-0a11cbd2,C360-100292,Health Insurance,2023-07-02,2024-07-01,868,Expired,0
TXN-14b84c32,C360-100292,Health Insurance,2024-07-01,2025-07-01,919,Expired,0
TXN-8ce5bb2d,C360-100292,Health Insurance,2025-07-01,2026-07-01,964,Active,1
TXN-40dd2a4b,C360-100292,Motor Insurance,2021-07-02,2022-07-02,705,Expired,0
TXN-d53c25d3,C360-100292,Motor Insurance,2022-07-02,2023-07-02,731,Expired,0
TXN-acf97f82,C360-100292,Motor Insurance,2023-07-02,2024-07-01,789,Expired,1
TXN-82860353,C360-100292,Motor Insurance,2024-07-01,2025-07-01,822,Expired,0
TXN-a2b13243,C360-100292,Motor Insurance,2025-07-01,2026-07-01,845,Active,0
TXN-47eef7c4,C360-100293,Health Insurance,2021-07-02,2022-07-02,1187,Expired,2
TXN-cb98e099,C360-100293,Health Insurance,2022-07-02,2023-07-02,1198,Expired,0
TXN-8ca778e9,C360-100293,Health Insurance,2023-07-02,2024-07-01,1271,Expired,0
TXN-d7032167,C360-100293,Health Insurance,2024-07-01,2025-07-01,1325,Expired,0
TXN-1433bff5,C360-100293,Health Insurance,2025-07-01,2026-07-01,1267,Cancelled,2
TXN-b5d01a9a,C360-100293,Life Insurance,2021-07-02,2022-07-02,1307,Expired,0
TXN-5b837be6,C360-100293,Life Insurance,2022-07-02,2023-07-02,1332,Expired,0
TXN-07e5ff12,C360-100293,Life Insurance,2023-07-02,2024-07-01,1353,Expired,0
TXN-2516da3a,C360-100293,Life Insurance,2024-07-01,2025-07-01,1427,Expired,0
TXN-938c9218,C360-100293,Life Insurance,2025-07-01,2026-07-01,1503,Cancelled,0
TXN-f8bcf39c,C360-100293,Motor Insurance,2021-07-02,2022-07-02,530,Expired,0
TXN-cfb7fe37,C360-100294,Health Insurance,2021-07-02,2022-07-02,352,Expired,0
TXN-4f539f1c,C360-100294,Health Insurance,2022-07-02,2023-07-02,387,Expired,2
TXN-539558ed,C360-100294,Health Insurance,2023-07-02,2024-07-01,406,Expired,0
TXN-29c75f61,C360-100294,Health Insurance,2024-07-01,2025-07-01,406,Expired,0
TXN-67143836,C360-100294,Health Insurance,2025-07-01,2026-07-01,536,Active,1
TXN-50172d4c,C360-100294,Life Insurance,2021-07-02,2022-07-02,1020,Expired,0
TXN-b434d729,C360-100294,Life Insurance,2022-07-02,2023-07-02,1064,Expired,0
TXN-578772a2,C360-100294,Life Insurance,2023-07-02,2024-07-01,1042,Expired,0
TXN-57692729,C360-100294,Life Insurance,2024-07-01,2025-07-01,1170,Expired,2
TXN-33e33020,C360-100294,Life Insurance,2025-07-01,2026-07-01,1064,Active,0
TXN-3cd8a547,C360-100294,Motor Insurance,2021-07-02,2022-07-02,838,Expired,0
TXN-36f02537,C360-100294,Motor Insurance,2022-07-02,2023-07-02,856,Expired,0
TXN-33631508,C360-100294,Motor Insurance,2023-07-02,2024-07-01,878,Expired,0
TXN-469c1a8a,C360-100294,Motor Insurance,2024-07-01,2025-07-01,952,Expired,1
TXN-0cab9cfd,C360-100294,Motor Insurance,2025-07-01,2026-07-01,954,Active,0
TXN-8d6967ce,C360-100294,Accidental Insurance,2021-07-02,2022-07-02,514,Expired,0
TXN-8fe66c30,C360-100294,Accidental Insurance,2022-07-02,2023-07-02,525,Expired,0
TXN-9b594e4e,C360-100294,Accidental Insurance,2023-07-02,2024-07-01,550,Expired,0
TXN-ad0633b1,C360-100294,Accidental Insurance,2024-07-01,2025-07-01,550,Expired,0
TXN-69c31205,C360-100294,Accidental Insurance,2025-07-01,2026-07-01,678,Active,0
TXN-1c049f0d,C360-100295,Life Insurance,2021-07-02,2022-07-02,1402,Expired,1
TXN-04d410f1,C360-100296,Health Insurance,2021-07-02,2022-07-02,380,Expired,0
TXN-e1bb17e2,C360-100296,Health Insurance,2022-07-02,2023-07-02,404,Expired,0
TXN-2f1ede27,C360-100296,Health Insurance,2023-07-02,2024-07-01,422,Expired,1
TXN-aa2be3d0,C360-100296,Health Insurance,2024-07-01,2025-07-01,419,Expired,0
TXN-59ef4e42,C360-100296,Health Insurance,2025-07-01,2026-07-01,556,Active,0
TXN-21b1b143,C360-100296,Life Insurance,2021-07-02,2022-07-02,1020,Expired,0
TXN-9a52fdb0,C360-100296,Life Insurance,2022-07-02,2023-07-02,1054,Expired,0
TXN-ba58c36f,C360-100296,Life Insurance,2023-07-02,2024-07-01,1098,Expired,0
TXN-d08b3de9,C360-100296,Life Insurance,2024-07-01,2025-07-01,1143,Expired,0
TXN-fae15cba,C360-100296,Life Insurance,2025-07-01,2026-07-01,1068,Active,0
TXN-f203385a,C360-100296,Motor Insurance,2021-07-02,2022-07-02,707,Expired,0
TXN-30814161,C360-100296,Motor Insurance,2022-07-02,2023-07-02,733,Expired,0
TXN-1ad0116a,C360-100296,Motor Insurance,2023-07-02,2024-07-01,799,Expired,2
TXN-fb6a2a7f,C360-100296,Motor Insurance,2024-07-01,2025-07-01,848,Expired,0
TXN-dd7645f7,C360-100296,Motor Insurance,2025-07-01,2026-07-01,799,Active,1
TXN-f86d201d,C360-100296,Accidental Insurance,2021-07-02,2022-07-02,1321,Expired,0
TXN-4ebda34e,C360-100296,Accidental Insurance,2022-07-02,2023-07-02,1343,Expired,0
TXN-5c54528a,C360-100296,Accidental Insurance,2023-07-02,2024-07-01,1401,Expired,1
TXN-2780112b,C360-100296,Accidental Insurance,2024-07-01,2025-07-01,1351,Expired,0
TXN-0af5d70a,C360-100296,Accidental Insurance,2025-07-01,2026-07-01,1485,Active,0
TXN-998c31e8,C360-100297,Accidental Insurance,2021-07-02,2022-07-02,1361,Expired,0
TXN-dbb398fd,C360-100297,Accidental Insurance,2022-07-02,2023-07-02,1404,Expired,0
TXN-fb25a34c,C360-100297,Accidental Insurance,2023-07-02,2024-07-01,1419,Expired,0
TXN-1a459a7e,C360-100297,Accidental Insurance,2024-07-01,2025-07-01,1493,Expired,0
TXN-09e7e213,C360-100297,Accidental Insurance,2025-07-01,2026-07-01,1521,Active,0
TXN-b06f85de,C360-100298,Health Insurance,2021-07-02,2022-07-02,1285,Expired,0
TXN-c827d351,C360-100298,Health Insurance,2022-07-02,2023-07-02,1331,Expired,1
TXN-8ff2cba8,C360-100298,Health Insurance,2023-07-02,2024-07-01,1373,Expired,1
TXN-7d6b80ee,C360-100298,Health Insurance,2024-07-01,2025-07-01,1396,Expired,0
TXN-682b8c97,C360-100298,Health Insurance,2025-07-01,2026-07-01,1389,Active,0
TXN-bf89a95c,C360-100298,Life Insurance,2021-07-02,2022-07-02,408,Expired,1
TXN-adcd0f36,C360-100298,Life Insurance,2022-07-02,2023-07-02,428,Expired,0
TXN-f0b8abdd,C360-100298,Life Insurance,2023-07-02,2024-07-01,466,Expired,2
TXN-bec68b41,C360-100298,Life Insurance,2024-07-01,2025-07-01,531,Expired,1
TXN-58371f11,C360-100298,Life Insurance,2025-07-01,2026-07-01,568,Active,1
TXN-32cb81f9,C360-100298,Motor Insurance,2021-07-02,2022-07-02,668,Expired,0
TXN-449b29ab,C360-100298,Motor Insurance,2022-07-02,2023-07-02,706,Expired,0
TXN-45679bd3,C360-100298,Motor Insurance,2023-07-02,2024-07-01,702,Expired,0
TXN-d6800c93,C360-100298,Motor Insurance,2024-07-01,2025-07-01,758,Expired,0
TXN-460b6356,C360-100298,Motor Insurance,2025-07-01,2026-07-01,712,Active,0
TXN-0514e1eb,C360-100298,Accidental Insurance,2021-07-02,2022-07-02,699,Expired,0
TXN-99014db0,C360-100298,Accidental Insurance,2022-07-02,2023-07-02,742,Expired,1
TXN-99831161,C360-100298,Accidental Insurance,2023-07-02,2024-07-01,785,Expired,0
TXN-62cc4831,C360-100298,Accidental Insurance,2024-07-01,2025-07-01,759,Expired,0
TXN-e3a13c23,C360-100298,Accidental Insurance,2025-07-01,2026-07-01,759,Active,0
TXN-57652ea6,C360-100299,Health Insurance,2021-07-02,2022-07-02,691,Expired,0
TXN-35984bb3,C360-100299,Accidental Insurance,2021-07-02,2022-07-02,1326,Expired,0
TXN-32113931,C360-100299,Accidental Insurance,2022-07-02,2023-07-02,1342,Expired,0
TXN-4d8d0169,C360-100299,Accidental Insurance,2023-07-02,2024-07-01,1410,Expired,0
TXN-790e3c3b,C360-100299,Accidental Insurance,2024-07-01,2025-07-01,1458,Expired,0
TXN-8218af41,C360-100299,Accidental Insurance,2025-07-01,2026-07-01,1398,Active,0
TXN-03ca3a06,C360-100300,Accidental Insurance,2021-07-02,2022-07-02,590,Expired,0
TXN-82dd7ef5,C360-100300,Accidental Insurance,2022-07-02,2023-07-02,612,Expired,0
TXN-a233deb3,C360-100300,Accidental Insurance,2023-07-02,2024-07-01,616,Expired,0
TXN-06a75b80,C360-100300,Accidental Insurance,2024-07-01,2025-07-01,722,Expired,0
TXN-9131cb4b,C360-100300,Accidental Insurance,2025-07-01,2026-07-01,790,Active,0
TXN-743d58eb,C360-100301,Health Insurance,2021-07-02,2022-07-02,615,Expired,0
TXN-4eb0e0fc,C360-100302,Accidental Insurance,2021-07-02,2022-07-02,439,Expired,0
TXN-f4308ef8,C360-100302,Accidental Insurance,2022-07-02,2023-07-02,488,Expired,0
TXN-fa6d342c,C360-100302,Health Insurance,2021-07-02,2022-07-02,714,Expired,0
TXN-f0101701,C360-100302,Health Insurance,2022-07-02,2023-07-02,728,Expired,0
TXN-0bee9e16,C360-100302,Health Insurance,2023-07-02,2024-07-01,810,Expired,0
TXN-fd20011b,C360-100302,Health Insurance,2024-07-01,2025-07-01,774,Expired,0
TXN-cac2fb02,C360-100302,Health Insurance,2025-07-01,2026-07-01,762,Cancelled,0
TXN-adfe11ee,C360-100303,Motor Insurance,2021-07-02,2022-07-02,359,Expired,0
TXN-885700d6,C360-100303,Motor Insurance,2022-07-02,2023-07-02,370,Expired,0
TXN-333bea87,C360-100303,Motor Insurance,2023-07-02,2024-07-01,417,Expired,0
TXN-282911e9,C360-100303,Motor Insurance,2024-07-01,2025-07-01,467,Expired,0
TXN-0f6448fb,C360-100303,Motor Insurance,2025-07-01,2026-07-01,515,Active,0
TXN-41becf24,C360-100304,Health Insurance,2021-07-02,2022-07-02,926,Expired,0
TXN-246a4dda,C360-100304,Health Insurance,2022-07-02,2023-07-02,956,Expired,0
TXN-2310eec4,C360-100304,Health Insurance,2023-07-02,2024-07-01,960,Expired,0
TXN-3dd923e8,C360-100304,Health Insurance,2024-07-01,2025-07-01,974,Expired,0
TXN-fc50fe31,C360-100304,Health Insurance,2025-07-01,2026-07-01,974,Active,0
TXN-50aa7cee,C360-100304,Accidental Insurance,2021-07-02,2022-07-02,1133,Expired,2
TXN-8c043b96,C360-100304,Accidental Insurance,2022-07-02,2023-07-02,1156,Expired,0
TXN-d2b0dad8,C360-100304,Accidental Insurance,2023-07-02,2024-07-01,1191,Expired,0
TXN-7f49f592,C360-100304,Accidental Insurance,2024-07-01,2025-07-01,1256,Expired,0
TXN-b0105273,C360-100304,Accidental Insurance,2025-07-01,2026-07-01,1269,Active,0
TXN-3ebc1a81,C360-100305,Life Insurance,2021-07-02,2022-07-02,395,Expired,0
TXN-f511cfec,C360-100305,Life Insurance,2022-07-02,2023-07-02,425,Expired,0
TXN-7790c2d3,C360-100305,Accidental Insurance,2021-07-02,2022-07-02,593,Expired,0
TXN-d472073c,C360-100305,Accidental Insurance,2022-07-02,2023-07-02,620,Expired,1
TXN-5ca2f2ed,C360-100305,Accidental Insurance,2023-07-02,2024-07-01,637,Expired,0
TXN-ef755edc,C360-100305,Accidental Insurance,2024-07-01,2025-07-01,659,Expired,0
TXN-e2c38d49,C360-100305,Accidental Insurance,2025-07-01,2026-07-01,737,Active,0
TXN-274050f3,C360-100306,Health Insurance,2021-07-02,2022-07-02,702,Expired,0
TXN-9654e5af,C360-100306,Health Insurance,2022-07-02,2023-07-02,745,Expired,0
TXN-476fcd7b,C360-100306,Health Insurance,2023-07-02,2024-07-01,796,Expired,0
TXN-0dc6732b,C360-100306,Health Insurance,2024-07-01,2025-07-01,795,Expired,0
TXN-f7798b0b,C360-100306,Health Insurance,2025-07-01,2026-07-01,854,Active,0
TXN-e4b2ff6d,C360-100306,Life Insurance,2021-07-02,2022-07-02,972,Expired,0
TXN-405af50e,C360-100306,Life Insurance,2022-07-02,2023-07-02,991,Expired,0
TXN-200baa82,C360-100306,Life Insurance,2023-07-02,2024-07-01,1026,Expired,0
TXN-ac653908,C360-100306,Life Insurance,2024-07-01,2025-07-01,1065,Expired,0
TXN-564924d0,C360-100306,Life Insurance,2025-07-01,2026-07-01,1032,Active,0
TXN-0e8b0744,C360-100306,Motor Insurance,2021-07-02,2022-07-02,798,Expired,0
TXN-acc4c6e7,C360-100306,Motor Insurance,2022-07-02,2023-07-02,824,Expired,0
TXN-3e3f59d4,C360-100306,Motor Insurance,2023-07-02,2024-07-01,852,Expired,0
TXN-2b412d7a,C360-100306,Motor Insurance,2024-07-01,2025-07-01,906,Expired,1
TXN-adabfc9c,C360-100306,Motor Insurance,2025-07-01,2026-07-01,942,Active,0
TXN-3ba02e22,C360-100306,Accidental Insurance,2021-07-02,2022-07-02,950,Expired,0
TXN-1a62b199,C360-100306,Accidental Insurance,2022-07-02,2023-07-02,985,Expired,0
TXN-9a5563ce,C360-100306,Accidental Insurance,2023-07-02,2024-07-01,974,Expired,0
TXN-9ec70a5d,C360-100306,Accidental Insurance,2024-07-01,2025-07-01,1061,Expired,0
TXN-d63c80cd,C360-100306,Accidental Insurance,2025-07-01,2026-07-01,1030,Active,1
TXN-84aa8688,C360-100307,Health Insurance,2021-07-02,2022-07-02,1124,Expired,2
TXN-961f12c7,C360-100307,Health Insurance,2022-07-02,2023-07-02,1137,Expired,0
TXN-f3e6cf58,C360-100307,Health Insurance,2023-07-02,2024-07-01,1152,Expired,0
TXN-53295011,C360-100307,Health Insurance,2024-07-01,2025-07-01,1160,Expired,0
TXN-7e71aa46,C360-100307,Health Insurance,2025-07-01,2026-07-01,1276,Active,0
TXN-51df58d7,C360-100308,Health Insurance,2021-07-02,2022-07-02,576,Expired,1
TXN-7ef1b4ff,C360-100308,Health Insurance,2022-07-02,2023-07-02,614,Expired,0
TXN-df15ea82,C360-100308,Health Insurance,2023-07-02,2024-07-01,654,Expired,0
TXN-7059a5de,C360-100308,Health Insurance,2024-07-01,2025-07-01,606,Expired,0
TXN-9ef5bd2d,C360-100308,Health Insurance,2025-07-01,2026-07-01,640,Active,1
TXN-9f362759,C360-100308,Life Insurance,2021-07-02,2022-07-02,656,Expired,0
TXN-63f4384a,C360-100308,Life Insurance,2022-07-02,2023-07-02,674,Expired,0
TXN-5e1f7fbf,C360-100308,Life Insurance,2023-07-02,2024-07-01,720,Expired,0
TXN-2bc34621,C360-100308,Life Insurance,2024-07-01,2025-07-01,707,Expired,1
TXN-56d7b330,C360-100308,Life Insurance,2025-07-01,2026-07-01,768,Active,0
TXN-2acca84b,C360-100308,Motor Insurance,2021-07-02,2022-07-02,307,Expired,0
TXN-0c898e9a,C360-100308,Motor Insurance,2022-07-02,2023-07-02,324,Expired,1
TXN-62f7ca47,C360-100308,Motor Insurance,2023-07-02,2024-07-01,393,Expired,0
TXN-b50f45ae,C360-100308,Motor Insurance,2024-07-01,2025-07-01,343,Expired,1
TXN-c88cbdf2,C360-100308,Motor Insurance,2025-07-01,2026-07-01,487,Active,2
TXN-4143f8e9,C360-100308,Accidental Insurance,2021-07-02,2022-07-02,528,Expired,0
TXN-3cfd7641,C360-100308,Accidental Insurance,2022-07-02,2023-07-02,559,Expired,0
TXN-ca90987d,C360-100308,Accidental Insurance,2023-07-02,2024-07-01,584,Expired,1
TXN-3f762c74,C360-100308,Accidental Insurance,2024-07-01,2025-07-01,657,Expired,0
TXN-a580195a,C360-100308,Accidental Insurance,2025-07-01,2026-07-01,680,Active,0
TXN-f8068be8,C360-100309,Motor Insurance,2021-07-02,2022-07-02,753,Expired,0
TXN-3ac1daa4,C360-100309,Motor Insurance,2022-07-02,2023-07-02,790,Expired,0
TXN-57977e7a,C360-100309,Motor Insurance,2023-07-02,2024-07-01,781,Expired,1
TXN-5a92b954,C360-100309,Motor Insurance,2024-07-01,2025-07-01,858,Expired,0
TXN-f24ad79e,C360-100309,Motor Insurance,2025-07-01,2026-07-01,873,Active,1
TXN-03dec883,C360-100310,Accidental Insurance,2021-07-02,2022-07-02,1298,Expired,1
TXN-5340719e,C360-100311,Health Insurance,2021-07-02,2022-07-02,460,Expired,0
TXN-4b5bcfaf,C360-100311,Health Insurance,2022-07-02,2023-07-02,499,Expired,0
TXN-3816dd3f,C360-100311,Health Insurance,2023-07-02,2024-07-01,492,Expired,0
TXN-2a5e21ff,C360-100311,Life Insurance,2021-07-02,2022-07-02,1425,Expired,0
TXN-70618390,C360-100311,Life Insurance,2022-07-02,2023-07-02,1473,Expired,0
TXN-0667fa68,C360-100311,Life Insurance,2023-07-02,2024-07-01,1501,Expired,0
TXN-feabb338,C360-100312,Accidental Insurance,2021-07-02,2022-07-02,794,Expired,0
TXN-2e2556bd,C360-100312,Accidental Insurance,2022-07-02,2023-07-02,827,Expired,0
TXN-42f2c9dd,C360-100312,Accidental Insurance,2023-07-02,2024-07-01,814,Expired,0
TXN-c02d8f40,C360-100312,Accidental Insurance,2024-07-01,2025-07-01,854,Expired,0
TXN-7e6db830,C360-100312,Accidental Insurance,2025-07-01,2026-07-01,974,Cancelled,0
TXN-66988dd8,C360-100313,Health Insurance,2021-07-02,2022-07-02,1140,Expired,0
TXN-73d904b5,C360-100313,Health Insurance,2022-07-02,2023-07-02,1166,Expired,0
TXN-10ec3aed,C360-100313,Health Insurance,2023-07-02,2024-07-01,1164,Expired,0
TXN-df32479a,C360-100313,Health Insurance,2024-07-01,2025-07-01,1209,Expired,1
TXN-8fb1ce7d,C360-100313,Health Insurance,2025-07-01,2026-07-01,1304,Active,2
TXN-98a526d8,C360-100314,Health Insurance,2021-07-02,2022-07-02,316,Expired,0
TXN-90bec0af,C360-100314,Health Insurance,2022-07-02,2023-07-02,326,Expired,2
TXN-9bf26814,C360-100314,Health Insurance,2023-07-02,2024-07-01,392,Expired,0
TXN-390226cf,C360-100314,Health Insurance,2024-07-01,2025-07-01,430,Expired,0
TXN-eb6095c8,C360-100314,Health Insurance,2025-07-01,2026-07-01,368,Active,0
TXN-923415c4,C360-100314,Life Insurance,2021-07-02,2022-07-02,417,Expired,0
TXN-c8b1c475,C360-100314,Life Insurance,2022-07-02,2023-07-02,457,Expired,1
TXN-f43d47b0,C360-100314,Life Insurance,2023-07-02,2024-07-01,491,Expired,0
TXN-eb398359,C360-100314,Life Insurance,2024-07-01,2025-07-01,459,Expired,0
TXN-75085a9d,C360-100314,Life Insurance,2025-07-01,2026-07-01,577,Active,0
TXN-9e0065e6,C360-100314,Motor Insurance,2021-07-02,2022-07-02,827,Expired,0
TXN-71b824ca,C360-100314,Motor Insurance,2022-07-02,2023-07-02,867,Expired,0
TXN-8fca51c9,C360-100314,Motor Insurance,2023-07-02,2024-07-01,847,Expired,0
TXN-d5d73e90,C360-100314,Motor Insurance,2024-07-01,2025-07-01,935,Expired,0
TXN-dec95948,C360-100314,Motor Insurance,2025-07-01,2026-07-01,983,Active,0
TXN-27229e82,C360-100314,Accidental Insurance,2021-07-02,2022-07-02,1348,Expired,0
TXN-025b1632,C360-100314,Accidental Insurance,2022-07-02,2023-07-02,1362,Expired,0
TXN-45e3d501,C360-100314,Accidental Insurance,2023-07-02,2024-07-01,1404,Expired,0
TXN-8bc7161a,C360-100314,Accidental Insurance,2024-07-01,2025-07-01,1441,Expired,2
TXN-e78f4c0a,C360-100314,Accidental Insurance,2025-07-01,2026-07-01,1412,Active,0
TXN-8148966f,C360-100315,Motor Insurance,2021-07-02,2022-07-02,698,Expired,0
TXN-5e3f9550,C360-100315,Motor Insurance,2022-07-02,2023-07-02,710,Expired,0
TXN-ecfd97d4,C360-100315,Motor Insurance,2023-07-02,2024-07-01,732,Expired,1
TXN-eb2a3216,C360-100315,Motor Insurance,2024-07-01,2025-07-01,791,Expired,0
TXN-4149fe4c,C360-100315,Motor Insurance,2025-07-01,2026-07-01,778,Active,1
TXN-f039911a,C360-100316,Health Insurance,2021-07-02,2022-07-02,666,Expired,1
TXN-61ef4fa8,C360-100317,Life Insurance,2021-07-02,2022-07-02,1400,Expired,0
TXN-7ca4b72f,C360-100317,Life Insurance,2022-07-02,2023-07-02,1439,Expired,0
TXN-05a0e4c8,C360-100317,Life Insurance,2023-07-02,2024-07-01,1446,Expired,0
TXN-ddac597b,C360-100317,Life Insurance,2024-07-01,2025-07-01,1493,Expired,0
TXN-b4bfc1ea,C360-100317,Life Insurance,2025-07-01,2026-07-01,1496,Active,0
TXN-01065d9c,C360-100318,Health Insurance,2021-07-02,2022-07-02,359,Expired,0
TXN-85bbc29a,C360-100318,Health Insurance,2022-07-02,2023-07-02,391,Expired,0
TXN-d3819a96,C360-100318,Health Insurance,2023-07-02,2024-07-01,453,Expired,1
TXN-8f45a4f3,C360-100318,Health Insurance,2024-07-01,2025-07-01,398,Expired,0
TXN-8245be81,C360-100318,Health Insurance,2025-07-01,2026-07-01,483,Active,0
TXN-64f98824,C360-100318,Life Insurance,2021-07-02,2022-07-02,752,Expired,0
TXN-85d7c833,C360-100318,Life Insurance,2022-07-02,2023-07-02,779,Expired,0
TXN-7c590426,C360-100318,Life Insurance,2023-07-02,2024-07-01,844,Expired,0
TXN-d15aa2c2,C360-100318,Life Insurance,2024-07-01,2025-07-01,857,Expired,0
TXN-211ee1d2,C360-100318,Life Insurance,2025-07-01,2026-07-01,948,Active,0
TXN-3e2af1c6,C360-100318,Motor Insurance,2021-07-02,2022-07-02,600,Expired,0
TXN-fc68aa99,C360-100318,Motor Insurance,2022-07-02,2023-07-02,640,Expired,1
TXN-2b6f3390,C360-100318,Motor Insurance,2023-07-02,2024-07-01,700,Expired,1
TXN-25c84a31,C360-100318,Motor Insurance,2024-07-01,2025-07-01,687,Expired,1
TXN-78b5abd7,C360-100318,Motor Insurance,2025-07-01,2026-07-01,792,Active,0
TXN-0cd90f90,C360-100318,Accidental Insurance,2021-07-02,2022-07-02,381,Expired,1
TXN-89e51111,C360-100318,Accidental Insurance,2022-07-02,2023-07-02,418,Expired,1
TXN-dd95e108,C360-100318,Accidental Insurance,2023-07-02,2024-07-01,443,Expired,0
TXN-4db050fd,C360-100318,Accidental Insurance,2024-07-01,2025-07-01,507,Expired,0
TXN-47443bc5,C360-100318,Accidental Insurance,2025-07-01,2026-07-01,473,Active,1
TXN-218f9854,C360-100319,Health Insurance,2021-07-02,2022-07-02,565,Expired,0
TXN-1e266633,C360-100319,Health Insurance,2022-07-02,2023-07-02,578,Expired,0
TXN-56973171,C360-100319,Health Insurance,2023-07-02,2024-07-01,625,Expired,0
TXN-107cf1be,C360-100319,Health Insurance,2024-07-01,2025-07-01,697,Expired,1
TXN-e9effa27,C360-100319,Health Insurance,2025-07-01,2026-07-01,689,Active,0
TXN-19e9f0d3,C360-100319,Life Insurance,2021-07-02,2022-07-02,828,Expired,0
TXN-d58cbee9,C360-100319,Life Insurance,2022-07-02,2023-07-02,862,Expired,0
TXN-38f47184,C360-100319,Life Insurance,2023-07-02,2024-07-01,896,Expired,0
TXN-5cc407d9,C360-100319,Life Insurance,2024-07-01,2025-07-01,942,Expired,0
TXN-f98e54a0,C360-100319,Life Insurance,2025-07-01,2026-07-01,928,Active,0
TXN-949331ea,C360-100319,Motor Insurance,2021-07-02,2022-07-02,1481,Expired,1
TXN-100dcee4,C360-100319,Motor Insurance,2022-07-02,2023-07-02,1494,Expired,2
TXN-0b349b96,C360-100319,Motor Insurance,2023-07-02,2024-07-01,1525,Expired,0
TXN-f14fe463,C360-100319,Motor Insurance,2024-07-01,2025-07-01,1529,Expired,0
TXN-b36d9260,C360-100319,Motor Insurance,2025-07-01,2026-07-01,1653,Active,0
TXN-a09f7609,C360-100319,Accidental Insurance,2021-07-02,2022-07-02,723,Expired,0
TXN-fae04559,C360-100319,Accidental Insurance,2022-07-02,2023-07-02,773,Expired,0
TXN-4402c683,C360-100319,Accidental Insurance,2023-07-02,2024-07-01,801,Expired,0
TXN-a881cb97,C360-100319,Accidental Insurance,2024-07-01,2025-07-01,852,Expired,0
TXN-a2f2c7c2,C360-100319,Accidental Insurance,2025-07-01,2026-07-01,867,Active,0
TXN-5e246c58,C360-100320,Health Insurance,2021-07-02,2022-07-02,1462,Expired,0
TXN-dd8225e5,C360-100320,Health Insurance,2022-07-02,2023-07-02,1497,Expired,2
TXN-4eb2cd21,C360-100320,Life Insurance,2021-07-02,2022-07-02,583,Expired,0
TXN-25175aae,C360-100320,Life Insurance,2022-07-02,2023-07-02,608,Expired,1
TXN-54be5cec,C360-100320,Motor Insurance,2021-07-02,2022-07-02,1233,Expired,0
TXN-d16aa4fe,C360-100320,Accidental Insurance,2021-07-02,2022-07-02,451,Expired,0
TXN-27b2a47a,C360-100321,Health Insurance,2021-07-02,2022-07-02,711,Expired,1
TXN-52638dfd,C360-100321,Health Insurance,2022-07-02,2023-07-02,739,Expired,0
TXN-03fae819,C360-100321,Health Insurance,2023-07-02,2024-07-01,753,Expired,0
TXN-9ea4b26c,C360-100321,Health Insurance,2024-07-01,2025-07-01,762,Expired,0
TXN-56796c38,C360-100321,Health Insurance,2025-07-01,2026-07-01,883,Active,0
TXN-ce180a66,C360-100321,Life Insurance,2021-07-02,2022-07-02,361,Expired,0
TXN-3547c93b,C360-100321,Life Insurance,2022-07-02,2023-07-02,376,Expired,0
TXN-4a9a7da2,C360-100321,Life Insurance,2023-07-02,2024-07-01,409,Expired,1
TXN-2deac46e,C360-100321,Life Insurance,2024-07-01,2025-07-01,457,Expired,1
TXN-84a2e994,C360-100321,Life Insurance,2025-07-01,2026-07-01,541,Active,0
TXN-d2ffc7ff,C360-100321,Motor Insurance,2021-07-02,2022-07-02,664,Expired,0
TXN-aeae00ae,C360-100321,Motor Insurance,2022-07-02,2023-07-02,699,Expired,1
TXN-a73ac474,C360-100321,Motor Insurance,2023-07-02,2024-07-01,714,Expired,0
TXN-90c0d405,C360-100321,Motor Insurance,2024-07-01,2025-07-01,748,Expired,0
TXN-c4ad4670,C360-100321,Motor Insurance,2025-07-01,2026-07-01,792,Active,0
TXN-4761ce6c,C360-100321,Accidental Insurance,2021-07-02,2022-07-02,762,Expired,1
TXN-557d2376,C360-100321,Accidental Insurance,2022-07-02,2023-07-02,788,Expired,1
TXN-e355b96b,C360-100321,Accidental Insurance,2023-07-02,2024-07-01,796,Expired,0
TXN-c3340820,C360-100321,Accidental Insurance,2024-07-01,2025-07-01,801,Expired,0
TXN-6ebb7af8,C360-100321,Accidental Insurance,2025-07-01,2026-07-01,822,Active,0
TXN-16d8182f,C360-100322,Accidental Insurance,2021-07-02,2022-07-02,1166,Expired,0
TXN-d818df36,C360-100322,Accidental Insurance,2022-07-02,2023-07-02,1210,Expired,0
TXN-9e1140c1,C360-100322,Accidental Insurance,2023-07-02,2024-07-01,1240,Expired,0
TXN-c42fad08,C360-100322,Accidental Insurance,2024-07-01,2025-07-01,1304,Expired,2
TXN-5b2cad53,C360-100322,Accidental Insurance,2025-07-01,2026-07-01,1330,Active,1
TXN-1895b751,C360-100323,Motor Insurance,2021-07-02,2022-07-02,752,Expired,0
TXN-01f42244,C360-100323,Motor Insurance,2022-07-02,2023-07-02,765,Expired,0
TXN-40422202,C360-100323,Motor Insurance,2023-07-02,2024-07-01,774,Expired,0
TXN-f778c1c7,C360-100323,Motor Insurance,2024-07-01,2025-07-01,821,Expired,0
TXN-508f067a,C360-100323,Motor Insurance,2025-07-01,2026-07-01,904,Cancelled,0
TXN-da08e823,C360-100323,Life Insurance,2021-07-02,2022-07-02,792,Expired,0
TXN-fabf440a,C360-100324,Health Insurance,2021-07-02,2022-07-02,1386,Expired,0
TXN-e6fd09ee,C360-100324,Life Insurance,2021-07-02,2022-07-02,827,Expired,0
TXN-d094402a,C360-100324,Motor Insurance,2021-07-02,2022-07-02,1053,Expired,0
TXN-e5d0b47e,C360-100325,Motor Insurance,2021-07-02,2022-07-02,918,Expired,0
TXN-b646b828,C360-100325,Motor Insurance,2022-07-02,2023-07-02,964,Expired,0
TXN-20a124a5,C360-100325,Motor Insurance,2023-07-02,2024-07-01,1016,Expired,0
TXN-2df82c0a,C360-100325,Motor Insurance,2024-07-01,2025-07-01,1062,Expired,1
TXN-c7e5c6de,C360-100325,Motor Insurance,2025-07-01,2026-07-01,1002,Active,0
TXN-9d0e79d0,C360-100326,Motor Insurance,2021-07-02,2022-07-02,1152,Expired,0
TXN-00dbf8a6,C360-100326,Motor Insurance,2022-07-02,2023-07-02,1166,Expired,0
TXN-16685423,C360-100326,Motor Insurance,2023-07-02,2024-07-01,1236,Expired,0
TXN-be9bd3fb,C360-100326,Motor Insurance,2024-07-01,2025-07-01,1227,Expired,1
TXN-5ef2836c,C360-100326,Motor Insurance,2025-07-01,2026-07-01,1292,Active,1
TXN-f1721f6a,C360-100327,Motor Insurance,2021-07-02,2022-07-02,623,Expired,0
TXN-f76a44ce,C360-100327,Motor Insurance,2022-07-02,2023-07-02,665,Expired,0
TXN-991fab26,C360-100327,Motor Insurance,2023-07-02,2024-07-01,697,Expired,0
TXN-03d14b86,C360-100327,Motor Insurance,2024-07-01,2025-07-01,752,Expired,0
TXN-bbcaccbb,C360-100327,Motor Insurance,2025-07-01,2026-07-01,703,Active,0
TXN-7059dc13,C360-100328,Motor Insurance,2021-07-02,2022-07-02,1326,Expired,2
TXN-8453f869,C360-100328,Motor Insurance,2022-07-02,2023-07-02,1344,Expired,1
TXN-3a65f737,C360-100328,Motor Insurance,2023-07-02,2024-07-01,1388,Expired,1
TXN-ef838c8f,C360-100328,Motor Insurance,2024-07-01,2025-07-01,1374,Expired,0
TXN-b6e6f9f7,C360-100328,Motor Insurance,2025-07-01,2026-07-01,1498,Active,0
TXN-7a874a03,C360-100328,Accidental Insurance,2021-07-02,2022-07-02,1321,Expired,0
TXN-13f56584,C360-100328,Accidental Insurance,2022-07-02,2023-07-02,1354,Expired,0
TXN-74cfd893,C360-100328,Accidental Insurance,2023-07-02,2024-07-01,1387,Expired,0
TXN-01e95205,C360-100328,Accidental Insurance,2024-07-01,2025-07-01,1471,Expired,0
TXN-c0599690,C360-100328,Accidental Insurance,2025-07-01,2026-07-01,1425,Active,0
TXN-00b0d573,C360-100329,Accidental Insurance,2021-07-02,2022-07-02,612,Expired,1
TXN-be9abffa,C360-100329,Accidental Insurance,2022-07-02,2023-07-02,632,Expired,0
TXN-349e2565,C360-100329,Accidental Insurance,2023-07-02,2024-07-01,706,Expired,0
TXN-023aa3c2,C360-100329,Accidental Insurance,2024-07-01,2025-07-01,750,Expired,2
TXN-0cdb1462,C360-100329,Accidental Insurance,2025-07-01,2026-07-01,708,Active,0
TXN-5a41d591,C360-100330,Health Insurance,2021-07-02,2022-07-02,996,Expired,0
TXN-cb716031,C360-100330,Health Insurance,2022-07-02,2023-07-02,1024,Expired,0
TXN-f813d94a,C360-100330,Health Insurance,2023-07-02,2024-07-01,1046,Expired,0
TXN-109f1fa2,C360-100330,Health Insurance,2024-07-01,2025-07-01,1146,Expired,1
TXN-c23ac509,C360-100330,Health Insurance,2025-07-01,2026-07-01,1080,Active,0
TXN-48e094eb,C360-100330,Life Insurance,2021-07-02,2022-07-02,303,Expired,0
TXN-e2fda415,C360-100330,Life Insurance,2022-07-02,2023-07-02,345,Expired,0
TXN-76d17838,C360-100330,Life Insurance,2023-07-02,2024-07-01,335,Expired,0
TXN-389bfa8a,C360-100330,Life Insurance,2024-07-01,2025-07-01,372,Expired,0
TXN-d48a3588,C360-100330,Life Insurance,2025-07-01,2026-07-01,395,Active,0
TXN-8c1c28fe,C360-100330,Motor Insurance,2021-07-02,2022-07-02,669,Expired,2
TXN-0ec552b4,C360-100330,Motor Insurance,2022-07-02,2023-07-02,684,Expired,0
TXN-37327004,C360-100330,Motor Insurance,2023-07-02,2024-07-01,713,Expired,0
TXN-9b17bb2e,C360-100330,Motor Insurance,2024-07-01,2025-07-01,780,Expired,0
TXN-750c6763,C360-100330,Motor Insurance,2025-07-01,2026-07-01,777,Active,1
TXN-3b1e53ce,C360-100330,Accidental Insurance,2021-07-02,2022-07-02,1386,Expired,0
TXN-fc464700,C360-100330,Accidental Insurance,2022-07-02,2023-07-02,1421,Expired,0
TXN-e5685076,C360-100330,Accidental Insurance,2023-07-02,2024-07-01,1414,Expired,2
TXN-b8b7a1d8,C360-100330,Accidental Insurance,2024-07-01,2025-07-01,1464,Expired,0
TXN-f6245648,C360-100330,Accidental Insurance,2025-07-01,2026-07-01,1546,Active,0
TXN-10e5e1d8,C360-100331,Accidental Insurance,2021-07-02,2022-07-02,816,Expired,0
TXN-f81fe352,C360-100331,Accidental Insurance,2022-07-02,2023-07-02,853,Expired,0
TXN-b3d888fe,C360-100331,Accidental Insurance,2023-07-02,2024-07-01,898,Expired,1
TXN-008ec30f,C360-100331,Accidental Insurance,2024-07-01,2025-07-01,954,Expired,1
TXN-cd77ad86,C360-100331,Accidental Insurance,2025-07-01,2026-07-01,892,Active,0
TXN-3f8ecc00,C360-100331,Life Insurance,2021-07-02,2022-07-02,699,Expired,0
TXN-e16460f5,C360-100331,Life Insurance,2022-07-02,2023-07-02,710,Expired,0
TXN-d4564fe2,C360-100331,Life Insurance,2023-07-02,2024-07-01,793,Expired,0
TXN-a557f14e,C360-100331,Life Insurance,2024-07-01,2025-07-01,729,Expired,0
TXN-dc585581,C360-100331,Life Insurance,2025-07-01,2026-07-01,859,Active,0
TXN-40c69225,C360-100332,Life Insurance,2021-07-02,2022-07-02,403,Expired,0
TXN-8567641e,C360-100332,Life Insurance,2022-07-02,2023-07-02,448,Expired,0
TXN-d8437c97,C360-100332,Accidental Insurance,2021-07-02,2022-07-02,1379,Expired,1
TXN-a4370104,C360-100332,Accidental Insurance,2022-07-02,2023-07-02,1412,Expired,0
TXN-85870ad3,C360-100332,Accidental Insurance,2023-07-02,2024-07-01,1429,Expired,0
TXN-e8ea3ea0,C360-100333,Health Insurance,2021-07-02,2022-07-02,490,Expired,0
TXN-9c4eceb5,C360-100333,Health Insurance,2022-07-02,2023-07-02,532,Expired,0
TXN-531fc942,C360-100333,Health Insurance,2023-07-02,2024-07-01,540,Expired,0
TXN-21e7f500,C360-100333,Health Insurance,2024-07-01,2025-07-01,553,Expired,0
TXN-d9ba94a2,C360-100333,Health Insurance,2025-07-01,2026-07-01,566,Active,0
TXN-3c4028c0,C360-100333,Life Insurance,2021-07-02,2022-07-02,576,Expired,0
TXN-6553cfe1,C360-100333,Life Insurance,2022-07-02,2023-07-02,595,Expired,0
TXN-e038e98a,C360-100333,Life Insurance,2023-07-02,2024-07-01,628,Expired,0
TXN-bd977abb,C360-100333,Life Insurance,2024-07-01,2025-07-01,615,Expired,0
TXN-60fe22ca,C360-100333,Life Insurance,2025-07-01,2026-07-01,744,Active,0
TXN-6192baf9,C360-100333,Motor Insurance,2021-07-02,2022-07-02,852,Expired,0
TXN-d3205dcd,C360-100333,Motor Insurance,2022-07-02,2023-07-02,868,Expired,0
TXN-7c66cec8,C360-100333,Motor Insurance,2023-07-02,2024-07-01,918,Expired,0
TXN-5ba3a465,C360-100333,Motor Insurance,2024-07-01,2025-07-01,939,Expired,2
TXN-955927cd,C360-100333,Motor Insurance,2025-07-01,2026-07-01,920,Active,0
TXN-6db7420d,C360-100333,Accidental Insurance,2021-07-02,2022-07-02,383,Expired,0
TXN-7189a7ac,C360-100333,Accidental Insurance,2022-07-02,2023-07-02,420,Expired,0
TXN-02f5cc84,C360-100333,Accidental Insurance,2023-07-02,2024-07-01,431,Expired,0
TXN-e18a3be4,C360-100333,Accidental Insurance,2024-07-01,2025-07-01,521,Expired,0
TXN-499df2c0,C360-100333,Accidental Insurance,2025-07-01,2026-07-01,443,Active,0
TXN-4bd0cd23,C360-100334,Health Insurance,2021-07-02,2022-07-02,1459,Expired,1
TXN-12fb5156,C360-100334,Health Insurance,2022-07-02,2023-07-02,1469,Expired,0
TXN-0890c2a4,C360-100334,Health Insurance,2023-07-02,2024-07-01,1515,Expired,1
TXN-f21ded08,C360-100334,Life Insurance,2021-07-02,2022-07-02,1237,Expired,0
TXN-8cae32c6,C360-100334,Accidental Insurance,2021-07-02,2022-07-02,1485,Expired,0
TXN-92f55b67,C360-100334,Accidental Insurance,2022-07-02,2023-07-02,1507,Expired,0
TXN-57d44a6b,C360-100335,Motor Insurance,2021-07-02,2022-07-02,647,Expired,1
TXN-3a7e1090,C360-100335,Motor Insurance,2022-07-02,2023-07-02,689,Expired,0
TXN-588ac0fd,C360-100335,Motor Insurance,2023-07-02,2024-07-01,683,Expired,0
TXN-14e27b73,C360-100335,Motor Insurance,2024-07-01,2025-07-01,695,Expired,0
TXN-25007e59,C360-100335,Motor Insurance,2025-07-01,2026-07-01,827,Active,0
TXN-9a4cf86d,C360-100336,Accidental Insurance,2021-07-02,2022-07-02,514,Expired,1
TXN-1e065df1,C360-100336,Accidental Insurance,2022-07-02,2023-07-02,544,Expired,0
TXN-57109c3b,C360-100336,Accidental Insurance,2023-07-02,2024-07-01,540,Expired,0
TXN-388da00b,C360-100336,Accidental Insurance,2024-07-01,2025-07-01,619,Expired,0
TXN-e2144afd,C360-100336,Accidental Insurance,2025-07-01,2026-07-01,658,Active,1
TXN-3fd7578a,C360-100337,Health Insurance,2021-07-02,2022-07-02,1382,Expired,0
TXN-9ea346d9,C360-100337,Health Insurance,2022-07-02,2023-07-02,1400,Expired,0
TXN-fdf49f77,C360-100337,Health Insurance,2023-07-02,2024-07-01,1420,Expired,0
TXN-3759d402,C360-100337,Health Insurance,2024-07-01,2025-07-01,1496,Expired,0
TXN-6eee29bd,C360-100337,Health Insurance,2025-07-01,2026-07-01,1530,Cancelled,0
TXN-df27929b,C360-100337,Life Insurance,2021-07-02,2022-07-02,709,Expired,0
TXN-4aa6ce7c,C360-100337,Life Insurance,2022-07-02,2023-07-02,751,Expired,0
TXN-2a1c4bcb,C360-100337,Life Insurance,2023-07-02,2024-07-01,769,Expired,0
TXN-3a4b4555,C360-100337,Life Insurance,2024-07-01,2025-07-01,835,Expired,0
TXN-4eb7229b,C360-100337,Life Insurance,2025-07-01,2026-07-01,893,Active,0
TXN-d6fb5323,C360-100337,Motor Insurance,2021-07-02,2022-07-02,830,Expired,0
TXN-4ee6f887,C360-100337,Motor Insurance,2022-07-02,2023-07-02,845,Expired,1
TXN-f695d17b,C360-100337,Motor Insurance,2023-07-02,2024-07-01,876,Expired,0
TXN-11d92214,C360-100337,Motor Insurance,2024-07-01,2025-07-01,941,Expired,1
TXN-fa9d547c,C360-100337,Motor Insurance,2025-07-01,2026-07-01,1014,Active,1
TXN-d4310f20,C360-100338,Accidental Insurance,2021-07-02,2022-07-02,1316,Expired,1
TXN-8141eb6b,C360-100338,Accidental Insurance,2022-07-02,2023-07-02,1339,Expired,0
TXN-33897674,C360-100338,Accidental Insurance,2023-07-02,2024-07-01,1382,Expired,0
TXN-a6190e90,C360-100338,Accidental Insurance,2024-07-01,2025-07-01,1466,Expired,0
TXN-4fc3b474,C360-100338,Accidental Insurance,2025-07-01,2026-07-01,1468,Active,2
TXN-d368a0a7,C360-100339,Health Insurance,2021-07-02,2022-07-02,870,Expired,0
TXN-a5648e58,C360-100339,Health Insurance,2022-07-02,2023-07-02,903,Expired,0
TXN-b214b8d3,C360-100339,Health Insurance,2023-07-02,2024-07-01,954,Expired,0
TXN-56935909,C360-100339,Health Insurance,2024-07-01,2025-07-01,918,Expired,0
TXN-4a12c7c0,C360-100339,Health Insurance,2025-07-01,2026-07-01,1050,Active,0
TXN-40bca8fe,C360-100339,Life Insurance,2021-07-02,2022-07-02,689,Expired,0
TXN-f1712923,C360-100339,Life Insurance,2022-07-02,2023-07-02,715,Expired,0
TXN-431e0374,C360-100339,Life Insurance,2023-07-02,2024-07-01,763,Expired,0
TXN-e0a4f2a8,C360-100339,Life Insurance,2024-07-01,2025-07-01,767,Expired,2
TXN-5f61d2ff,C360-100339,Life Insurance,2025-07-01,2026-07-01,809,Active,0
TXN-efdd3ad4,C360-100339,Motor Insurance,2021-07-02,2022-07-02,902,Expired,1
TXN-576d0c42,C360-100339,Motor Insurance,2022-07-02,2023-07-02,952,Expired,0
TXN-19bbd8a6,C360-100339,Motor Insurance,2023-07-02,2024-07-01,950,Expired,1
TXN-e3b1504b,C360-100339,Motor Insurance,2024-07-01,2025-07-01,947,Expired,0
TXN-8d607d64,C360-100339,Motor Insurance,2025-07-01,2026-07-01,1022,Active,0
TXN-987278ff,C360-100339,Accidental Insurance,2021-07-02,2022-07-02,673,Expired,0
TXN-96afe355,C360-100339,Accidental Insurance,2022-07-02,2023-07-02,704,Expired,0
TXN-605e59de,C360-100339,Accidental Insurance,2023-07-02,2024-07-01,711,Expired,0
TXN-d25e6628,C360-100339,Accidental Insurance,2024-07-01,2025-07-01,820,Expired,0
TXN-0d0812fa,C360-100339,Accidental Insurance,2025-07-01,2026-07-01,761,Active,0
TXN-e25ee6ff,C360-100340,Health Insurance,2021-07-02,2022-07-02,1005,Expired,1
TXN-d76552e9,C360-100340,Health Insurance,2022-07-02,2023-07-02,1020,Expired,0
TXN-37151a22,C360-100340,Health Insurance,2023-07-02,2024-07-01,1047,Expired,0
TXN-c0746071,C360-100340,Health Insurance,2024-07-01,2025-07-01,1146,Expired,0
TXN-06d6d620,C360-100340,Health Insurance,2025-07-01,2026-07-01,1049,Active,1
TXN-9314ca11,C360-100341,Accidental Insurance,2021-07-02,2022-07-02,1492,Expired,0
TXN-42c7225f,C360-100341,Accidental Insurance,2022-07-02,2023-07-02,1524,Expired,0
TXN-dd4596c2,C360-100341,Accidental Insurance,2023-07-02,2024-07-01,1558,Expired,0
TXN-f92fd682,C360-100341,Accidental Insurance,2024-07-01,2025-07-01,1561,Expired,1
TXN-8c06c9b2,C360-100341,Accidental Insurance,2025-07-01,2026-07-01,1640,Active,0
TXN-25963c6d,C360-100342,Health Insurance,2021-07-02,2022-07-02,938,Expired,0
TXN-aaadd156,C360-100342,Health Insurance,2022-07-02,2023-07-02,971,Expired,0
TXN-1532e506,C360-100342,Life Insurance,2021-07-02,2022-07-02,1415,Expired,0
TXN-b60b1adf,C360-100342,Life Insurance,2022-07-02,2023-07-02,1425,Expired,1
TXN-3b03619b,C360-100342,Life Insurance,2023-07-02,2024-07-01,1445,Expired,0
TXN-0a6b08b6,C360-100342,Life Insurance,2024-07-01,2025-07-01,1451,Expired,2
TXN-45d8c1a2,C360-100342,Life Insurance,2025-07-01,2026-07-01,1519,Cancelled,0
TXN-3f15f645,C360-100342,Accidental Insurance,2021-07-02,2022-07-02,1368,Expired,0
TXN-ee91a91c,C360-100343,Life Insurance,2021-07-02,2022-07-02,756,Expired,0
TXN-90216f11,C360-100343,Life Insurance,2022-07-02,2023-07-02,798,Expired,0
TXN-22d2cf52,C360-100343,Life Insurance,2023-07-02,2024-07-01,852,Expired,0
TXN-e39ae534,C360-100343,Life Insurance,2024-07-01,2025-07-01,825,Expired,2
TXN-6be4fdcf,C360-100343,Life Insurance,2025-07-01,2026-07-01,804,Active,0
TXN-44ac21f3,C360-100344,Life Insurance,2021-07-02,2022-07-02,711,Expired,0
TXN-ba66eb30,C360-100344,Life Insurance,2022-07-02,2023-07-02,750,Expired,1
TXN-ee5be374,C360-100344,Life Insurance,2023-07-02,2024-07-01,761,Expired,0
TXN-03a8c1f6,C360-100344,Life Insurance,2024-07-01,2025-07-01,819,Expired,0
TXN-773036ef,C360-100344,Life Insurance,2025-07-01,2026-07-01,879,Cancelled,0
TXN-e05bd4ac,C360-100345,Life Insurance,2021-07-02,2022-07-02,1393,Expired,0
TXN-3d921b7a,C360-100345,Life Insurance,2022-07-02,2023-07-02,1430,Expired,0
TXN-b08dcb87,C360-100345,Life Insurance,2023-07-02,2024-07-01,1437,Expired,0
TXN-1c7553e1,C360-100345,Life Insurance,2024-07-01,2025-07-01,1513,Expired,0
TXN-07e44910,C360-100345,Life Insurance,2025-07-01,2026-07-01,1569,Active,0
TXN-0d0fb6ee,C360-100346,Health Insurance,2021-07-02,2022-07-02,353,Expired,0
TXN-e77d9dac,C360-100346,Health Insurance,2022-07-02,2023-07-02,385,Expired,1
TXN-42f286d2,C360-100346,Health Insurance,2023-07-02,2024-07-01,395,Expired,0
TXN-3fde9de2,C360-100346,Health Insurance,2024-07-01,2025-07-01,500,Expired,0
TXN-bc38b29a,C360-100346,Health Insurance,2025-07-01,2026-07-01,465,Cancelled,0
TXN-94727d7c,C360-100347,Health Insurance,2021-07-02,2022-07-02,1253,Expired,0
TXN-a816b075,C360-100347,Health Insurance,2022-07-02,2023-07-02,1273,Expired,1
TXN-af3cd6cc,C360-100347,Health Insurance,2023-07-02,2024-07-01,1303,Expired,0
TXN-a0b65df1,C360-100347,Health Insurance,2024-07-01,2025-07-01,1370,Expired,1
TXN-a4decca0,C360-100347,Health Insurance,2025-07-01,2026-07-01,1397,Active,0
TXN-cd0f8ce2,C360-100348,Health Insurance,2021-07-02,2022-07-02,1385,Expired,0
TXN-d40f72b4,C360-100348,Health Insurance,2022-07-02,2023-07-02,1420,Expired,0
TXN-f4606eb4,C360-100348,Health Insurance,2023-07-02,2024-07-01,1481,Expired,0
TXN-7fa234ea,C360-100348,Health Insurance,2024-07-01,2025-07-01,1418,Expired,1
TXN-fb5440b1,C360-100348,Health Insurance,2025-07-01,2026-07-01,1437,Active,0
TXN-d6b04619,C360-100348,Life Insurance,2021-07-02,2022-07-02,1345,Expired,0
TXN-79ac631c,C360-100348,Life Insurance,2022-07-02,2023-07-02,1379,Expired,0
TXN-d6adb07d,C360-100348,Life Insurance,2023-07-02,2024-07-01,1439,Expired,0
TXN-1feae9be,C360-100348,Life Insurance,2024-07-01,2025-07-01,1396,Expired,0
TXN-54623a33,C360-100348,Life Insurance,2025-07-01,2026-07-01,1393,Active,0
TXN-0be107c9,C360-100348,Motor Insurance,2021-07-02,2022-07-02,574,Expired,0
TXN-b09d8d7e,C360-100348,Motor Insurance,2022-07-02,2023-07-02,586,Expired,0
TXN-af1e079b,C360-100348,Motor Insurance,2023-07-02,2024-07-01,670,Expired,0
TXN-af2ad597,C360-100348,Motor Insurance,2024-07-01,2025-07-01,604,Expired,0
TXN-e138ae04,C360-100348,Motor Insurance,2025-07-01,2026-07-01,662,Active,0
TXN-9188de79,C360-100348,Accidental Insurance,2021-07-02,2022-07-02,1333,Expired,0
TXN-00fc7f2d,C360-100348,Accidental Insurance,2022-07-02,2023-07-02,1369,Expired,0
TXN-3fe8814e,C360-100348,Accidental Insurance,2023-07-02,2024-07-01,1421,Expired,0
TXN-69a1f755,C360-100348,Accidental Insurance,2024-07-01,2025-07-01,1429,Expired,0
TXN-9e39d712,C360-100348,Accidental Insurance,2025-07-01,2026-07-01,1493,Active,1
TXN-41ce8a3f,C360-100349,Health Insurance,2021-07-02,2022-07-02,1466,Expired,0
TXN-b66cb18b,C360-100349,Life Insurance,2021-07-02,2022-07-02,668,Expired,0
TXN-98a20daa,C360-100349,Life Insurance,2022-07-02,2023-07-02,697,Expired,0
TXN-2cd6c287,C360-100350,Health Insurance,2021-07-02,2022-07-02,429,Expired,0
TXN-66ae6801,C360-100350,Health Insurance,2022-07-02,2023-07-02,462,Expired,0
TXN-adfec459,C360-100350,Health Insurance,2023-07-02,2024-07-01,487,Expired,0
TXN-1e0f4584,C360-100350,Health Insurance,2024-07-01,2025-07-01,507,Expired,0
TXN-fd387a23,C360-100350,Health Insurance,2025-07-01,2026-07-01,581,Active,0
TXN-58b7f229,C360-100350,Life Insurance,2021-07-02,2022-07-02,981,Expired,1
TXN-7eac99c3,C360-100350,Life Insurance,2022-07-02,2023-07-02,1015,Expired,0
TXN-863f160d,C360-100350,Life Insurance,2023-07-02,2024-07-01,1051,Expired,2
TXN-88044b90,C360-100350,Life Insurance,2024-07-01,2025-07-01,1050,Expired,0
TXN-1f10a9a3,C360-100350,Life Insurance,2025-07-01,2026-07-01,1065,Active,1
TXN-7b4c4521,C360-100350,Motor Insurance,2021-07-02,2022-07-02,740,Expired,0
TXN-fc284db0,C360-100350,Motor Insurance,2022-07-02,2023-07-02,761,Expired,0
TXN-0d768858,C360-100350,Motor Insurance,2023-07-02,2024-07-01,774,Expired,0
TXN-fb793565,C360-100350,Motor Insurance,2024-07-01,2025-07-01,842,Expired,0
TXN-a20fceee,C360-100350,Motor Insurance,2025-07-01,2026-07-01,924,Active,0
TXN-d9c8e63a,C360-100350,Accidental Insurance,2021-07-02,2022-07-02,1441,Expired,0
TXN-078037c6,C360-100350,Accidental Insurance,2022-07-02,2023-07-02,1463,Expired,0
TXN-02bd5088,C360-100350,Accidental Insurance,2023-07-02,2024-07-01,1469,Expired,0
TXN-8906c7ea,C360-100350,Accidental Insurance,2024-07-01,2025-07-01,1582,Expired,1
TXN-04035e01,C360-100350,Accidental Insurance,2025-07-01,2026-07-01,1593,Active,0
TXN-47ee5b6b,C360-100351,Health Insurance,2021-07-02,2022-07-02,1380,Expired,0
TXN-7fb19aa2,C360-100351,Health Insurance,2022-07-02,2023-07-02,1407,Expired,0
TXN-d5db0f6f,C360-100351,Health Insurance,2023-07-02,2024-07-01,1480,Expired,2
TXN-1c1d97e0,C360-100351,Health Insurance,2024-07-01,2025-07-01,1449,Expired,1
TXN-7afa5078,C360-100351,Health Insurance,2025-07-01,2026-07-01,1572,Active,1
TXN-cd53ae0b,C360-100351,Life Insurance,2021-07-02,2022-07-02,1343,Expired,0
TXN-c4b30d68,C360-100351,Life Insurance,2022-07-02,2023-07-02,1385,Expired,0
TXN-66920efe,C360-100351,Life Insurance,2023-07-02,2024-07-01,1369,Expired,0
TXN-279f1a4c,C360-100351,Life Insurance,2024-07-01,2025-07-01,1451,Expired,0
TXN-7d3e62a9,C360-100351,Life Insurance,2025-07-01,2026-07-01,1407,Active,0
TXN-45e66142,C360-100351,Motor Insurance,2021-07-02,2022-07-02,931,Expired,0
TXN-885cc4c1,C360-100351,Motor Insurance,2022-07-02,2023-07-02,961,Expired,0
TXN-aff2a4bc,C360-100351,Motor Insurance,2023-07-02,2024-07-01,983,Expired,0
TXN-8b97e50a,C360-100351,Motor Insurance,2024-07-01,2025-07-01,1006,Expired,0
TXN-e8440a63,C360-100351,Motor Insurance,2025-07-01,2026-07-01,1087,Active,0
TXN-a4c2722a,C360-100351,Accidental Insurance,2021-07-02,2022-07-02,1003,Expired,0
TXN-2349e8bd,C360-100351,Accidental Insurance,2022-07-02,2023-07-02,1025,Expired,0
TXN-53fbe67f,C360-100351,Accidental Insurance,2023-07-02,2024-07-01,1079,Expired,0
TXN-aaa89070,C360-100351,Accidental Insurance,2024-07-01,2025-07-01,1114,Expired,1
TXN-4c03e70a,C360-100351,Accidental Insurance,2025-07-01,2026-07-01,1199,Active,0
TXN-90be15a9,C360-100352,Life Insurance,2021-07-02,2022-07-02,1346,Expired,0
TXN-eed6c3b1,C360-100352,Life Insurance,2022-07-02,2023-07-02,1394,Expired,1
TXN-e8dfa3aa,C360-100353,Accidental Insurance,2021-07-02,2022-07-02,386,Expired,0
TXN-b84bce0f,C360-100353,Accidental Insurance,2022-07-02,2023-07-02,430,Expired,0
TXN-1782dacd,C360-100353,Accidental Insurance,2023-07-02,2024-07-01,450,Expired,0
TXN-e0c30715,C360-100353,Accidental Insurance,2024-07-01,2025-07-01,515,Expired,0
TXN-186f08b7,C360-100353,Accidental Insurance,2025-07-01,2026-07-01,566,Active,0
TXN-30eda915,C360-100354,Life Insurance,2021-07-02,2022-07-02,1292,Expired,0
TXN-e7e6c50f,C360-100354,Life Insurance,2022-07-02,2023-07-02,1334,Expired,0
TXN-edbeb8f5,C360-100354,Life Insurance,2023-07-02,2024-07-01,1346,Expired,0
TXN-c41142ee,C360-100354,Life Insurance,2024-07-01,2025-07-01,1367,Expired,0
TXN-91c477de,C360-100354,Life Insurance,2025-07-01,2026-07-01,1420,Active,1
TXN-c8ffb3d7,C360-100355,Accidental Insurance,2021-07-02,2022-07-02,646,Expired,0
TXN-7bead484,C360-100355,Accidental Insurance,2022-07-02,2023-07-02,685,Expired,0
TXN-d13371c4,C360-100355,Accidental Insurance,2023-07-02,2024-07-01,698,Expired,1
TXN-754d6ff8,C360-100355,Accidental Insurance,2024-07-01,2025-07-01,757,Expired,0
TXN-0997574f,C360-100355,Accidental Insurance,2025-07-01,2026-07-01,802,Cancelled,0
TXN-52227d42,C360-100356,Health Insurance,2021-07-02,2022-07-02,413,Expired,1
TXN-f7276d4b,C360-100356,Health Insurance,2022-07-02,2023-07-02,452,Expired,0
TXN-b7293d49,C360-100356,Health Insurance,2023-07-02,2024-07-01,485,Expired,0
TXN-2459b7e4,C360-100356,Health Insurance,2024-07-01,2025-07-01,473,Expired,0
TXN-b4012f6d,C360-100356,Health Insurance,2025-07-01,2026-07-01,581,Active,0
TXN-ada1d52f,C360-100356,Life Insurance,2021-07-02,2022-07-02,699,Expired,0
TXN-17ea3b45,C360-100356,Life Insurance,2022-07-02,2023-07-02,728,Expired,0
TXN-289a19a9,C360-100356,Life Insurance,2023-07-02,2024-07-01,729,Expired,1
TXN-adac3af3,C360-100356,Life Insurance,2024-07-01,2025-07-01,771,Expired,0
TXN-5918b867,C360-100356,Life Insurance,2025-07-01,2026-07-01,847,Active,0
TXN-6118cae8,C360-100356,Motor Insurance,2021-07-02,2022-07-02,574,Expired,1
TXN-1aa37592,C360-100356,Motor Insurance,2022-07-02,2023-07-02,621,Expired,2
TXN-27863508,C360-100356,Motor Insurance,2023-07-02,2024-07-01,668,Expired,0
TXN-54d978d9,C360-100356,Motor Insurance,2024-07-01,2025-07-01,661,Expired,0
TXN-34ebb343,C360-100356,Motor Insurance,2025-07-01,2026-07-01,734,Active,0
TXN-92075e34,C360-100356,Accidental Insurance,2021-07-02,2022-07-02,1432,Expired,0
TXN-dd3c0032,C360-100356,Accidental Insurance,2022-07-02,2023-07-02,1470,Expired,0
TXN-e7c05061,C360-100356,Accidental Insurance,2023-07-02,2024-07-01,1498,Expired,0
TXN-6469e948,C360-100356,Accidental Insurance,2024-07-01,2025-07-01,1513,Expired,0
TXN-d6ed04a3,C360-100356,Accidental Insurance,2025-07-01,2026-07-01,1600,Active,0
TXN-cb61253d,C360-100357,Health Insurance,2021-07-02,2022-07-02,416,Expired,0
TXN-90f8eda3,C360-100357,Health Insurance,2022-07-02,2023-07-02,434,Expired,0
TXN-7ed9bfb4,C360-100357,Health Insurance,2023-07-02,2024-07-01,478,Expired,0
TXN-e15a1106,C360-100357,Health Insurance,2024-07-01,2025-07-01,548,Expired,0
TXN-f580d942,C360-100357,Health Insurance,2025-07-01,2026-07-01,616,Active,0
TXN-3c6988b7,C360-100357,Life Insurance,2021-07-02,2022-07-02,602,Expired,0
TXN-89add903,C360-100357,Life Insurance,2022-07-02,2023-07-02,615,Expired,0
TXN-da0ae93b,C360-100357,Life Insurance,2023-07-02,2024-07-01,636,Expired,0
TXN-9ce0e072,C360-100357,Life Insurance,2024-07-01,2025-07-01,635,Expired,0
TXN-188963a9,C360-100357,Life Insurance,2025-07-01,2026-07-01,742,Active,0
TXN-26b7b1f0,C360-100357,Motor Insurance,2021-07-02,2022-07-02,1291,Expired,0
TXN-a55a5556,C360-100357,Motor Insurance,2022-07-02,2023-07-02,1333,Expired,0
TXN-1ce3a255,C360-100357,Motor Insurance,2023-07-02,2024-07-01,1335,Expired,0
TXN-f97ece5f,C360-100357,Motor Insurance,2024-07-01,2025-07-01,1399,Expired,0
TXN-9fa60ca9,C360-100357,Motor Insurance,2025-07-01,2026-07-01,1451,Active,0
TXN-c200f8af,C360-100357,Accidental Insurance,2021-07-02,2022-07-02,806,Expired,0
TXN-8f3f6141,C360-100357,Accidental Insurance,2022-07-02,2023-07-02,823,Expired,0
TXN-ea23be1c,C360-100357,Accidental Insurance,2023-07-02,2024-07-01,856,Expired,0
TXN-6628bea3,C360-100357,Accidental Insurance,2024-07-01,2025-07-01,854,Expired,0
TXN-53845e57,C360-100357,Accidental Insurance,2025-07-01,2026-07-01,970,Active,0
TXN-ea7b5a56,C360-100358,Accidental Insurance,2021-07-02,2022-07-02,524,Expired,0
TXN-c891522a,C360-100358,Accidental Insurance,2022-07-02,2023-07-02,571,Expired,0
TXN-8df4897f,C360-100358,Accidental Insurance,2023-07-02,2024-07-01,594,Expired,0
TXN-735844db,C360-100358,Accidental Insurance,2024-07-01,2025-07-01,626,Expired,0
TXN-0c710033,C360-100358,Accidental Insurance,2025-07-01,2026-07-01,648,Active,0
TXN-53aa9e15,C360-100359,Health Insurance,2021-07-02,2022-07-02,1083,Expired,1
TXN-eb8cbf84,C360-100359,Life Insurance,2021-07-02,2022-07-02,449,Expired,0
TXN-fda062c8,C360-100359,Life Insurance,2022-07-02,2023-07-02,485,Expired,0
TXN-24b6b707,C360-100359,Life Insurance,2023-07-02,2024-07-01,469,Expired,1
TXN-73b0ec3c,C360-100359,Life Insurance,2024-07-01,2025-07-01,485,Expired,0
TXN-2f30ef5f,C360-100359,Life Insurance,2025-07-01,2026-07-01,513,Cancelled,0
TXN-333182b9,C360-100359,Accidental Insurance,2021-07-02,2022-07-02,994,Expired,0
TXN-74d4cc94,C360-100359,Accidental Insurance,2022-07-02,2023-07-02,1011,Expired,0
TXN-8f6e83b4,C360-100359,Accidental Insurance,2023-07-02,2024-07-01,1042,Expired,0
TXN-2d8d9a18,C360-100359,Accidental Insurance,2024-07-01,2025-07-01,1126,Expired,0
TXN-4ad9d4db,C360-100359,Accidental Insurance,2025-07-01,2026-07-01,1186,Active,0
TXN-375e6763,C360-100360,Health Insurance,2021-07-02,2022-07-02,678,Expired,1
TXN-33b38c85,C360-100360,Health Insurance,2022-07-02,2023-07-02,716,Expired,0
TXN-d272dcb4,C360-100360,Health Insurance,2023-07-02,2024-07-01,704,Expired,2
TXN-bc167005,C360-100360,Health Insurance,2024-07-01,2025-07-01,798,Expired,0
TXN-830d2ba6,C360-100360,Health Insurance,2025-07-01,2026-07-01,858,Active,0
TXN-1bcec7d1,C360-100360,Life Insurance,2021-07-02,2022-07-02,610,Expired,2
TXN-e50c486b,C360-100360,Life Insurance,2022-07-02,2023-07-02,641,Expired,0
TXN-eb742d06,C360-100360,Life Insurance,2023-07-02,2024-07-01,638,Expired,0
TXN-d83d14a0,C360-100360,Life Insurance,2024-07-01,2025-07-01,649,Expired,0
TXN-bfc0f081,C360-100360,Life Insurance,2025-07-01,2026-07-01,654,Active,0
TXN-14d943d1,C360-100360,Motor Insurance,2021-07-02,2022-07-02,1153,Expired,0
TXN-95a4d8cc,C360-100360,Motor Insurance,2022-07-02,2023-07-02,1188,Expired,0
TXN-3dbcd67b,C360-100360,Motor Insurance,2023-07-02,2024-07-01,1175,Expired,0
TXN-143fb8a2,C360-100360,Motor Insurance,2024-07-01,2025-07-01,1219,Expired,0
TXN-931a65ae,C360-100360,Motor Insurance,2025-07-01,2026-07-01,1217,Active,0
TXN-e2dd35ee,C360-100360,Accidental Insurance,2021-07-02,2022-07-02,1067,Expired,0
TXN-ec685a98,C360-100360,Accidental Insurance,2022-07-02,2023-07-02,1091,Expired,0
TXN-6f29770f,C360-100360,Accidental Insurance,2023-07-02,2024-07-01,1123,Expired,1
TXN-3ff5d8aa,C360-100360,Accidental Insurance,2024-07-01,2025-07-01,1190,Expired,0
TXN-0faa4b81,C360-100360,Accidental Insurance,2025-07-01,2026-07-01,1199,Active,0
TXN-963408a2,C360-100361,Health Insurance,2021-07-02,2022-07-02,1406,Expired,0
TXN-c9cc4129,C360-100361,Health Insurance,2022-07-02,2023-07-02,1416,Expired,0
TXN-c9213557,C360-100361,Health Insurance,2023-07-02,2024-07-01,1476,Expired,1
TXN-9dca41c7,C360-100361,Health Insurance,2024-07-01,2025-07-01,1502,Expired,0
TXN-106a1f82,C360-100361,Health Insurance,2025-07-01,2026-07-01,1538,Active,0
TXN-7def2de5,C360-100361,Accidental Insurance,2021-07-02,2022-07-02,806,Expired,0
TXN-297699d2,C360-100362,Motor Insurance,2021-07-02,2022-07-02,549,Expired,0
TXN-2762ed0a,C360-100362,Motor Insurance,2022-07-02,2023-07-02,584,Expired,0
TXN-b759dd3f,C360-100362,Motor Insurance,2023-07-02,2024-07-01,639,Expired,0
TXN-2136da7b,C360-100362,Motor Insurance,2024-07-01,2025-07-01,648,Expired,0
TXN-5603ec43,C360-100362,Motor Insurance,2025-07-01,2026-07-01,701,Active,0
TXN-263c3672,C360-100363,Life Insurance,2021-07-02,2022-07-02,649,Expired,1
TXN-71cf734b,C360-100364,Motor Insurance,2021-07-02,2022-07-02,1203,Expired,0
TXN-9ecf78eb,C360-100364,Motor Insurance,2022-07-02,2023-07-02,1247,Expired,0
TXN-82ff4aec,C360-100364,Motor Insurance,2023-07-02,2024-07-01,1281,Expired,0
TXN-89fdb1d1,C360-100364,Motor Insurance,2024-07-01,2025-07-01,1323,Expired,0
TXN-43c20e62,C360-100364,Motor Insurance,2025-07-01,2026-07-01,1267,Cancelled,1
TXN-98b4ce35,C360-100365,Health Insurance,2021-07-02,2022-07-02,922,Expired,0
TXN-711f4f5e,C360-100365,Life Insurance,2021-07-02,2022-07-02,1069,Expired,0
TXN-e1128af2,C360-100365,Life Insurance,2022-07-02,2023-07-02,1101,Expired,0
TXN-91df8ca4,C360-100365,Life Insurance,2023-07-02,2024-07-01,1117,Expired,1
TXN-7f454d83,C360-100365,Life Insurance,2024-07-01,2025-07-01,1117,Expired,0
TXN-be956f0c,C360-100365,Life Insurance,2025-07-01,2026-07-01,1121,Active,0
TXN-804ea724,C360-100365,Motor Insurance,2021-07-02,2022-07-02,466,Expired,0
TXN-38c84fe0,C360-100365,Motor Insurance,2022-07-02,2023-07-02,491,Expired,0
TXN-99a5c69b,C360-100365,Motor Insurance,2023-07-02,2024-07-01,550,Expired,0
TXN-dad4f209,C360-100365,Motor Insurance,2024-07-01,2025-07-01,514,Expired,0
TXN-5e4f8995,C360-100365,Motor Insurance,2025-07-01,2026-07-01,550,Active,0
TXN-f681789f,C360-100365,Accidental Insurance,2021-07-02,2022-07-02,1367,Expired,0
TXN-d6781ecb,C360-100365,Accidental Insurance,2022-07-02,2023-07-02,1391,Expired,0
TXN-63933fc6,C360-100365,Accidental Insurance,2023-07-02,2024-07-01,1405,Expired,0
TXN-d03e0a5f,C360-100365,Accidental Insurance,2024-07-01,2025-07-01,1448,Expired,0
TXN-d4f4d67a,C360-100365,Accidental Insurance,2025-07-01,2026-07-01,1543,Active,0
TXN-07eec227,C360-100366,Health Insurance,2021-07-02,2022-07-02,1166,Expired,0
TXN-c96ac284,C360-100366,Health Insurance,2022-07-02,2023-07-02,1208,Expired,0
TXN-36b20497,C360-100366,Health Insurance,2023-07-02,2024-07-01,1232,Expired,0
TXN-d6a25b97,C360-100366,Health Insurance,2024-07-01,2025-07-01,1247,Expired,0
TXN-61460046,C360-100366,Health Insurance,2025-07-01,2026-07-01,1346,Active,0
TXN-53e360c6,C360-100366,Life Insurance,2021-07-02,2022-07-02,1078,Expired,0
TXN-ce3bc023,C360-100366,Motor Insurance,2021-07-02,2022-07-02,1161,Expired,1
TXN-18be955a,C360-100366,Motor Insurance,2022-07-02,2023-07-02,1191,Expired,0
TXN-de0a10b6,C360-100366,Motor Insurance,2023-07-02,2024-07-01,1191,Expired,0
TXN-6d7e2320,C360-100366,Motor Insurance,2024-07-01,2025-07-01,1248,Expired,0
TXN-fb995e61,C360-100366,Motor Insurance,2025-07-01,2026-07-01,1253,Cancelled,0
TXN-a2bf8dce,C360-100366,Accidental Insurance,2021-07-02,2022-07-02,552,Expired,0
TXN-6c9f9b5b,C360-100367,Life Insurance,2021-07-02,2022-07-02,1081,Expired,1
TXN-c34f6903,C360-100367,Life Insurance,2022-07-02,2023-07-02,1122,Expired,0
TXN-c73950e2,C360-100367,Life Insurance,2023-07-02,2024-07-01,1137,Expired,1
TXN-b8e8ad50,C360-100367,Life Insurance,2024-07-01,2025-07-01,1195,Expired,0
TXN-466f8e16,C360-100367,Life Insurance,2025-07-01,2026-07-01,1221,Active,0
TXN-d8fb8df3,C360-100367,Motor Insurance,2021-07-02,2022-07-02,666,Expired,0
TXN-2c402333,C360-100367,Motor Insurance,2022-07-02,2023-07-02,694,Expired,0
TXN-32d7914d,C360-100367,Motor Insurance,2023-07-02,2024-07-01,690,Expired,0
TXN-761c3028,C360-100367,Motor Insurance,2024-07-01,2025-07-01,732,Expired,0
TXN-0cfa3f1c,C360-100367,Motor Insurance,2025-07-01,2026-07-01,774,Active,0
TXN-8a6c078d,C360-100368,Accidental Insurance,2021-07-02,2022-07-02,470,Expired,0
TXN-186a4f3e,C360-100368,Accidental Insurance,2022-07-02,2023-07-02,513,Expired,0
TXN-4832fd65,C360-100368,Accidental Insurance,2023-07-02,2024-07-01,544,Expired,0
TXN-1f7a5560,C360-100368,Accidental Insurance,2024-07-01,2025-07-01,539,Expired,0
TXN-b2e832d2,C360-100368,Accidental Insurance,2025-07-01,2026-07-01,638,Active,0
TXN-ef835602,C360-100368,Motor Insurance,2021-07-02,2022-07-02,1397,Expired,1
TXN-82e2ec8d,C360-100368,Motor Insurance,2022-07-02,2023-07-02,1413,Expired,1
TXN-5b099308,C360-100368,Motor Insurance,2023-07-02,2024-07-01,1461,Expired,0
TXN-893cfb79,C360-100368,Motor Insurance,2024-07-01,2025-07-01,1529,Expired,0
TXN-31905edb,C360-100368,Motor Insurance,2025-07-01,2026-07-01,1497,Active,0
TXN-07d9a188,C360-100369,Health Insurance,2021-07-02,2022-07-02,720,Expired,0
TXN-54e2b0f8,C360-100369,Health Insurance,2022-07-02,2023-07-02,746,Expired,0
TXN-29bcbd5f,C360-100369,Health Insurance,2023-07-02,2024-07-01,814,Expired,0
TXN-0311b075,C360-100369,Health Insurance,2024-07-01,2025-07-01,843,Expired,0
TXN-1c24d599,C360-100369,Health Insurance,2025-07-01,2026-07-01,900,Active,0
TXN-c79afa88,C360-100370,Motor Insurance,2021-07-02,2022-07-02,985,Expired,0
TXN-f15dc6fa,C360-100370,Motor Insurance,2022-07-02,2023-07-02,1014,Expired,1
TXN-23b0e2ea,C360-100370,Motor Insurance,2023-07-02,2024-07-01,1031,Expired,0
TXN-d4da887f,C360-100370,Motor Insurance,2024-07-01,2025-07-01,1024,Expired,0
TXN-6bfacd12,C360-100370,Motor Insurance,2025-07-01,2026-07-01,1029,Active,0
TXN-14bca2ee,C360-100370,Accidental Insurance,2021-07-02,2022-07-02,506,Expired,0
TXN-55cf8dfd,C360-100370,Accidental Insurance,2022-07-02,2023-07-02,541,Expired,0
TXN-927ed3d2,C360-100370,Accidental Insurance,2023-07-02,2024-07-01,558,Expired,0
TXN-91bc10ac,C360-100370,Accidental Insurance,2024-07-01,2025-07-01,560,Expired,0
TXN-ad6d5d56,C360-100370,Accidental Insurance,2025-07-01,2026-07-01,546,Active,0
TXN-bbce1cad,C360-100371,Health Insurance,2021-07-02,2022-07-02,601,Expired,0
TXN-99cdf75a,C360-100371,Health Insurance,2022-07-02,2023-07-02,617,Expired,0
TXN-702b97dc,C360-100371,Health Insurance,2023-07-02,2024-07-01,697,Expired,2
TXN-996798c1,C360-100371,Health Insurance,2024-07-01,2025-07-01,634,Expired,0
TXN-f6f48412,C360-100371,Health Insurance,2025-07-01,2026-07-01,685,Active,0
TXN-593eabfb,C360-100373,Health Insurance,2021-07-02,2022-07-02,1206,Expired,0
TXN-6e4ae7c9,C360-100373,Health Insurance,2022-07-02,2023-07-02,1216,Expired,0
TXN-67c89f31,C360-100373,Health Insurance,2023-07-02,2024-07-01,1230,Expired,0
TXN-8ef4f44f,C360-100373,Health Insurance,2024-07-01,2025-07-01,1305,Expired,0
TXN-538cf728,C360-100373,Health Insurance,2025-07-01,2026-07-01,1294,Active,0
TXN-c798eac2,C360-100373,Accidental Insurance,2021-07-02,2022-07-02,870,Expired,0
TXN-5b47a80b,C360-100373,Accidental Insurance,2022-07-02,2023-07-02,893,Expired,0
TXN-fc55140c,C360-100373,Accidental Insurance,2023-07-02,2024-07-01,916,Expired,0
TXN-37602c3b,C360-100373,Accidental Insurance,2024-07-01,2025-07-01,906,Expired,0
TXN-11fd0adc,C360-100373,Accidental Insurance,2025-07-01,2026-07-01,990,Active,0
TXN-51b4785b,C360-100374,Motor Insurance,2021-07-02,2022-07-02,800,Expired,0
TXN-5baad43d,C360-100374,Motor Insurance,2022-07-02,2023-07-02,816,Expired,0
TXN-9a5fe9bd,C360-100374,Motor Insurance,2023-07-02,2024-07-01,858,Expired,0
TXN-6767ce0c,C360-100374,Motor Insurance,2024-07-01,2025-07-01,854,Expired,0
TXN-c5f5f388,C360-100374,Motor Insurance,2025-07-01,2026-07-01,964,Active,0
TXN-515fe303,C360-100375,Health Insurance,2021-07-02,2022-07-02,369,Expired,0
TXN-3ce040b3,C360-100375,Health Insurance,2022-07-02,2023-07-02,383,Expired,0
TXN-cea7daf2,C360-100375,Health Insurance,2023-07-02,2024-07-01,455,Expired,0
TXN-685b4c61,C360-100375,Health Insurance,2024-07-01,2025-07-01,519,Expired,0
TXN-f8fd4736,C360-100375,Health Insurance,2025-07-01,2026-07-01,557,Active,0
TXN-11c25862,C360-100375,Life Insurance,2021-07-02,2022-07-02,331,Expired,1
TXN-cd204331,C360-100375,Life Insurance,2022-07-02,2023-07-02,360,Expired,0
TXN-ff1c5d5a,C360-100375,Life Insurance,2023-07-02,2024-07-01,385,Expired,1
TXN-315ce839,C360-100375,Life Insurance,2024-07-01,2025-07-01,463,Expired,0
TXN-3abd4451,C360-100375,Life Insurance,2025-07-01,2026-07-01,531,Active,0
TXN-9fc14884,C360-100375,Motor Insurance,2021-07-02,2022-07-02,1456,Expired,0
TXN-c905cb80,C360-100375,Motor Insurance,2022-07-02,2023-07-02,1494,Expired,2
TXN-f0c0317a,C360-100375,Motor Insurance,2023-07-02,2024-07-01,1486,Expired,1
TXN-7857e4f0,C360-100375,Motor Insurance,2024-07-01,2025-07-01,1546,Expired,0
TXN-cafc828f,C360-100375,Motor Insurance,2025-07-01,2026-07-01,1508,Active,0
TXN-5d68dd77,C360-100375,Accidental Insurance,2021-07-02,2022-07-02,1405,Expired,0
TXN-d85dff70,C360-100375,Accidental Insurance,2022-07-02,2023-07-02,1440,Expired,1
TXN-628a7fee,C360-100375,Accidental Insurance,2023-07-02,2024-07-01,1503,Expired,0
TXN-9ea7627d,C360-100375,Accidental Insurance,2024-07-01,2025-07-01,1444,Expired,0
TXN-1089d4de,C360-100375,Accidental Insurance,2025-07-01,2026-07-01,1457,Active,0
TXN-34f2c1b9,C360-100376,Health Insurance,2021-07-02,2022-07-02,430,Expired,0
TXN-714518a1,C360-100376,Health Insurance,2022-07-02,2023-07-02,462,Expired,0
TXN-52109cb3,C360-100376,Health Insurance,2023-07-02,2024-07-01,454,Expired,0
TXN-cd118a7c,C360-100376,Health Insurance,2024-07-01,2025-07-01,508,Expired,0
TXN-46fc2cc0,C360-100376,Health Insurance,2025-07-01,2026-07-01,610,Active,0
TXN-7759ab8c,C360-100376,Life Insurance,2021-07-02,2022-07-02,819,Expired,1
TXN-624d588f,C360-100376,Life Insurance,2022-07-02,2023-07-02,831,Expired,0
TXN-933cf929,C360-100376,Life Insurance,2023-07-02,2024-07-01,869,Expired,0
TXN-45bc764d,C360-100376,Life Insurance,2024-07-01,2025-07-01,900,Expired,0
TXN-fd576369,C360-100376,Life Insurance,2025-07-01,2026-07-01,955,Active,0
TXN-dd4a15ec,C360-100376,Motor Insurance,2021-07-02,2022-07-02,608,Expired,0
TXN-c7340c1b,C360-100376,Motor Insurance,2022-07-02,2023-07-02,632,Expired,0
TXN-8cef6410,C360-100376,Motor Insurance,2023-07-02,2024-07-01,706,Expired,0
TXN-a1134fe9,C360-100376,Motor Insurance,2024-07-01,2025-07-01,755,Expired,1
TXN-7fa8272f,C360-100376,Motor Insurance,2025-07-01,2026-07-01,792,Active,0
TXN-cf5497a1,C360-100376,Accidental Insurance,2021-07-02,2022-07-02,614,Expired,0
TXN-d5f68200,C360-100376,Accidental Insurance,2022-07-02,2023-07-02,656,Expired,0
TXN-efecf34d,C360-100376,Accidental Insurance,2023-07-02,2024-07-01,664,Expired,0
TXN-a72d58d6,C360-100376,Accidental Insurance,2024-07-01,2025-07-01,740,Expired,1
TXN-f7bfed71,C360-100376,Accidental Insurance,2025-07-01,2026-07-01,698,Active,0
TXN-3d0cf084,C360-100377,Health Insurance,2021-07-02,2022-07-02,1163,Expired,0
TXN-419a7b9a,C360-100377,Health Insurance,2022-07-02,2023-07-02,1193,Expired,0
TXN-4bef24a7,C360-100377,Health Insurance,2023-07-02,2024-07-01,1197,Expired,0
TXN-2f58d6da,C360-100377,Health Insurance,2024-07-01,2025-07-01,1265,Expired,0
TXN-d7e8ec17,C360-100377,Health Insurance,2025-07-01,2026-07-01,1351,Active,0
TXN-2374b4ee,C360-100377,Life Insurance,2021-07-02,2022-07-02,1243,Expired,0
TXN-fd774578,C360-100377,Life Insurance,2022-07-02,2023-07-02,1268,Expired,0
TXN-a12dce99,C360-100377,Life Insurance,2023-07-02,2024-07-01,1281,Expired,0
TXN-a90e5057,C360-100377,Life Insurance,2024-07-01,2025-07-01,1390,Expired,0
TXN-6ae52830,C360-100377,Life Insurance,2025-07-01,2026-07-01,1395,Active,1
TXN-a052a95e,C360-100377,Motor Insurance,2021-07-02,2022-07-02,563,Expired,0
TXN-22c40552,C360-100377,Motor Insurance,2022-07-02,2023-07-02,591,Expired,0
TXN-f5717b8d,C360-100377,Motor Insurance,2023-07-02,2024-07-01,651,Expired,0
TXN-5a777dcd,C360-100377,Motor Insurance,2024-07-01,2025-07-01,653,Expired,0
TXN-96ee08cc,C360-100377,Motor Insurance,2025-07-01,2026-07-01,763,Active,0
TXN-fb3a5806,C360-100377,Accidental Insurance,2021-07-02,2022-07-02,1260,Expired,0
TXN-bb8c1c61,C360-100377,Accidental Insurance,2022-07-02,2023-07-02,1298,Expired,1
TXN-6c45874c,C360-100377,Accidental Insurance,2023-07-02,2024-07-01,1316,Expired,0
TXN-0f28b45a,C360-100377,Accidental Insurance,2024-07-01,2025-07-01,1299,Expired,0
TXN-6884fc1f,C360-100377,Accidental Insurance,2025-07-01,2026-07-01,1388,Active,0
TXN-380e567e,C360-100378,Health Insurance,2021-07-02,2022-07-02,1172,Expired,0
TXN-e725192b,C360-100378,Health Insurance,2022-07-02,2023-07-02,1210,Expired,0
TXN-319d1351,C360-100378,Health Insurance,2023-07-02,2024-07-01,1196,Expired,0
TXN-037c6cd5,C360-100378,Health Insurance,2024-07-01,2025-07-01,1223,Expired,0
TXN-0cde5068,C360-100378,Health Insurance,2025-07-01,2026-07-01,1304,Active,0
TXN-3289322c,C360-100378,Life Insurance,2021-07-02,2022-07-02,1025,Expired,0
TXN-d7f95358,C360-100378,Life Insurance,2022-07-02,2023-07-02,1043,Expired,0
TXN-39f3546e,C360-100378,Life Insurance,2023-07-02,2024-07-01,1079,Expired,0
TXN-e1967662,C360-100378,Life Insurance,2024-07-01,2025-07-01,1100,Expired,0
TXN-94d38150,C360-100378,Life Insurance,2025-07-01,2026-07-01,1173,Active,0
TXN-00e656c9,C360-100378,Motor Insurance,2021-07-02,2022-07-02,427,Expired,0
TXN-8b79d41f,C360-100378,Motor Insurance,2022-07-02,2023-07-02,469,Expired,0
TXN-a060322c,C360-100378,Motor Insurance,2023-07-02,2024-07-01,501,Expired,0
TXN-68006cff,C360-100378,Motor Insurance,2024-07-01,2025-07-01,472,Expired,0
TXN-26e93d30,C360-100378,Motor Insurance,2025-07-01,2026-07-01,555,Active,0
TXN-155e637f,C360-100378,Accidental Insurance,2021-07-02,2022-07-02,1208,Expired,1
TXN-6a73089a,C360-100378,Accidental Insurance,2022-07-02,2023-07-02,1258,Expired,0
TXN-3a4bba8b,C360-100378,Accidental Insurance,2023-07-02,2024-07-01,1304,Expired,0
TXN-67c9e55a,C360-100378,Accidental Insurance,2024-07-01,2025-07-01,1304,Expired,1
TXN-7558d4ea,C360-100378,Accidental Insurance,2025-07-01,2026-07-01,1340,Active,0
TXN-f632c542,C360-100379,Life Insurance,2021-07-02,2022-07-02,1187,Expired,0
TXN-f9e8b7ae,C360-100379,Life Insurance,2022-07-02,2023-07-02,1233,Expired,0
TXN-20db954d,C360-100379,Life Insurance,2023-07-02,2024-07-01,1267,Expired,0
TXN-be1b7547,C360-100380,Health Insurance,2021-07-02,2022-07-02,1162,Expired,0
TXN-8c9e0c1d,C360-100380,Health Insurance,2022-07-02,2023-07-02,1190,Expired,0
TXN-f520fbb3,C360-100380,Health Insurance,2023-07-02,2024-07-01,1246,Expired,0
TXN-c77358c3,C360-100380,Health Insurance,2024-07-01,2025-07-01,1246,Expired,0
TXN-99943ca2,C360-100380,Health Insurance,2025-07-01,2026-07-01,1222,Active,0
TXN-14309823,C360-100380,Life Insurance,2021-07-02,2022-07-02,1063,Expired,0
TXN-a47a48db,C360-100380,Life Insurance,2022-07-02,2023-07-02,1084,Expired,0
TXN-db2940c5,C360-100380,Life Insurance,2023-07-02,2024-07-01,1123,Expired,0
TXN-d0dcad6c,C360-100380,Life Insurance,2024-07-01,2025-07-01,1108,Expired,0
TXN-eb141aa8,C360-100380,Life Insurance,2025-07-01,2026-07-01,1227,Active,0
TXN-88b43da2,C360-100380,Motor Insurance,2021-07-02,2022-07-02,395,Expired,1
TXN-9076b12b,C360-100380,Motor Insurance,2022-07-02,2023-07-02,435,Expired,0
TXN-90eb1704,C360-100380,Motor Insurance,2023-07-02,2024-07-01,443,Expired,1
TXN-9c08eeba,C360-100380,Motor Insurance,2024-07-01,2025-07-01,473,Expired,0
TXN-2e5e27c8,C360-100380,Motor Insurance,2025-07-01,2026-07-01,471,Active,0
TXN-edaa154c,C360-100380,Accidental Insurance,2021-07-02,2022-07-02,1260,Expired,0
TXN-6c8e4418,C360-100380,Accidental Insurance,2022-07-02,2023-07-02,1302,Expired,0
TXN-0a4da0cf,C360-100380,Accidental Insurance,2023-07-02,2024-07-01,1322,Expired,0
TXN-3cd20593,C360-100380,Accidental Insurance,2024-07-01,2025-07-01,1377,Expired,0
TXN-23a04f00,C360-100380,Accidental Insurance,2025-07-01,2026-07-01,1308,Active,0
TXN-c640fd21,C360-100381,Motor Insurance,2021-07-02,2022-07-02,512,Expired,0
TXN-b3b1a71d,C360-100381,Motor Insurance,2022-07-02,2023-07-02,524,Expired,0
TXN-0e933c29,C360-100381,Motor Insurance,2023-07-02,2024-07-01,550,Expired,0
TXN-f40cec11,C360-100381,Motor Insurance,2024-07-01,2025-07-01,626,Expired,0
TXN-10ab1044,C360-100381,Motor Insurance,2025-07-01,2026-07-01,572,Active,0
TXN-d044f698,C360-100382,Accidental Insurance,2021-07-02,2022-07-02,1278,Expired,0
TXN-822febf2,C360-100382,Accidental Insurance,2022-07-02,2023-07-02,1321,Expired,0
TXN-59c3686c,C360-100382,Accidental Insurance,2023-07-02,2024-07-01,1342,Expired,2
TXN-cb8d14dd,C360-100382,Accidental Insurance,2024-07-01,2025-07-01,1404,Expired,0
TXN-09f9de59,C360-100382,Accidental Insurance,2025-07-01,2026-07-01,1346,Active,2
TXN-3aa0be87,C360-100382,Life Insurance,2021-07-02,2022-07-02,439,Expired,0
TXN-2c7dba02,C360-100382,Life Insurance,2022-07-02,2023-07-02,456,Expired,0
TXN-e41a8173,C360-100382,Life Insurance,2023-07-02,2024-07-01,515,Expired,0
TXN-938fad36,C360-100382,Life Insurance,2024-07-01,2025-07-01,577,Expired,0
TXN-7b6e8996,C360-100382,Life Insurance,2025-07-01,2026-07-01,539,Active,2
TXN-ae163e20,C360-100383,Health Insurance,2021-07-02,2022-07-02,1046,Expired,0
TXN-ce618bf4,C360-100383,Health Insurance,2022-07-02,2023-07-02,1063,Expired,1
TXN-a3afa913,C360-100383,Health Insurance,2023-07-02,2024-07-01,1096,Expired,0
TXN-1882a999,C360-100383,Health Insurance,2024-07-01,2025-07-01,1154,Expired,1
TXN-77417ba8,C360-100383,Health Insurance,2025-07-01,2026-07-01,1086,Active,0
TXN-2a80d29a,C360-100384,Health Insurance,2021-07-02,2022-07-02,1330,Expired,0
TXN-284ca417,C360-100384,Health Insurance,2022-07-02,2023-07-02,1379,Expired,0
TXN-a2621fe7,C360-100384,Health Insurance,2023-07-02,2024-07-01,1398,Expired,1
TXN-03693bf4,C360-100384,Health Insurance,2024-07-01,2025-07-01,1471,Expired,0
TXN-52902936,C360-100384,Health Insurance,2025-07-01,2026-07-01,1478,Active,0
TXN-9dff5650,C360-100384,Life Insurance,2021-07-02,2022-07-02,1166,Expired,0
TXN-9466fdcd,C360-100384,Life Insurance,2022-07-02,2023-07-02,1204,Expired,1
TXN-73a08a58,C360-100384,Life Insurance,2023-07-02,2024-07-01,1216,Expired,0
TXN-180b8d59,C360-100384,Life Insurance,2024-07-01,2025-07-01,1211,Expired,0
TXN-202ae317,C360-100384,Life Insurance,2025-07-01,2026-07-01,1358,Active,0
TXN-52843f01,C360-100384,Motor Insurance,2021-07-02,2022-07-02,706,Expired,2
TXN-c083d858,C360-100384,Motor Insurance,2022-07-02,2023-07-02,737,Expired,0
TXN-a24d3b92,C360-100384,Motor Insurance,2023-07-02,2024-07-01,794,Expired,0
TXN-533341cd,C360-100384,Motor Insurance,2024-07-01,2025-07-01,856,Expired,1
TXN-84a32c95,C360-100384,Motor Insurance,2025-07-01,2026-07-01,874,Active,0
TXN-58849507,C360-100384,Accidental Insurance,2021-07-02,2022-07-02,1072,Expired,0
TXN-e1659637,C360-100384,Accidental Insurance,2022-07-02,2023-07-02,1103,Expired,1
TXN-826736e7,C360-100384,Accidental Insurance,2023-07-02,2024-07-01,1096,Expired,0
TXN-8063c02f,C360-100384,Accidental Insurance,2024-07-01,2025-07-01,1180,Expired,0
TXN-b0cb13d7,C360-100384,Accidental Insurance,2025-07-01,2026-07-01,1184,Active,0
TXN-c40a9680,C360-100385,Motor Insurance,2021-07-02,2022-07-02,650,Expired,0
TXN-f644508d,C360-100386,Health Insurance,2021-07-02,2022-07-02,329,Expired,0
TXN-ee4df028,C360-100386,Health Insurance,2022-07-02,2023-07-02,363,Expired,0
TXN-d3571d33,C360-100386,Health Insurance,2023-07-02,2024-07-01,399,Expired,0
TXN-a725f3b1,C360-100386,Health Insurance,2024-07-01,2025-07-01,359,Expired,1
TXN-1b60872b,C360-100386,Health Insurance,2025-07-01,2026-07-01,529,Active,0
TXN-e9dc5ec2,C360-100386,Life Insurance,2021-07-02,2022-07-02,755,Expired,0
TXN-8bc3961b,C360-100386,Life Insurance,2022-07-02,2023-07-02,766,Expired,0
TXN-4198b56a,C360-100386,Life Insurance,2023-07-02,2024-07-01,843,Expired,1
TXN-968d5d99,C360-100386,Life Insurance,2024-07-01,2025-07-01,899,Expired,0
TXN-ed49c05e,C360-100386,Life Insurance,2025-07-01,2026-07-01,907,Active,0
TXN-f96e8b41,C360-100386,Motor Insurance,2021-07-02,2022-07-02,1382,Expired,0
TXN-48988078,C360-100386,Motor Insurance,2022-07-02,2023-07-02,1405,Expired,0
TXN-350d2ee4,C360-100386,Motor Insurance,2023-07-02,2024-07-01,1430,Expired,1
TXN-a4f8173f,C360-100386,Motor Insurance,2024-07-01,2025-07-01,1445,Expired,1
TXN-e9dd4085,C360-100386,Motor Insurance,2025-07-01,2026-07-01,1470,Active,0
TXN-771f1ce7,C360-100386,Accidental Insurance,2021-07-02,2022-07-02,394,Expired,0
TXN-836b412b,C360-100386,Accidental Insurance,2022-07-02,2023-07-02,417,Expired,0
TXN-49a60175,C360-100386,Accidental Insurance,2023-07-02,2024-07-01,424,Expired,1
TXN-76f27b94,C360-100386,Accidental Insurance,2024-07-01,2025-07-01,544,Expired,2
TXN-f0d13243,C360-100386,Accidental Insurance,2025-07-01,2026-07-01,458,Active,0
TXN-e9018faa,C360-100388,Health Insurance,2021-07-02,2022-07-02,1015,Expired,0
TXN-1444245b,C360-100388,Health Insurance,2022-07-02,2023-07-02,1048,Expired,0
TXN-4362c105,C360-100388,Health Insurance,2023-07-02,2024-07-01,1091,Expired,0
TXN-f1b20e64,C360-100388,Health Insurance,2024-07-01,2025-07-01,1111,Expired,0
TXN-cce842f1,C360-100388,Health Insurance,2025-07-01,2026-07-01,1091,Active,1
TXN-5bcaddf4,C360-100389,Life Insurance,2021-07-02,2022-07-02,1434,Expired,0
TXN-376a89a9,C360-100389,Life Insurance,2022-07-02,2023-07-02,1481,Expired,0
TXN-59a2767d,C360-100389,Life Insurance,2023-07-02,2024-07-01,1488,Expired,2
TXN-87dbf788,C360-100389,Life Insurance,2024-07-01,2025-07-01,1560,Expired,0
TXN-351b2ea7,C360-100389,Life Insurance,2025-07-01,2026-07-01,1634,Cancelled,0
TXN-b54030c5,C360-100389,Motor Insurance,2021-07-02,2022-07-02,1081,Expired,0
TXN-acc3394a,C360-100389,Motor Insurance,2022-07-02,2023-07-02,1093,Expired,0
TXN-4d4d396a,C360-100389,Accidental Insurance,2021-07-02,2022-07-02,810,Expired,0
TXN-d8d463d4,C360-100389,Accidental Insurance,2022-07-02,2023-07-02,822,Expired,1
TXN-0d7b5fba,C360-100390,Health Insurance,2021-07-02,2022-07-02,1165,Expired,0
TXN-d52b5fca,C360-100390,Health Insurance,2022-07-02,2023-07-02,1206,Expired,0
TXN-a9796bf5,C360-100390,Health Insurance,2023-07-02,2024-07-01,1191,Expired,0
TXN-4aebcb9d,C360-100390,Health Insurance,2024-07-01,2025-07-01,1255,Expired,0
TXN-98436c52,C360-100390,Health Insurance,2025-07-01,2026-07-01,1273,Active,0
TXN-98bad1be,C360-100390,Life Insurance,2021-07-02,2022-07-02,1354,Expired,1
TXN-9242c351,C360-100390,Life Insurance,2022-07-02,2023-07-02,1390,Expired,0
TXN-0fa6d847,C360-100390,Life Insurance,2023-07-02,2024-07-01,1420,Expired,0
TXN-3d07716a,C360-100390,Life Insurance,2024-07-01,2025-07-01,1423,Expired,0
TXN-8d263b71,C360-100390,Life Insurance,2025-07-01,2026-07-01,1466,Active,0
TXN-6d868b19,C360-100390,Motor Insurance,2021-07-02,2022-07-02,575,Expired,0
TXN-c5e41590,C360-100390,Motor Insurance,2022-07-02,2023-07-02,586,Expired,0
TXN-5ab080b1,C360-100390,Motor Insurance,2023-07-02,2024-07-01,675,Expired,0
TXN-8c970aa7,C360-100390,Motor Insurance,2024-07-01,2025-07-01,707,Expired,2
TXN-3aa13f86,C360-100390,Motor Insurance,2025-07-01,2026-07-01,627,Active,0
TXN-e9d5c370,C360-100390,Accidental Insurance,2021-07-02,2022-07-02,482,Expired,0
TXN-aeb42fc8,C360-100390,Accidental Insurance,2022-07-02,2023-07-02,529,Expired,2
TXN-5c322efc,C360-100390,Accidental Insurance,2023-07-02,2024-07-01,552,Expired,0
TXN-ecfe040d,C360-100390,Accidental Insurance,2024-07-01,2025-07-01,584,Expired,0
TXN-9c7af6d2,C360-100390,Accidental Insurance,2025-07-01,2026-07-01,526,Active,0
TXN-a7b4f7c4,C360-100391,Health Insurance,2021-07-02,2022-07-02,1488,Expired,1
TXN-e2e2716c,C360-100391,Health Insurance,2022-07-02,2023-07-02,1533,Expired,0
TXN-08150898,C360-100391,Health Insurance,2023-07-02,2024-07-01,1544,Expired,0
TXN-54f36933,C360-100391,Health Insurance,2024-07-01,2025-07-01,1578,Expired,1
TXN-1861761e,C360-100391,Health Insurance,2025-07-01,2026-07-01,1604,Active,0
TXN-359cf069,C360-100391,Life Insurance,2021-07-02,2022-07-02,422,Expired,0
TXN-d4934f15,C360-100391,Life Insurance,2022-07-02,2023-07-02,460,Expired,0
TXN-8bc22b85,C360-100391,Life Insurance,2023-07-02,2024-07-01,476,Expired,0
TXN-ace21f56,C360-100391,Life Insurance,2024-07-01,2025-07-01,500,Expired,1
TXN-b4343597,C360-100391,Life Insurance,2025-07-01,2026-07-01,486,Active,0
TXN-2e575919,C360-100391,Motor Insurance,2021-07-02,2022-07-02,961,Expired,0
TXN-b528692b,C360-100391,Motor Insurance,2022-07-02,2023-07-02,972,Expired,0
TXN-e1ee5809,C360-100391,Motor Insurance,2023-07-02,2024-07-01,985,Expired,0
TXN-281d2cb1,C360-100391,Motor Insurance,2024-07-01,2025-07-01,994,Expired,0
TXN-bda4f2a4,C360-100391,Motor Insurance,2025-07-01,2026-07-01,1037,Active,0
TXN-25870ff6,C360-100391,Accidental Insurance,2021-07-02,2022-07-02,941,Expired,0
TXN-e1c69879,C360-100391,Accidental Insurance,2022-07-02,2023-07-02,963,Expired,1
TXN-d7197e44,C360-100391,Accidental Insurance,2023-07-02,2024-07-01,1013,Expired,0
TXN-9a060f60,C360-100391,Accidental Insurance,2024-07-01,2025-07-01,1010,Expired,0
TXN-f1e364b7,C360-100391,Accidental Insurance,2025-07-01,2026-07-01,1017,Active,0
TXN-191ff9fd,C360-100392,Health Insurance,2021-07-02,2022-07-02,703,Expired,0
TXN-ace323ab,C360-100392,Health Insurance,2022-07-02,2023-07-02,715,Expired,0
TXN-89319174,C360-100392,Health Insurance,2023-07-02,2024-07-01,747,Expired,0
TXN-d1739f8c,C360-100392,Health Insurance,2024-07-01,2025-07-01,823,Expired,1
TXN-5e1a5877,C360-100392,Health Insurance,2025-07-01,2026-07-01,863,Active,0
TXN-451dd53f,C360-100392,Life Insurance,2021-07-02,2022-07-02,878,Expired,0
TXN-1dd252ca,C360-100392,Life Insurance,2022-07-02,2023-07-02,905,Expired,0
TXN-83c43533,C360-100392,Life Insurance,2023-07-02,2024-07-01,974,Expired,0
TXN-63333dab,C360-100392,Life Insurance,2024-07-01,2025-07-01,950,Expired,0
TXN-edca1e89,C360-100392,Life Insurance,2025-07-01,2026-07-01,946,Active,0
TXN-bdd7f044,C360-100392,Motor Insurance,2021-07-02,2022-07-02,932,Expired,0
TXN-4ce07c8c,C360-100392,Motor Insurance,2022-07-02,2023-07-02,981,Expired,1
TXN-d04d7abf,C360-100392,Motor Insurance,2023-07-02,2024-07-01,1026,Expired,0
TXN-8d4be125,C360-100392,Motor Insurance,2024-07-01,2025-07-01,1049,Expired,0
TXN-3d03ab54,C360-100392,Motor Insurance,2025-07-01,2026-07-01,1080,Active,0
TXN-710c5f4c,C360-100392,Accidental Insurance,2021-07-02,2022-07-02,1055,Expired,0
TXN-5d7dae43,C360-100392,Accidental Insurance,2022-07-02,2023-07-02,1065,Expired,0
TXN-4d0253b4,C360-100392,Accidental Insurance,2023-07-02,2024-07-01,1137,Expired,0
TXN-120921f1,C360-100392,Accidental Insurance,2024-07-01,2025-07-01,1193,Expired,1
TXN-aec790fd,C360-100392,Accidental Insurance,2025-07-01,2026-07-01,1219,Active,0
TXN-abaf4371,C360-100393,Accidental Insurance,2021-07-02,2022-07-02,1483,Expired,1
TXN-761f17b9,C360-100393,Accidental Insurance,2022-07-02,2023-07-02,1504,Expired,0
TXN-a9dbcaf7,C360-100393,Accidental Insurance,2023-07-02,2024-07-01,1557,Expired,0
TXN-ab53f9b0,C360-100393,Accidental Insurance,2024-07-01,2025-07-01,1561,Expired,0
TXN-281791dd,C360-100393,Accidental Insurance,2025-07-01,2026-07-01,1651,Active,0
TXN-378cffda,C360-100394,Health Insurance,2021-07-02,2022-07-02,1343,Expired,0
TXN-4d32d418,C360-100394,Health Insurance,2022-07-02,2023-07-02,1354,Expired,0
TXN-236ec1d3,C360-100394,Health Insurance,2023-07-02,2024-07-01,1417,Expired,0
TXN-49ec6b61,C360-100394,Health Insurance,2024-07-01,2025-07-01,1424,Expired,0
TXN-c29c82a8,C360-100394,Health Insurance,2025-07-01,2026-07-01,1415,Active,0
TXN-0d56f385,C360-100394,Life Insurance,2021-07-02,2022-07-02,1346,Expired,0
TXN-f04a7df3,C360-100394,Life Insurance,2022-07-02,2023-07-02,1358,Expired,0
TXN-aa652d5a,C360-100394,Life Insurance,2023-07-02,2024-07-01,1392,Expired,1
TXN-b0355a05,C360-100394,Life Insurance,2024-07-01,2025-07-01,1451,Expired,0
TXN-31b00bd9,C360-100394,Life Insurance,2025-07-01,2026-07-01,1494,Active,0
TXN-368662e2,C360-100395,Health Insurance,2021-07-02,2022-07-02,1119,Expired,0
TXN-76b98922,C360-100395,Health Insurance,2022-07-02,2023-07-02,1155,Expired,1
TXN-329f70a6,C360-100395,Health Insurance,2023-07-02,2024-07-01,1153,Expired,0
TXN-dccd5276,C360-100395,Health Insurance,2024-07-01,2025-07-01,1242,Expired,1
TXN-d90dddd9,C360-100395,Health Insurance,2025-07-01,2026-07-01,1243,Active,0
TXN-2c1946ef,C360-100395,Life Insurance,2021-07-02,2022-07-02,718,Expired,1
TXN-7f224d82,C360-100395,Life Insurance,2022-07-02,2023-07-02,730,Expired,0
TXN-c0eef0a0,C360-100395,Life Insurance,2023-07-02,2024-07-01,768,Expired,0
TXN-0c81f6f6,C360-100395,Life Insurance,2024-07-01,2025-07-01,763,Expired,0
TXN-edb5fb95,C360-100395,Life Insurance,2025-07-01,2026-07-01,778,Active,1
TXN-7b1bbbac,C360-100396,Motor Insurance,2021-07-02,2022-07-02,454,Expired,0
TXN-24c76ccf,C360-100396,Motor Insurance,2022-07-02,2023-07-02,482,Expired,1
TXN-263fee6f,C360-100396,Motor Insurance,2023-07-02,2024-07-01,500,Expired,0
TXN-e6c818b6,C360-100396,Motor Insurance,2024-07-01,2025-07-01,595,Expired,0
TXN-da095172,C360-100396,Motor Insurance,2025-07-01,2026-07-01,594,Active,0
TXN-6f1fddd6,C360-100397,Accidental Insurance,2021-07-02,2022-07-02,1189,Expired,0
TXN-eecda1f0,C360-100397,Accidental Insurance,2022-07-02,2023-07-02,1224,Expired,0
TXN-ac3080e0,C360-100397,Accidental Insurance,2023-07-02,2024-07-01,1215,Expired,0
TXN-2786d0c6,C360-100397,Accidental Insurance,2024-07-01,2025-07-01,1312,Expired,0
TXN-b5880789,C360-100397,Accidental Insurance,2025-07-01,2026-07-01,1381,Active,2
TXN-98ef34f6,C360-100398,Health Insurance,2021-07-02,2022-07-02,614,Expired,0
TXN-9caa48ea,C360-100398,Health Insurance,2022-07-02,2023-07-02,660,Expired,1
TXN-56a169d0,C360-100398,Health Insurance,2023-07-02,2024-07-01,656,Expired,0
TXN-4238752e,C360-100398,Health Insurance,2024-07-01,2025-07-01,695,Expired,1
TXN-eda652d4,C360-100398,Health Insurance,2025-07-01,2026-07-01,742,Active,0
TXN-525ae9f3,C360-100398,Life Insurance,2021-07-02,2022-07-02,350,Expired,1
TXN-cf9bc18f,C360-100398,Life Insurance,2022-07-02,2023-07-02,375,Expired,0
TXN-02a3aa5c,C360-100398,Life Insurance,2023-07-02,2024-07-01,388,Expired,0
TXN-7c2c0467,C360-100398,Life Insurance,2024-07-01,2025-07-01,383,Expired,0
TXN-0892a5b5,C360-100398,Life Insurance,2025-07-01,2026-07-01,482,Active,0
TXN-1fbe328e,C360-100398,Motor Insurance,2021-07-02,2022-07-02,1420,Expired,0
TXN-606f4a5b,C360-100398,Motor Insurance,2022-07-02,2023-07-02,1467,Expired,1
TXN-593fa93d,C360-100398,Motor Insurance,2023-07-02,2024-07-01,1508,Expired,0
TXN-9e604616,C360-100398,Motor Insurance,2024-07-01,2025-07-01,1498,Expired,1
TXN-d10bba2f,C360-100398,Motor Insurance,2025-07-01,2026-07-01,1480,Active,0
TXN-c772354d,C360-100398,Accidental Insurance,2021-07-02,2022-07-02,1244,Expired,0
TXN-fa339bee,C360-100398,Accidental Insurance,2022-07-02,2023-07-02,1254,Expired,0
TXN-01f79eff,C360-100398,Accidental Insurance,2023-07-02,2024-07-01,1304,Expired,0
TXN-2be0e256,C360-100398,Accidental Insurance,2024-07-01,2025-07-01,1355,Expired,0
TXN-58dcc248,C360-100398,Accidental Insurance,2025-07-01,2026-07-01,1440,Active,0
TXN-ba36bf78,C360-100400,Health Insurance,2021-07-02,2022-07-02,329,Expired,0
TXN-3217e8ce,C360-100400,Health Insurance,2022-07-02,2023-07-02,358,Expired,0
TXN-a0dce3df,C360-100400,Motor Insurance,2021-07-02,2022-07-02,880,Expired,1
TXN-04bdc791,C360-100400,Motor Insurance,2022-07-02,2023-07-02,890,Expired,0
TXN-d5ad57ec,C360-100400,Motor Insurance,2023-07-02,2024-07-01,950,Expired,0
TXN-af87517c,C360-100400,Motor Insurance,2024-07-01,2025-07-01,1030,Expired,0
TXN-2811dac5,C360-100400,Motor Insurance,2025-07-01,2026-07-01,1072,Active,0
TXN-972fb744,C360-100400,Accidental Insurance,2021-07-02,2022-07-02,480,Expired,0
TXN-5d77d84c,C360-100400,Accidental Insurance,2022-07-02,2023-07-02,517,Expired,0
TXN-8a4476ee,C360-100400,Accidental Insurance,2023-07-02,2024-07-01,558,Expired,0
TXN-add599cd,C360-100400,Accidental Insurance,2024-07-01,2025-07-01,591,Expired,1
TXN-185fa961,C360-100400,Accidental Insurance,2025-07-01,2026-07-01,604,Active,0
TXN-a39516c1,C360-100401,Motor Insurance,2021-07-02,2022-07-02,1182,Expired,1
TXN-8f207d33,C360-100401,Motor Insurance,2022-07-02,2023-07-02,1227,Expired,0
TXN-0541b5bd,C360-100401,Motor Insurance,2023-07-02,2024-07-01,1210,Expired,0
TXN-898ef98d,C360-100401,Motor Insurance,2024-07-01,2025-07-01,1245,Expired,0
TXN-3d540f19,C360-100401,Motor Insurance,2025-07-01,2026-07-01,1334,Cancelled,0
TXN-ff20f746,C360-100402,Life Insurance,2021-07-02,2022-07-02,866,Expired,0
TXN-269037d5,C360-100402,Life Insurance,2022-07-02,2023-07-02,892,Expired,0
TXN-09f14e47,C360-100402,Life Insurance,2023-07-02,2024-07-01,944,Expired,1
TXN-1d89e0b7,C360-100402,Health Insurance,2021-07-02,2022-07-02,842,Expired,0
TXN-c39f5b95,C360-100402,Health Insurance,2022-07-02,2023-07-02,854,Expired,0
TXN-61623fa2,C360-100402,Health Insurance,2023-07-02,2024-07-01,900,Expired,0
TXN-66960fa3,C360-100403,Motor Insurance,2021-07-02,2022-07-02,826,Expired,1
TXN-007c095d,C360-100403,Motor Insurance,2022-07-02,2023-07-02,856,Expired,0
TXN-e3e6c5e3,C360-100403,Motor Insurance,2023-07-02,2024-07-01,850,Expired,0
TXN-ff0ae1e5,C360-100403,Motor Insurance,2024-07-01,2025-07-01,874,Expired,0
TXN-8d847b58,C360-100403,Motor Insurance,2025-07-01,2026-07-01,918,Active,0
TXN-b0059c21,C360-100403,Health Insurance,2021-07-02,2022-07-02,1202,Expired,0
TXN-c62791b0,C360-100403,Health Insurance,2022-07-02,2023-07-02,1217,Expired,0
TXN-aefb8990,C360-100403,Health Insurance,2023-07-02,2024-07-01,1234,Expired,0
TXN-99bfb3f3,C360-100403,Health Insurance,2024-07-01,2025-07-01,1319,Expired,0
TXN-171c99ac,C360-100403,Health Insurance,2025-07-01,2026-07-01,1326,Active,0
TXN-fc15658e,C360-100404,Motor Insurance,2021-07-02,2022-07-02,567,Expired,0
TXN-36513633,C360-100404,Motor Insurance,2022-07-02,2023-07-02,589,Expired,0
TXN-1c850d94,C360-100404,Motor Insurance,2023-07-02,2024-07-01,657,Expired,1
TXN-4ae6aeb4,C360-100404,Motor Insurance,2024-07-01,2025-07-01,651,Expired,1
TXN-c3943e37,C360-100404,Motor Insurance,2025-07-01,2026-07-01,687,Cancelled,0
TXN-5c71e04e,C360-100404,Health Insurance,2021-07-02,2022-07-02,588,Expired,1
TXN-248f1040,C360-100404,Health Insurance,2022-07-02,2023-07-02,624,Expired,1
TXN-6c8aca88,C360-100404,Health Insurance,2023-07-02,2024-07-01,682,Expired,0
TXN-b46f8df1,C360-100405,Health Insurance,2021-07-02,2022-07-02,975,Expired,0
TXN-cb126b01,C360-100405,Health Insurance,2022-07-02,2023-07-02,1018,Expired,1
TXN-3947d2aa,C360-100405,Health Insurance,2023-07-02,2024-07-01,1039,Expired,1
TXN-d7d91dc4,C360-100405,Health Insurance,2024-07-01,2025-07-01,1113,Expired,0
TXN-e354af33,C360-100405,Health Insurance,2025-07-01,2026-07-01,1075,Active,1
TXN-c95cffe2,C360-100405,Life Insurance,2021-07-02,2022-07-02,1150,Expired,1
TXN-2557b6d9,C360-100405,Life Insurance,2022-07-02,2023-07-02,1165,Expired,0
TXN-4dc65175,C360-100405,Life Insurance,2023-07-02,2024-07-01,1210,Expired,0
TXN-cced03ae,C360-100405,Life Insurance,2024-07-01,2025-07-01,1258,Expired,0
TXN-058a966f,C360-100405,Life Insurance,2025-07-01,2026-07-01,1230,Active,0
TXN-e398fd26,C360-100405,Motor Insurance,2021-07-02,2022-07-02,563,Expired,2
TXN-e7cb685a,C360-100405,Motor Insurance,2022-07-02,2023-07-02,593,Expired,0
TXN-4fd56008,C360-100405,Motor Insurance,2023-07-02,2024-07-01,645,Expired,0
TXN-cf380385,C360-100405,Motor Insurance,2024-07-01,2025-07-01,632,Expired,0
TXN-0752461a,C360-100405,Motor Insurance,2025-07-01,2026-07-01,715,Active,0
TXN-1fae9faf,C360-100405,Accidental Insurance,2021-07-02,2022-07-02,865,Expired,1
TXN-a552dcf4,C360-100405,Accidental Insurance,2022-07-02,2023-07-02,885,Expired,0
TXN-e3b7a88c,C360-100405,Accidental Insurance,2023-07-02,2024-07-01,895,Expired,0
TXN-8d8c5141,C360-100405,Accidental Insurance,2024-07-01,2025-07-01,988,Expired,0
TXN-bfdb972d,C360-100405,Accidental Insurance,2025-07-01,2026-07-01,981,Active,0
TXN-b0633862,C360-100406,Health Insurance,2021-07-02,2022-07-02,1261,Expired,1
TXN-7352c485,C360-100406,Health Insurance,2022-07-02,2023-07-02,1280,Expired,0
TXN-6276681e,C360-100406,Health Insurance,2023-07-02,2024-07-01,1353,Expired,0
TXN-8e75b72f,C360-100406,Health Insurance,2024-07-01,2025-07-01,1381,Expired,0
TXN-e9204478,C360-100406,Health Insurance,2025-07-01,2026-07-01,1321,Active,1
TXN-a6a50c90,C360-100406,Life Insurance,2021-07-02,2022-07-02,819,Expired,0
TXN-7bc77f82,C360-100406,Life Insurance,2022-07-02,2023-07-02,835,Expired,0
TXN-5d13d437,C360-100406,Life Insurance,2023-07-02,2024-07-01,869,Expired,0
TXN-023fb9d8,C360-100406,Life Insurance,2024-07-01,2025-07-01,948,Expired,0
TXN-8a404faf,C360-100406,Life Insurance,2025-07-01,2026-07-01,907,Active,0
TXN-96362e5a,C360-100407,Health Insurance,2021-07-02,2022-07-02,1069,Expired,0
TXN-f3f418ef,C360-100407,Health Insurance,2022-07-02,2023-07-02,1103,Expired,0
TXN-63bc1f56,C360-100407,Health Insurance,2023-07-02,2024-07-01,1125,Expired,0
TXN-3d3eea49,C360-100407,Health Insurance,2024-07-01,2025-07-01,1195,Expired,2
TXN-1aaf6eca,C360-100407,Health Insurance,2025-07-01,2026-07-01,1113,Active,0
TXN-13b7fc6f,C360-100407,Life Insurance,2021-07-02,2022-07-02,313,Expired,1
TXN-12a40f51,C360-100407,Life Insurance,2022-07-02,2023-07-02,357,Expired,1
TXN-c5850035,C360-100407,Life Insurance,2023-07-02,2024-07-01,373,Expired,0
TXN-519b654d,C360-100407,Life Insurance,2024-07-01,2025-07-01,418,Expired,0
TXN-ffa84cbc,C360-100407,Life Insurance,2025-07-01,2026-07-01,497,Active,0
TXN-830cfc70,C360-100407,Motor Insurance,2021-07-02,2022-07-02,629,Expired,0
TXN-a5ab6557,C360-100407,Motor Insurance,2022-07-02,2023-07-02,641,Expired,0
TXN-95985383,C360-100407,Motor Insurance,2023-07-02,2024-07-01,709,Expired,1
TXN-47920715,C360-100407,Motor Insurance,2024-07-01,2025-07-01,695,Expired,0
TXN-6d8fde15,C360-100407,Motor Insurance,2025-07-01,2026-07-01,701,Active,0
TXN-dc53a659,C360-100407,Accidental Insurance,2021-07-02,2022-07-02,851,Expired,0
TXN-d1c4ed60,C360-100407,Accidental Insurance,2022-07-02,2023-07-02,890,Expired,0
TXN-5e26d427,C360-100407,Accidental Insurance,2023-07-02,2024-07-01,883,Expired,1
TXN-6aa1a2e5,C360-100407,Accidental Insurance,2024-07-01,2025-07-01,989,Expired,0
TXN-d6ffa20f,C360-100407,Accidental Insurance,2025-07-01,2026-07-01,951,Active,0
TXN-c422a5a6,C360-100408,Health Insurance,2021-07-02,2022-07-02,337,Expired,0
TXN-90319205,C360-100408,Health Insurance,2022-07-02,2023-07-02,381,Expired,1
TXN-85895a3b,C360-100408,Health Insurance,2023-07-02,2024-07-01,387,Expired,0
TXN-945019a2,C360-100408,Health Insurance,2024-07-01,2025-07-01,421,Expired,0
TXN-ccb39ca3,C360-100408,Health Insurance,2025-07-01,2026-07-01,493,Active,1
TXN-dfeb82eb,C360-100409,Motor Insurance,2021-07-02,2022-07-02,346,Expired,0
TXN-bc15829a,C360-100409,Motor Insurance,2022-07-02,2023-07-02,378,Expired,0
TXN-4adc88d3,C360-100409,Motor Insurance,2023-07-02,2024-07-01,406,Expired,0
TXN-a3a580f1,C360-100409,Motor Insurance,2024-07-01,2025-07-01,433,Expired,1
TXN-9672a014,C360-100409,Motor Insurance,2025-07-01,2026-07-01,402,Active,0
TXN-97b954c4,C360-100410,Life Insurance,2021-07-02,2022-07-02,829,Expired,0
TXN-2ee17147,C360-100410,Life Insurance,2022-07-02,2023-07-02,873,Expired,0
TXN-ca1289f4,C360-100410,Life Insurance,2023-07-02,2024-07-01,897,Expired,1
TXN-30bea459,C360-100410,Life Insurance,2024-07-01,2025-07-01,877,Expired,0
TXN-0d339c62,C360-100410,Life Insurance,2025-07-01,2026-07-01,881,Active,0
TXN-6ba27a49,C360-100410,Accidental Insurance,2021-07-02,2022-07-02,374,Expired,0
TXN-eba6f61f,C360-100410,Accidental Insurance,2022-07-02,2023-07-02,396,Expired,0
TXN-122c7136,C360-100410,Accidental Insurance,2023-07-02,2024-07-01,398,Expired,0
TXN-bc6e1c00,C360-100411,Health Insurance,2021-07-02,2022-07-02,494,Expired,0
TXN-709f1d25,C360-100411,Health Insurance,2022-07-02,2023-07-02,509,Expired,0
TXN-d8b81031,C360-100411,Health Insurance,2023-07-02,2024-07-01,586,Expired,1
TXN-9d53e416,C360-100411,Health Insurance,2024-07-01,2025-07-01,536,Expired,0
TXN-2ce991f2,C360-100411,Health Insurance,2025-07-01,2026-07-01,550,Active,2
TXN-37b16174,C360-100411,Life Insurance,2021-07-02,2022-07-02,315,Expired,0
TXN-cfc42418,C360-100411,Life Insurance,2022-07-02,2023-07-02,334,Expired,0
TXN-460044a2,C360-100411,Life Insurance,2023-07-02,2024-07-01,393,Expired,0
TXN-b50a80e6,C360-100411,Life Insurance,2024-07-01,2025-07-01,429,Expired,0
TXN-693da3f4,C360-100411,Life Insurance,2025-07-01,2026-07-01,487,Active,0
TXN-046c0a04,C360-100411,Motor Insurance,2021-07-02,2022-07-02,493,Expired,1
TXN-c7981e22,C360-100411,Motor Insurance,2022-07-02,2023-07-02,532,Expired,0
TXN-8700823d,C360-100411,Motor Insurance,2023-07-02,2024-07-01,591,Expired,0
TXN-f226557d,C360-100411,Motor Insurance,2024-07-01,2025-07-01,598,Expired,2
TXN-5a6622a2,C360-100411,Motor Insurance,2025-07-01,2026-07-01,605,Active,0
TXN-4a9011cc,C360-100411,Accidental Insurance,2021-07-02,2022-07-02,525,Expired,0
TXN-be6750c1,C360-100411,Accidental Insurance,2022-07-02,2023-07-02,556,Expired,0
TXN-bf44d598,C360-100411,Accidental Insurance,2023-07-02,2024-07-01,595,Expired,1
TXN-d2199835,C360-100411,Accidental Insurance,2024-07-01,2025-07-01,657,Expired,2
TXN-b8356af2,C360-100411,Accidental Insurance,2025-07-01,2026-07-01,565,Active,0
TXN-7b3db473,C360-100412,Health Insurance,2021-07-02,2022-07-02,1172,Expired,0
TXN-49b613d0,C360-100412,Health Insurance,2022-07-02,2023-07-02,1217,Expired,0
TXN-92f3423e,C360-100412,Health Insurance,2023-07-02,2024-07-01,1250,Expired,0
TXN-eaf20646,C360-100412,Health Insurance,2024-07-01,2025-07-01,1247,Expired,0
TXN-3ad0596b,C360-100412,Health Insurance,2025-07-01,2026-07-01,1368,Active,0
TXN-82c301d9,C360-100412,Life Insurance,2021-07-02,2022-07-02,533,Expired,0
TXN-b253051f,C360-100412,Life Insurance,2022-07-02,2023-07-02,556,Expired,0
TXN-7422836c,C360-100412,Life Insurance,2023-07-02,2024-07-01,553,Expired,0
TXN-0b026053,C360-100412,Life Insurance,2024-07-01,2025-07-01,566,Expired,0
TXN-28db6fdb,C360-100412,Life Insurance,2025-07-01,2026-07-01,721,Active,0
TXN-b521ff77,C360-100412,Motor Insurance,2021-07-02,2022-07-02,1046,Expired,2
TXN-bfe2b70d,C360-100412,Motor Insurance,2022-07-02,2023-07-02,1063,Expired,0
TXN-78531d9f,C360-100412,Motor Insurance,2023-07-02,2024-07-01,1090,Expired,0
TXN-096e2c9d,C360-100412,Motor Insurance,2024-07-01,2025-07-01,1160,Expired,0
TXN-f479bdae,C360-100412,Motor Insurance,2025-07-01,2026-07-01,1194,Active,0
TXN-eafc2293,C360-100412,Accidental Insurance,2021-07-02,2022-07-02,464,Expired,0
TXN-9053373b,C360-100412,Accidental Insurance,2022-07-02,2023-07-02,513,Expired,0
TXN-febb0d51,C360-100412,Accidental Insurance,2023-07-02,2024-07-01,514,Expired,0
TXN-834a97f9,C360-100412,Accidental Insurance,2024-07-01,2025-07-01,530,Expired,0
TXN-816f23b5,C360-100412,Accidental Insurance,2025-07-01,2026-07-01,536,Active,0
TXN-28de64c2,C360-100413,Health Insurance,2021-07-02,2022-07-02,607,Expired,0
TXN-e30816c7,C360-100413,Health Insurance,2022-07-02,2023-07-02,636,Expired,0
TXN-b41a0449,C360-100413,Health Insurance,2023-07-02,2024-07-01,633,Expired,1
TXN-825407a2,C360-100413,Health Insurance,2024-07-01,2025-07-01,676,Expired,1
TXN-5b0e68e5,C360-100413,Health Insurance,2025-07-01,2026-07-01,679,Active,0
TXN-d8add2e9,C360-100414,Health Insurance,2021-07-02,2022-07-02,1289,Expired,0
TXN-53a683fe,C360-100414,Health Insurance,2022-07-02,2023-07-02,1306,Expired,0
TXN-407a6438,C360-100414,Health Insurance,2023-07-02,2024-07-01,1331,Expired,1
TXN-1f34f16f,C360-100414,Health Insurance,2024-07-01,2025-07-01,1409,Expired,0
TXN-958a931c,C360-100414,Health Insurance,2025-07-01,2026-07-01,1473,Active,0
TXN-65855000,C360-100414,Accidental Insurance,2021-07-02,2022-07-02,845,Expired,0
TXN-f2c1786f,C360-100414,Accidental Insurance,2022-07-02,2023-07-02,876,Expired,0
TXN-0db2f766,C360-100414,Accidental Insurance,2023-07-02,2024-07-01,937,Expired,0
TXN-2df282eb,C360-100414,Accidental Insurance,2024-07-01,2025-07-01,947,Expired,0
TXN-14bd5591,C360-100414,Accidental Insurance,2025-07-01,2026-07-01,989,Active,0
TXN-2c39ec7f,C360-100415,Health Insurance,2021-07-02,2022-07-02,1183,Expired,1
TXN-a108f375,C360-100415,Health Insurance,2022-07-02,2023-07-02,1199,Expired,0
TXN-ec984294,C360-100415,Health Insurance,2023-07-02,2024-07-01,1211,Expired,1
TXN-87ea8622,C360-100415,Health Insurance,2024-07-01,2025-07-01,1327,Expired,0
TXN-1e69d076,C360-100415,Health Insurance,2025-07-01,2026-07-01,1251,Active,0
TXN-c8945799,C360-100415,Life Insurance,2021-07-02,2022-07-02,1074,Expired,0
TXN-b91cd9d2,C360-100415,Life Insurance,2022-07-02,2023-07-02,1118,Expired,0
TXN-c5de126e,C360-100415,Life Insurance,2023-07-02,2024-07-01,1132,Expired,1
TXN-37d4e765,C360-100415,Life Insurance,2024-07-01,2025-07-01,1125,Expired,0
TXN-014dcc8b,C360-100415,Life Insurance,2025-07-01,2026-07-01,1150,Active,1
TXN-ef29f4bc,C360-100415,Motor Insurance,2021-07-02,2022-07-02,712,Expired,0
TXN-6d1bd22a,C360-100415,Motor Insurance,2022-07-02,2023-07-02,751,Expired,0
TXN-e33207d5,C360-100415,Motor Insurance,2023-07-02,2024-07-01,796,Expired,0
TXN-6b5b5a71,C360-100415,Motor Insurance,2024-07-01,2025-07-01,784,Expired,0
TXN-9fe1ec5e,C360-100415,Motor Insurance,2025-07-01,2026-07-01,780,Active,0
TXN-f8d139a8,C360-100415,Accidental Insurance,2021-07-02,2022-07-02,1406,Expired,0
TXN-e1d28dfd,C360-100415,Accidental Insurance,2022-07-02,2023-07-02,1435,Expired,0
TXN-ac8bdcc0,C360-100415,Accidental Insurance,2023-07-02,2024-07-01,1436,Expired,1
TXN-12847ede,C360-100415,Accidental Insurance,2024-07-01,2025-07-01,1490,Expired,0
TXN-a61d4033,C360-100415,Accidental Insurance,2025-07-01,2026-07-01,1510,Active,1
TXN-6859b4ce,C360-100416,Health Insurance,2021-07-02,2022-07-02,476,Expired,0
TXN-c929474e,C360-100416,Health Insurance,2022-07-02,2023-07-02,492,Expired,0
TXN-72ddfbed,C360-100416,Health Insurance,2023-07-02,2024-07-01,564,Expired,0
TXN-031ce88a,C360-100416,Health Insurance,2024-07-01,2025-07-01,521,Expired,0
TXN-776f0bda,C360-100416,Health Insurance,2025-07-01,2026-07-01,560,Active,0
TXN-ed08127b,C360-100417,Health Insurance,2021-07-02,2022-07-02,1350,Expired,1
TXN-387d7c13,C360-100417,Health Insurance,2022-07-02,2023-07-02,1382,Expired,0
TXN-eb1bf154,C360-100417,Health Insurance,2023-07-02,2024-07-01,1432,Expired,0
TXN-6a0e5095,C360-100417,Health Insurance,2024-07-01,2025-07-01,1410,Expired,0
TXN-209f86c1,C360-100417,Health Insurance,2025-07-01,2026-07-01,1434,Cancelled,1
TXN-224571f3,C360-100417,Life Insurance,2021-07-02,2022-07-02,441,Expired,0
TXN-85faa163,C360-100417,Motor Insurance,2021-07-02,2022-07-02,907,Expired,0
TXN-45b349fa,C360-100417,Motor Insurance,2022-07-02,2023-07-02,928,Expired,0
TXN-978b8dcf,C360-100417,Motor Insurance,2023-07-02,2024-07-01,1007,Expired,0
TXN-b76138f5,C360-100417,Accidental Insurance,2021-07-02,2022-07-02,1292,Expired,0
TXN-8eaf4435,C360-100417,Accidental Insurance,2022-07-02,2023-07-02,1321,Expired,0
TXN-cfe04ee5,C360-100417,Accidental Insurance,2023-07-02,2024-07-01,1384,Expired,0
TXN-8fc56f07,C360-100417,Accidental Insurance,2024-07-01,2025-07-01,1382,Expired,0
TXN-47727878,C360-100417,Accidental Insurance,2025-07-01,2026-07-01,1404,Active,0
TXN-0bf27e0d,C360-100418,Health Insurance,2021-07-02,2022-07-02,1127,Expired,0
TXN-d4ab4979,C360-100418,Health Insurance,2022-07-02,2023-07-02,1150,Expired,0
TXN-726c78a5,C360-100418,Health Insurance,2023-07-02,2024-07-01,1161,Expired,0
TXN-36287aac,C360-100418,Health Insurance,2024-07-01,2025-07-01,1244,Expired,0
TXN-3a6fccc9,C360-100418,Health Insurance,2025-07-01,2026-07-01,1199,Active,0
TXN-61304778,C360-100418,Life Insurance,2021-07-02,2022-07-02,598,Expired,0
TXN-cf839ba6,C360-100418,Life Insurance,2022-07-02,2023-07-02,622,Expired,0
TXN-11564762,C360-100418,Life Insurance,2023-07-02,2024-07-01,636,Expired,0
TXN-1c9948d9,C360-100418,Life Insurance,2024-07-01,2025-07-01,655,Expired,0
TXN-a39dd7f9,C360-100418,Life Insurance,2025-07-01,2026-07-01,774,Active,0
TXN-48c894ec,C360-100418,Motor Insurance,2021-07-02,2022-07-02,1341,Expired,0
TXN-1df130a6,C360-100418,Motor Insurance,2022-07-02,2023-07-02,1353,Expired,0
TXN-5779c7ee,C360-100418,Motor Insurance,2023-07-02,2024-07-01,1425,Expired,0
TXN-ac20f2f7,C360-100418,Motor Insurance,2024-07-01,2025-07-01,1407,Expired,0
TXN-198b91c7,C360-100418,Motor Insurance,2025-07-01,2026-07-01,1389,Active,0
TXN-e71b23d3,C360-100418,Accidental Insurance,2021-07-02,2022-07-02,1395,Expired,1
TXN-98e4d1b0,C360-100418,Accidental Insurance,2022-07-02,2023-07-02,1411,Expired,1
TXN-0c4e28cc,C360-100418,Accidental Insurance,2023-07-02,2024-07-01,1415,Expired,2
TXN-0b822d02,C360-100418,Accidental Insurance,2024-07-01,2025-07-01,1509,Expired,0
TXN-4596ddbe,C360-100418,Accidental Insurance,2025-07-01,2026-07-01,1459,Active,0
TXN-b0a9ecac,C360-100419,Motor Insurance,2021-07-02,2022-07-02,773,Expired,0
TXN-9a6b5d6c,C360-100419,Motor Insurance,2022-07-02,2023-07-02,821,Expired,0
TXN-56d17e6e,C360-100419,Motor Insurance,2023-07-02,2024-07-01,869,Expired,0
TXN-9ad555af,C360-100419,Accidental Insurance,2021-07-02,2022-07-02,793,Expired,0
TXN-0df92265,C360-100420,Health Insurance,2021-07-02,2022-07-02,1017,Expired,0
TXN-eb3602c2,C360-100420,Health Insurance,2022-07-02,2023-07-02,1039,Expired,1
TXN-f0a5958a,C360-100420,Health Insurance,2023-07-02,2024-07-01,1041,Expired,1
TXN-5342ccc8,C360-100420,Health Insurance,2024-07-01,2025-07-01,1095,Expired,0
TXN-27c80d51,C360-100420,Health Insurance,2025-07-01,2026-07-01,1069,Active,0
TXN-cdd397f4,C360-100420,Life Insurance,2021-07-02,2022-07-02,314,Expired,0
TXN-b06c14bc,C360-100420,Life Insurance,2022-07-02,2023-07-02,337,Expired,2
TXN-9cc3f6f0,C360-100420,Life Insurance,2023-07-02,2024-07-01,396,Expired,0
TXN-12f51647,C360-100420,Life Insurance,2024-07-01,2025-07-01,407,Expired,0
TXN-730380f4,C360-100420,Life Insurance,2025-07-01,2026-07-01,426,Active,0
TXN-7de5b2fa,C360-100420,Motor Insurance,2021-07-02,2022-07-02,1475,Expired,0
TXN-b4acae71,C360-100420,Motor Insurance,2022-07-02,2023-07-02,1505,Expired,2
TXN-48cc8c6e,C360-100420,Motor Insurance,2023-07-02,2024-07-01,1527,Expired,0
TXN-a8a59f9e,C360-100420,Motor Insurance,2024-07-01,2025-07-01,1607,Expired,0
TXN-870606a0,C360-100420,Motor Insurance,2025-07-01,2026-07-01,1583,Active,0
TXN-707935c0,C360-100420,Accidental Insurance,2021-07-02,2022-07-02,598,Expired,0
TXN-3b074745,C360-100420,Accidental Insurance,2022-07-02,2023-07-02,633,Expired,1
TXN-fca16df3,C360-100420,Accidental Insurance,2023-07-02,2024-07-01,664,Expired,0
TXN-a19ce1f6,C360-100420,Accidental Insurance,2024-07-01,2025-07-01,652,Expired,0
TXN-55c42711,C360-100420,Accidental Insurance,2025-07-01,2026-07-01,778,Active,0
TXN-01c0abf2,C360-100421,Motor Insurance,2021-07-02,2022-07-02,335,Expired,2
TXN-fc5f8885,C360-100421,Motor Insurance,2022-07-02,2023-07-02,348,Expired,0
TXN-e86ea013,C360-100421,Motor Insurance,2023-07-02,2024-07-01,389,Expired,0
TXN-8aec7407,C360-100421,Motor Insurance,2024-07-01,2025-07-01,416,Expired,2
TXN-42034e99,C360-100421,Motor Insurance,2025-07-01,2026-07-01,471,Active,0
TXN-c281da4c,C360-100422,Motor Insurance,2021-07-02,2022-07-02,1065,Expired,1
TXN-903b2146,C360-100422,Motor Insurance,2022-07-02,2023-07-02,1090,Expired,0
TXN-00c6d3cf,C360-100422,Motor Insurance,2023-07-02,2024-07-01,1135,Expired,0
TXN-b84802ed,C360-100422,Motor Insurance,2024-07-01,2025-07-01,1200,Expired,0
TXN-51fe4a94,C360-100422,Motor Insurance,2025-07-01,2026-07-01,1209,Active,1
TXN-317d1c9a,C360-100423,Accidental Insurance,2021-07-02,2022-07-02,1080,Expired,0
TXN-cd389797,C360-100423,Accidental Insurance,2022-07-02,2023-07-02,1097,Expired,2
TXN-9d61d769,C360-100423,Accidental Insurance,2023-07-02,2024-07-01,1112,Expired,2
TXN-c2ee259e,C360-100423,Accidental Insurance,2024-07-01,2025-07-01,1149,Expired,0
TXN-3231011d,C360-100423,Accidental Insurance,2025-07-01,2026-07-01,1128,Active,1
TXN-c27701f6,C360-100424,Motor Insurance,2021-07-02,2022-07-02,1362,Expired,0
TXN-ba33cabb,C360-100424,Motor Insurance,2022-07-02,2023-07-02,1384,Expired,0
TXN-43b35d13,C360-100424,Motor Insurance,2023-07-02,2024-07-01,1396,Expired,0
TXN-2c318dc0,C360-100424,Motor Insurance,2024-07-01,2025-07-01,1464,Expired,0
TXN-1c793712,C360-100424,Motor Insurance,2025-07-01,2026-07-01,1422,Active,2
TXN-e71b6e92,C360-100425,Life Insurance,2021-07-02,2022-07-02,415,Expired,0
TXN-c6ac1044,C360-100425,Life Insurance,2022-07-02,2023-07-02,429,Expired,2
TXN-77aaaaf6,C360-100425,Life Insurance,2023-07-02,2024-07-01,435,Expired,0
TXN-fc165eb9,C360-100425,Life Insurance,2024-07-01,2025-07-01,565,Expired,0
TXN-a0cb0bcf,C360-100425,Life Insurance,2025-07-01,2026-07-01,591,Active,0
TXN-784c4ab6,C360-100425,Accidental Insurance,2021-07-02,2022-07-02,1181,Expired,1
TXN-35675739,C360-100425,Accidental Insurance,2022-07-02,2023-07-02,1208,Expired,1
TXN-915ef49a,C360-100425,Accidental Insurance,2023-07-02,2024-07-01,1277,Expired,0
TXN-04f17ab5,C360-100425,Accidental Insurance,2024-07-01,2025-07-01,1295,Expired,0
TXN-04a77a1b,C360-100425,Accidental Insurance,2025-07-01,2026-07-01,1357,Active,0
TXN-9c2beb98,C360-100426,Health Insurance,2021-07-02,2022-07-02,447,Expired,0
TXN-466d0a82,C360-100426,Health Insurance,2022-07-02,2023-07-02,461,Expired,0
TXN-97289f3d,C360-100426,Health Insurance,2023-07-02,2024-07-01,533,Expired,0
TXN-ad1168ec,C360-100426,Health Insurance,2024-07-01,2025-07-01,504,Expired,1
TXN-cf4f08a3,C360-100426,Health Insurance,2025-07-01,2026-07-01,639,Active,0
TXN-b2505a81,C360-100426,Life Insurance,2021-07-02,2022-07-02,407,Expired,0
TXN-78df7439,C360-100426,Life Insurance,2022-07-02,2023-07-02,433,Expired,0
TXN-34fcfe05,C360-100426,Life Insurance,2023-07-02,2024-07-01,451,Expired,0
TXN-a28e831d,C360-100426,Life Insurance,2024-07-01,2025-07-01,458,Expired,0
TXN-4f9be0a5,C360-100426,Life Insurance,2025-07-01,2026-07-01,599,Active,0
TXN-7d01ff2b,C360-100426,Motor Insurance,2021-07-02,2022-07-02,1315,Expired,1
TXN-1cca7477,C360-100426,Motor Insurance,2022-07-02,2023-07-02,1360,Expired,0
TXN-9fbc9bea,C360-100426,Motor Insurance,2023-07-02,2024-07-01,1405,Expired,0
TXN-9770ef55,C360-100426,Motor Insurance,2024-07-01,2025-07-01,1348,Expired,0
TXN-3db3105d,C360-100426,Motor Insurance,2025-07-01,2026-07-01,1395,Active,2
TXN-fdeb3e41,C360-100426,Accidental Insurance,2021-07-02,2022-07-02,916,Expired,0
TXN-93925dd7,C360-100426,Accidental Insurance,2022-07-02,2023-07-02,941,Expired,0
TXN-8398fc61,C360-100426,Accidental Insurance,2023-07-02,2024-07-01,948,Expired,0
TXN-64e442ed,C360-100426,Accidental Insurance,2024-07-01,2025-07-01,1051,Expired,0
TXN-fe99ce44,C360-100426,Accidental Insurance,2025-07-01,2026-07-01,1072,Active,0
TXN-8ed38058,C360-100427,Life Insurance,2021-07-02,2022-07-02,778,Expired,0
TXN-a6eac961,C360-100427,Life Insurance,2022-07-02,2023-07-02,800,Expired,0
TXN-785d1e0f,C360-100427,Life Insurance,2023-07-02,2024-07-01,808,Expired,0
TXN-f218d1d6,C360-100427,Life Insurance,2024-07-01,2025-07-01,865,Expired,0
TXN-8cd0644d,C360-100427,Life Insurance,2025-07-01,2026-07-01,942,Active,0
TXN-febd3abc,C360-100428,Health Insurance,2021-07-02,2022-07-02,866,Expired,1
TXN-ece72821,C360-100428,Health Insurance,2022-07-02,2023-07-02,901,Expired,2
TXN-10d26e6e,C360-100428,Health Insurance,2023-07-02,2024-07-01,886,Expired,1
TXN-122bc755,C360-100428,Health Insurance,2024-07-01,2025-07-01,992,Expired,0
TXN-a1554588,C360-100428,Health Insurance,2025-07-01,2026-07-01,946,Active,0
TXN-59f50ac1,C360-100428,Life Insurance,2021-07-02,2022-07-02,1470,Expired,0
TXN-0836d93f,C360-100428,Life Insurance,2022-07-02,2023-07-02,1490,Expired,1
TXN-eaa2caef,C360-100428,Life Insurance,2023-07-02,2024-07-01,1526,Expired,0
TXN-7c36a4b0,C360-100428,Life Insurance,2024-07-01,2025-07-01,1533,Expired,0
TXN-e77ced1b,C360-100428,Life Insurance,2025-07-01,2026-07-01,1578,Active,1
TXN-3f1bca00,C360-100428,Motor Insurance,2021-07-02,2022-07-02,886,Expired,1
TXN-3e533e9e,C360-100428,Motor Insurance,2022-07-02,2023-07-02,907,Expired,0
TXN-72eacc2e,C360-100428,Motor Insurance,2023-07-02,2024-07-01,912,Expired,0
TXN-c84fc005,C360-100428,Motor Insurance,2024-07-01,2025-07-01,937,Expired,0
TXN-d077f271,C360-100428,Motor Insurance,2025-07-01,2026-07-01,946,Cancelled,0
TXN-c4876b55,C360-100428,Accidental Insurance,2021-07-02,2022-07-02,880,Expired,0
TXN-042e6a93,C360-100428,Accidental Insurance,2022-07-02,2023-07-02,930,Expired,0
TXN-e5083db1,C360-100428,Accidental Insurance,2023-07-02,2024-07-01,906,Expired,2
TXN-1003612a,C360-100429,Health Insurance,2021-07-02,2022-07-02,722,Expired,0
TXN-e47eb1f5,C360-100429,Health Insurance,2022-07-02,2023-07-02,734,Expired,0
TXN-506636ac,C360-100429,Health Insurance,2023-07-02,2024-07-01,816,Expired,0
TXN-efea12fd,C360-100429,Health Insurance,2024-07-01,2025-07-01,827,Expired,0
TXN-3d21845e,C360-100429,Health Insurance,2025-07-01,2026-07-01,846,Active,1
TXN-2fe22149,C360-100429,Life Insurance,2021-07-02,2022-07-02,1024,Expired,0
TXN-d7457049,C360-100429,Life Insurance,2022-07-02,2023-07-02,1064,Expired,0
TXN-6acaa9f0,C360-100429,Life Insurance,2023-07-02,2024-07-01,1052,Expired,0
TXN-c57faa88,C360-100429,Life Insurance,2024-07-01,2025-07-01,1111,Expired,0
TXN-ccdd8872,C360-100429,Life Insurance,2025-07-01,2026-07-01,1212,Active,0
TXN-2b17cdf5,C360-100429,Motor Insurance,2021-07-02,2022-07-02,611,Expired,0
TXN-c13be93b,C360-100429,Motor Insurance,2022-07-02,2023-07-02,653,Expired,0
TXN-f6515b6b,C360-100429,Motor Insurance,2023-07-02,2024-07-01,681,Expired,1
TXN-17c5abcf,C360-100429,Motor Insurance,2024-07-01,2025-07-01,641,Expired,2
TXN-bdb04e0e,C360-100429,Motor Insurance,2025-07-01,2026-07-01,711,Active,1
TXN-43b9a564,C360-100429,Accidental Insurance,2021-07-02,2022-07-02,586,Expired,0
TXN-419a93ae,C360-100429,Accidental Insurance,2022-07-02,2023-07-02,602,Expired,0
TXN-a2ce84db,C360-100429,Accidental Insurance,2023-07-02,2024-07-01,616,Expired,0
TXN-4ad18e5c,C360-100429,Accidental Insurance,2024-07-01,2025-07-01,715,Expired,0
TXN-4c9c36c5,C360-100429,Accidental Insurance,2025-07-01,2026-07-01,654,Active,0
TXN-35e95850,C360-100430,Health Insurance,2021-07-02,2022-07-02,1463,Expired,0
TXN-15204628,C360-100430,Health Insurance,2022-07-02,2023-07-02,1488,Expired,1
TXN-6e894ac3,C360-100430,Health Insurance,2023-07-02,2024-07-01,1487,Expired,0
TXN-94cb09bc,C360-100430,Health Insurance,2024-07-01,2025-07-01,1562,Expired,0
TXN-dde7b755,C360-100430,Health Insurance,2025-07-01,2026-07-01,1527,Active,0
TXN-5e9a9484,C360-100431,Life Insurance,2021-07-02,2022-07-02,408,Expired,0
TXN-2314cbf3,C360-100431,Life Insurance,2022-07-02,2023-07-02,421,Expired,0
TXN-f9730ca9,C360-100431,Life Insurance,2023-07-02,2024-07-01,430,Expired,0
TXN-e79cce17,C360-100431,Life Insurance,2024-07-01,2025-07-01,531,Expired,0
TXN-294c2e8b,C360-100431,Life Insurance,2025-07-01,2026-07-01,588,Active,0
TXN-6b6b3f3c,C360-100431,Accidental Insurance,2021-07-02,2022-07-02,557,Expired,0
TXN-ea459da4,C360-100431,Accidental Insurance,2022-07-02,2023-07-02,574,Expired,0
TXN-7f1dcf7a,C360-100431,Accidental Insurance,2023-07-02,2024-07-01,611,Expired,0
TXN-deb35de0,C360-100431,Accidental Insurance,2024-07-01,2025-07-01,620,Expired,0
TXN-96c953ee,C360-100431,Accidental Insurance,2025-07-01,2026-07-01,681,Cancelled,0
TXN-0cb15b78,C360-100432,Life Insurance,2021-07-02,2022-07-02,858,Expired,0
TXN-0098e1e9,C360-100432,Life Insurance,2022-07-02,2023-07-02,885,Expired,0
TXN-c6a13bdb,C360-100432,Life Insurance,2023-07-02,2024-07-01,958,Expired,0
TXN-abdbbb77,C360-100432,Life Insurance,2024-07-01,2025-07-01,993,Expired,0
TXN-1c609a5b,C360-100432,Life Insurance,2025-07-01,2026-07-01,1010,Active,0
TXN-3c610599,C360-100433,Health Insurance,2021-07-02,2022-07-02,449,Expired,0
TXN-552d9d1c,C360-100433,Health Insurance,2022-07-02,2023-07-02,459,Expired,0
TXN-b3ab8e90,C360-100433,Accidental Insurance,2021-07-02,2022-07-02,1163,Expired,0
TXN-f15759c0,C360-100433,Accidental Insurance,2022-07-02,2023-07-02,1213,Expired,0
TXN-d1c0c3aa,C360-100433,Accidental Insurance,2023-07-02,2024-07-01,1217,Expired,0
TXN-5ea4983f,C360-100434,Motor Insurance,2021-07-02,2022-07-02,317,Expired,0
TXN-35ddf7e7,C360-100434,Motor Insurance,2022-07-02,2023-07-02,328,Expired,0
TXN-f6dd932d,C360-100434,Motor Insurance,2023-07-02,2024-07-01,345,Expired,0
TXN-02c396c6,C360-100434,Motor Insurance,2024-07-01,2025-07-01,362,Expired,0
TXN-8f03e04c,C360-100434,Motor Insurance,2025-07-01,2026-07-01,501,Active,0
TXN-f020cde1,C360-100434,Accidental Insurance,2021-07-02,2022-07-02,1208,Expired,0
TXN-f1fa40c5,C360-100434,Accidental Insurance,2022-07-02,2023-07-02,1248,Expired,0
TXN-8c615f50,C360-100434,Accidental Insurance,2023-07-02,2024-07-01,1244,Expired,0
TXN-1d059dd2,C360-100434,Accidental Insurance,2024-07-01,2025-07-01,1241,Expired,0
TXN-84262061,C360-100434,Accidental Insurance,2025-07-01,2026-07-01,1408,Active,0
TXN-f88664e6,C360-100436,Motor Insurance,2021-07-02,2022-07-02,1197,Expired,1
TXN-071ff189,C360-100436,Motor Insurance,2022-07-02,2023-07-02,1209,Expired,0
TXN-52bb4f12,C360-100437,Health Insurance,2021-07-02,2022-07-02,1039,Expired,0
TXN-b71c2e4c,C360-100437,Life Insurance,2021-07-02,2022-07-02,1033,Expired,0
TXN-5a6d7d91,C360-100437,Life Insurance,2022-07-02,2023-07-02,1067,Expired,0
TXN-07f6a5be,C360-100437,Motor Insurance,2021-07-02,2022-07-02,347,Expired,0
TXN-e8b57c67,C360-100437,Motor Insurance,2022-07-02,2023-07-02,391,Expired,0
TXN-5c589c20,C360-100437,Motor Insurance,2023-07-02,2024-07-01,427,Expired,0
TXN-2dec9090,C360-100437,Motor Insurance,2024-07-01,2025-07-01,389,Expired,1
TXN-9a083027,C360-100437,Motor Insurance,2025-07-01,2026-07-01,535,Active,0
TXN-d79387d6,C360-100437,Accidental Insurance,2021-07-02,2022-07-02,1366,Expired,0
TXN-7d84f948,C360-100437,Accidental Insurance,2022-07-02,2023-07-02,1392,Expired,0
TXN-dbaed917,C360-100437,Accidental Insurance,2023-07-02,2024-07-01,1426,Expired,0
TXN-b6944dbb,C360-100438,Life Insurance,2021-07-02,2022-07-02,1386,Expired,0
TXN-1ae57c91,C360-100438,Life Insurance,2022-07-02,2023-07-02,1436,Expired,0
TXN-d5ba80a4,C360-100438,Life Insurance,2023-07-02,2024-07-01,1414,Expired,0
TXN-89c7e728,C360-100438,Life Insurance,2024-07-01,2025-07-01,1434,Expired,0
TXN-ad8b3859,C360-100438,Life Insurance,2025-07-01,2026-07-01,1506,Active,1
TXN-b8698001,C360-100439,Life Insurance,2021-07-02,2022-07-02,1232,Expired,0
TXN-53bbf3bc,C360-100439,Life Insurance,2022-07-02,2023-07-02,1273,Expired,0
TXN-15fbffdd,C360-100439,Health Insurance,2021-07-02,2022-07-02,398,Expired,0
TXN-890e5ce6,C360-100439,Health Insurance,2022-07-02,2023-07-02,443,Expired,0
TXN-0c26de3f,C360-100439,Health Insurance,2023-07-02,2024-07-01,474,Expired,0
TXN-cfd43d55,C360-100440,Health Insurance,2021-07-02,2022-07-02,917,Expired,1
TXN-e2cca242,C360-100440,Motor Insurance,2021-07-02,2022-07-02,694,Expired,0
TXN-249d6927,C360-100440,Motor Insurance,2022-07-02,2023-07-02,706,Expired,0
TXN-1c2d1ceb,C360-100440,Motor Insurance,2023-07-02,2024-07-01,766,Expired,2
TXN-a0ea8391,C360-100441,Life Insurance,2021-07-02,2022-07-02,1191,Expired,0
TXN-1d9a097c,C360-100441,Life Insurance,2022-07-02,2023-07-02,1232,Expired,0
TXN-58e3e850,C360-100441,Life Insurance,2023-07-02,2024-07-01,1253,Expired,0
TXN-fd452099,C360-100441,Life Insurance,2024-07-01,2025-07-01,1302,Expired,0
TXN-8058375a,C360-100441,Life Insurance,2025-07-01,2026-07-01,1327,Cancelled,0
TXN-4c4ac19b,C360-100441,Motor Insurance,2021-07-02,2022-07-02,1494,Expired,0
TXN-cb8f61ff,C360-100441,Motor Insurance,2022-07-02,2023-07-02,1539,Expired,1
TXN-8eb4db1e,C360-100441,Motor Insurance,2023-07-02,2024-07-01,1544,Expired,0
TXN-a180c93a,C360-100441,Motor Insurance,2024-07-01,2025-07-01,1533,Expired,0
TXN-4019b097,C360-100441,Motor Insurance,2025-07-01,2026-07-01,1554,Active,2
TXN-a96eea48,C360-100441,Accidental Insurance,2021-07-02,2022-07-02,1448,Expired,0
TXN-b925cf6d,C360-100441,Accidental Insurance,2022-07-02,2023-07-02,1465,Expired,0
TXN-22bc712d,C360-100442,Health Insurance,2021-07-02,2022-07-02,961,Expired,0
TXN-b815d213,C360-100442,Health Insurance,2022-07-02,2023-07-02,1008,Expired,0
TXN-d4e60931,C360-100442,Health Insurance,2023-07-02,2024-07-01,983,Expired,0
TXN-7178675c,C360-100442,Health Insurance,2024-07-01,2025-07-01,1096,Expired,0
TXN-d267acbf,C360-100442,Health Insurance,2025-07-01,2026-07-01,1065,Active,0
TXN-f2bb7717,C360-100442,Life Insurance,2021-07-02,2022-07-02,1488,Expired,0
TXN-9af7ef64,C360-100442,Life Insurance,2022-07-02,2023-07-02,1518,Expired,0
TXN-7dfc9c00,C360-100442,Life Insurance,2023-07-02,2024-07-01,1556,Expired,0
TXN-86286317,C360-100442,Life Insurance,2024-07-01,2025-07-01,1629,Expired,0
TXN-32186c21,C360-100442,Life Insurance,2025-07-01,2026-07-01,1628,Active,0
TXN-d8a053c7,C360-100442,Motor Insurance,2021-07-02,2022-07-02,570,Expired,1
TXN-00047008,C360-100442,Motor Insurance,2022-07-02,2023-07-02,592,Expired,1
TXN-7b7800f3,C360-100442,Motor Insurance,2023-07-02,2024-07-01,618,Expired,0
TXN-d02e6372,C360-100442,Motor Insurance,2024-07-01,2025-07-01,714,Expired,0
TXN-07d26693,C360-100442,Motor Insurance,2025-07-01,2026-07-01,702,Active,0
TXN-a7f9e246,C360-100442,Accidental Insurance,2021-07-02,2022-07-02,757,Expired,0
TXN-457f3fe5,C360-100442,Accidental Insurance,2022-07-02,2023-07-02,793,Expired,0
TXN-adacd105,C360-100442,Accidental Insurance,2023-07-02,2024-07-01,819,Expired,0
TXN-6224b9c1,C360-100442,Accidental Insurance,2024-07-01,2025-07-01,805,Expired,0
TXN-a8308511,C360-100442,Accidental Insurance,2025-07-01,2026-07-01,941,Active,0
TXN-2eabf194,C360-100443,Accidental Insurance,2021-07-02,2022-07-02,1480,Expired,0
TXN-d39b9d6e,C360-100443,Life Insurance,2021-07-02,2022-07-02,979,Expired,0
TXN-a665c2e3,C360-100443,Life Insurance,2022-07-02,2023-07-02,1006,Expired,0
TXN-e08e01cc,C360-100443,Life Insurance,2023-07-02,2024-07-01,1039,Expired,0
TXN-1b7feb8f,C360-100443,Life Insurance,2024-07-01,2025-07-01,1081,Expired,0
TXN-f01f92e8,C360-100443,Life Insurance,2025-07-01,2026-07-01,1163,Active,1
TXN-8d70232d,C360-100444,Life Insurance,2021-07-02,2022-07-02,744,Expired,0
TXN-dbfaa5a2,C360-100444,Life Insurance,2022-07-02,2023-07-02,775,Expired,0
TXN-3664a3b4,C360-100444,Life Insurance,2023-07-02,2024-07-01,772,Expired,2
TXN-832b4173,C360-100444,Life Insurance,2024-07-01,2025-07-01,885,Expired,2
TXN-e67af59d,C360-100444,Life Insurance,2025-07-01,2026-07-01,944,Active,0
TXN-45706364,C360-100445,Health Insurance,2021-07-02,2022-07-02,1345,Expired,0
TXN-945f942f,C360-100445,Health Insurance,2022-07-02,2023-07-02,1386,Expired,0
TXN-a98db66b,C360-100445,Health Insurance,2023-07-02,2024-07-01,1411,Expired,0
TXN-edf0c8c4,C360-100445,Health Insurance,2024-07-01,2025-07-01,1378,Expired,0
TXN-729cba8b,C360-100445,Health Insurance,2025-07-01,2026-07-01,1465,Active,0
TXN-744d4fd3,C360-100445,Life Insurance,2021-07-02,2022-07-02,1384,Expired,1
TXN-ebeff6a7,C360-100445,Life Insurance,2022-07-02,2023-07-02,1403,Expired,1
TXN-e8e175a1,C360-100445,Life Insurance,2023-07-02,2024-07-01,1444,Expired,0
TXN-b3c22951,C360-100445,Life Insurance,2024-07-01,2025-07-01,1489,Expired,1
TXN-4818a7fe,C360-100445,Life Insurance,2025-07-01,2026-07-01,1488,Cancelled,0
TXN-26f403d6,C360-100445,Motor Insurance,2021-07-02,2022-07-02,815,Expired,1
TXN-bd71ea60,C360-100445,Motor Insurance,2022-07-02,2023-07-02,852,Expired,0
TXN-3fe973b4,C360-100445,Motor Insurance,2023-07-02,2024-07-01,893,Expired,0
TXN-329c128e,C360-100445,Motor Insurance,2024-07-01,2025-07-01,893,Expired,0
TXN-7dcf88c9,C360-100445,Motor Insurance,2025-07-01,2026-07-01,859,Cancelled,0
TXN-24c9e202,C360-100445,Accidental Insurance,2021-07-02,2022-07-02,1328,Expired,0
TXN-79913b00,C360-100445,Accidental Insurance,2022-07-02,2023-07-02,1348,Expired,0
TXN-5e6126d9,C360-100445,Accidental Insurance,2023-07-02,2024-07-01,1408,Expired,1
TXN-e6b4201e,C360-100445,Accidental Insurance,2024-07-01,2025-07-01,1406,Expired,0
TXN-f44a7b1f,C360-100445,Accidental Insurance,2025-07-01,2026-07-01,1428,Active,0
TXN-abff65b2,C360-100446,Health Insurance,2021-07-02,2022-07-02,1285,Expired,0
TXN-0f3b367a,C360-100446,Health Insurance,2022-07-02,2023-07-02,1322,Expired,0
TXN-ca7e3f2c,C360-100446,Health Insurance,2023-07-02,2024-07-01,1359,Expired,0
TXN-c30d26b7,C360-100446,Health Insurance,2024-07-01,2025-07-01,1336,Expired,0
TXN-508341e3,C360-100446,Health Insurance,2025-07-01,2026-07-01,1457,Active,0
TXN-db5f022c,C360-100446,Life Insurance,2021-07-02,2022-07-02,565,Expired,0
TXN-eb2161a0,C360-100446,Life Insurance,2022-07-02,2023-07-02,606,Expired,0
TXN-1ab46547,C360-100446,Life Insurance,2023-07-02,2024-07-01,591,Expired,1
TXN-60674382,C360-100446,Life Insurance,2024-07-01,2025-07-01,655,Expired,0
TXN-a783c2aa,C360-100446,Life Insurance,2025-07-01,2026-07-01,745,Active,0
TXN-19a789cc,C360-100446,Motor Insurance,2021-07-02,2022-07-02,1021,Expired,0
TXN-a88afcf4,C360-100446,Motor Insurance,2022-07-02,2023-07-02,1041,Expired,0
TXN-2cef270f,C360-100446,Motor Insurance,2023-07-02,2024-07-01,1073,Expired,2
TXN-eef2ffca,C360-100446,Motor Insurance,2024-07-01,2025-07-01,1057,Expired,0
TXN-f6e21167,C360-100446,Motor Insurance,2025-07-01,2026-07-01,1221,Active,1
TXN-df1d0c5d,C360-100446,Accidental Insurance,2021-07-02,2022-07-02,1456,Expired,0
TXN-2329d3b9,C360-100446,Accidental Insurance,2022-07-02,2023-07-02,1474,Expired,0
TXN-9dabd0ba,C360-100446,Accidental Insurance,2023-07-02,2024-07-01,1520,Expired,0
TXN-50c06ca4,C360-100446,Accidental Insurance,2024-07-01,2025-07-01,1486,Expired,0
TXN-df0fd046,C360-100446,Accidental Insurance,2025-07-01,2026-07-01,1532,Active,0
TXN-a8651dd1,C360-100447,Health Insurance,2021-07-02,2022-07-02,351,Expired,1
TXN-f53b36ec,C360-100447,Health Insurance,2022-07-02,2023-07-02,392,Expired,0
TXN-4dd38206,C360-100447,Health Insurance,2023-07-02,2024-07-01,371,Expired,0
TXN-a77ca3a7,C360-100447,Health Insurance,2024-07-01,2025-07-01,390,Expired,1
TXN-0df39c72,C360-100447,Health Insurance,2025-07-01,2026-07-01,459,Active,0
TXN-ddad2f38,C360-100448,Health Insurance,2021-07-02,2022-07-02,831,Expired,0
TXN-a2d9e8bc,C360-100448,Health Insurance,2022-07-02,2023-07-02,872,Expired,0
TXN-53dd8a01,C360-100448,Health Insurance,2023-07-02,2024-07-01,865,Expired,0
TXN-0eeffc49,C360-100448,Health Insurance,2024-07-01,2025-07-01,927,Expired,0
TXN-a633a62b,C360-100448,Health Insurance,2025-07-01,2026-07-01,887,Active,0
TXN-b55c3e2d,C360-100448,Life Insurance,2021-07-02,2022-07-02,1195,Expired,0
TXN-9690bc18,C360-100448,Life Insurance,2022-07-02,2023-07-02,1209,Expired,1
TXN-2c9c340a,C360-100448,Life Insurance,2023-07-02,2024-07-01,1245,Expired,1
TXN-ccc76c8f,C360-100448,Life Insurance,2024-07-01,2025-07-01,1273,Expired,0
TXN-0e4937c2,C360-100448,Life Insurance,2025-07-01,2026-07-01,1383,Active,0
TXN-efff0f79,C360-100448,Motor Insurance,2021-07-02,2022-07-02,391,Expired,0
TXN-0364f344,C360-100448,Motor Insurance,2022-07-02,2023-07-02,414,Expired,0
TXN-edf7fdd1,C360-100448,Motor Insurance,2023-07-02,2024-07-01,487,Expired,2
TXN-bff7cb5f,C360-100448,Motor Insurance,2024-07-01,2025-07-01,517,Expired,1
TXN-8c3a65dc,C360-100448,Motor Insurance,2025-07-01,2026-07-01,567,Active,0
TXN-4af14b3a,C360-100448,Accidental Insurance,2021-07-02,2022-07-02,985,Expired,1
TXN-7ab1dfdb,C360-100448,Accidental Insurance,2022-07-02,2023-07-02,1017,Expired,0
TXN-796d57da,C360-100448,Accidental Insurance,2023-07-02,2024-07-01,1045,Expired,0
TXN-8e3f5a8b,C360-100448,Accidental Insurance,2024-07-01,2025-07-01,1093,Expired,2
TXN-ed1431ed,C360-100448,Accidental Insurance,2025-07-01,2026-07-01,1037,Active,0
TXN-8b300d16,C360-100449,Life Insurance,2021-07-02,2022-07-02,1272,Expired,2
TXN-d32077fb,C360-100449,Life Insurance,2022-07-02,2023-07-02,1302,Expired,0
TXN-de5cfb02,C360-100449,Life Insurance,2023-07-02,2024-07-01,1364,Expired,0
TXN-7942e3f5,C360-100449,Life Insurance,2024-07-01,2025-07-01,1419,Expired,0
TXN-1d0e92f3,C360-100449,Life Insurance,2025-07-01,2026-07-01,1464,Active,0
TXN-cf04377e,C360-100449,Health Insurance,2021-07-02,2022-07-02,1438,Expired,0
TXN-b7860673,C360-100449,Health Insurance,2022-07-02,2023-07-02,1448,Expired,0
TXN-88f2f66d,C360-100449,Health Insurance,2023-07-02,2024-07-01,1462,Expired,1
TXN-9a5042c5,C360-100449,Health Insurance,2024-07-01,2025-07-01,1474,Expired,1
TXN-1988bbc8,C360-100449,Health Insurance,2025-07-01,2026-07-01,1594,Active,2
TXN-53e34c56,C360-100450,Accidental Insurance,2021-07-02,2022-07-02,559,Expired,0
TXN-bae331f9,C360-100450,Accidental Insurance,2022-07-02,2023-07-02,583,Expired,0
TXN-beca557a,C360-100450,Accidental Insurance,2023-07-02,2024-07-01,593,Expired,0
TXN-55f026e9,C360-100450,Accidental Insurance,2024-07-01,2025-07-01,682,Expired,0
TXN-ab1bd56e,C360-100450,Accidental Insurance,2025-07-01,2026-07-01,631,Cancelled,1
TXN-95016ca2,C360-100451,Accidental Insurance,2021-07-02,2022-07-02,945,Expired,2
TXN-5945ccbd,C360-100451,Accidental Insurance,2022-07-02,2023-07-02,992,Expired,0
TXN-f822d2c5,C360-100451,Life Insurance,2021-07-02,2022-07-02,441,Expired,1
TXN-edc99bc7,C360-100451,Life Insurance,2022-07-02,2023-07-02,488,Expired,0
TXN-2902a094,C360-100451,Life Insurance,2023-07-02,2024-07-01,485,Expired,0
TXN-556a7c2b,C360-100451,Life Insurance,2024-07-01,2025-07-01,522,Expired,0
TXN-0fb6dcc4,C360-100451,Life Insurance,2025-07-01,2026-07-01,549,Cancelled,0
TXN-1c4daf70,C360-100452,Accidental Insurance,2021-07-02,2022-07-02,388,Expired,0
TXN-ee804b20,C360-100452,Accidental Insurance,2022-07-02,2023-07-02,428,Expired,0
TXN-3b68b760,C360-100452,Accidental Insurance,2023-07-02,2024-07-01,440,Expired,0
TXN-8bd3e954,C360-100452,Accidental Insurance,2024-07-01,2025-07-01,424,Expired,0
TXN-d46aa037,C360-100452,Accidental Insurance,2025-07-01,2026-07-01,448,Active,2
TXN-2798c29c,C360-100452,Life Insurance,2021-07-02,2022-07-02,954,Expired,0
TXN-5f20bd62,C360-100452,Life Insurance,2022-07-02,2023-07-02,969,Expired,0
TXN-f5782832,C360-100452,Life Insurance,2023-07-02,2024-07-01,1020,Expired,0
TXN-036756fd,C360-100452,Life Insurance,2024-07-01,2025-07-01,1020,Expired,0
TXN-23240cf7,C360-100452,Life Insurance,2025-07-01,2026-07-01,1134,Active,0
TXN-d93adb05,C360-100453,Motor Insurance,2021-07-02,2022-07-02,1258,Expired,0
TXN-eff74b18,C360-100453,Motor Insurance,2022-07-02,2023-07-02,1286,Expired,0
TXN-31b68fd3,C360-100453,Motor Insurance,2023-07-02,2024-07-01,1326,Expired,0
TXN-c4c0c1f8,C360-100453,Motor Insurance,2024-07-01,2025-07-01,1390,Expired,2
TXN-f7bf001b,C360-100453,Motor Insurance,2025-07-01,2026-07-01,1302,Active,1
TXN-f4f6c39b,C360-100453,Health Insurance,2021-07-02,2022-07-02,522,Expired,0
TXN-cf57a01f,C360-100453,Health Insurance,2022-07-02,2023-07-02,537,Expired,0
TXN-7fc5e72b,C360-100453,Health Insurance,2023-07-02,2024-07-01,622,Expired,0
TXN-26a3ee86,C360-100453,Health Insurance,2024-07-01,2025-07-01,555,Expired,1
TXN-4a7df43c,C360-100453,Health Insurance,2025-07-01,2026-07-01,626,Active,0
TXN-19252668,C360-100454,Health Insurance,2021-07-02,2022-07-02,797,Expired,0
TXN-37622c19,C360-100454,Health Insurance,2022-07-02,2023-07-02,826,Expired,0
TXN-88ea0858,C360-100454,Health Insurance,2023-07-02,2024-07-01,871,Expired,1
TXN-35d7e49a,C360-100454,Health Insurance,2024-07-01,2025-07-01,851,Expired,0
TXN-d9808a33,C360-100454,Health Insurance,2025-07-01,2026-07-01,961,Active,0
TXN-592302db,C360-100454,Life Insurance,2021-07-02,2022-07-02,726,Expired,0
TXN-a7ce7f54,C360-100454,Life Insurance,2022-07-02,2023-07-02,747,Expired,0
TXN-0309074a,C360-100454,Life Insurance,2023-07-02,2024-07-01,818,Expired,0
TXN-eafa8182,C360-100454,Life Insurance,2024-07-01,2025-07-01,849,Expired,0
TXN-d39785a6,C360-100454,Life Insurance,2025-07-01,2026-07-01,894,Active,0
TXN-901910bf,C360-100454,Motor Insurance,2021-07-02,2022-07-02,773,Expired,0
TXN-a48492bc,C360-100454,Motor Insurance,2022-07-02,2023-07-02,795,Expired,0
TXN-15faeb00,C360-100454,Motor Insurance,2023-07-02,2024-07-01,825,Expired,2
TXN-0891150c,C360-100454,Motor Insurance,2024-07-01,2025-07-01,902,Expired,0
TXN-3d87f138,C360-100454,Motor Insurance,2025-07-01,2026-07-01,909,Active,0
TXN-69796b64,C360-100454,Accidental Insurance,2021-07-02,2022-07-02,322,Expired,0
TXN-cc649819,C360-100454,Accidental Insurance,2022-07-02,2023-07-02,344,Expired,0
TXN-13f5af7b,C360-100454,Accidental Insurance,2023-07-02,2024-07-01,372,Expired,0
TXN-73fae4d5,C360-100454,Accidental Insurance,2024-07-01,2025-07-01,388,Expired,0
TXN-fe54160e,C360-100454,Accidental Insurance,2025-07-01,2026-07-01,398,Active,0
TXN-922e3d68,C360-100455,Motor Insurance,2021-07-02,2022-07-02,880,Expired,0
TXN-d0764c1e,C360-100455,Motor Insurance,2022-07-02,2023-07-02,914,Expired,0
TXN-81d4cb28,C360-100455,Motor Insurance,2023-07-02,2024-07-01,900,Expired,0
TXN-4b993f3b,C360-100456,Health Insurance,2021-07-02,2022-07-02,834,Expired,0
TXN-ebe64ce8,C360-100456,Health Insurance,2022-07-02,2023-07-02,867,Expired,0
TXN-fb98aec6,C360-100456,Health Insurance,2023-07-02,2024-07-01,854,Expired,0
TXN-ab9995cf,C360-100456,Health Insurance,2024-07-01,2025-07-01,906,Expired,0
TXN-b0620d87,C360-100456,Health Insurance,2025-07-01,2026-07-01,1030,Active,1
TXN-fc922ecc,C360-100457,Health Insurance,2021-07-02,2022-07-02,823,Expired,0
TXN-548b2798,C360-100457,Health Insurance,2022-07-02,2023-07-02,846,Expired,1
TXN-249e98d6,C360-100457,Health Insurance,2023-07-02,2024-07-01,855,Expired,0
TXN-b2089476,C360-100457,Health Insurance,2024-07-01,2025-07-01,853,Expired,0
TXN-1affe0a4,C360-100457,Health Insurance,2025-07-01,2026-07-01,883,Active,2
TXN-d13005e1,C360-100457,Life Insurance,2021-07-02,2022-07-02,626,Expired,0
TXN-b0e53e93,C360-100457,Life Insurance,2022-07-02,2023-07-02,668,Expired,0
TXN-df7b01e0,C360-100457,Life Insurance,2023-07-02,2024-07-01,710,Expired,0
TXN-85450ae8,C360-100457,Life Insurance,2024-07-01,2025-07-01,686,Expired,1
TXN-395c4520,C360-100457,Life Insurance,2025-07-01,2026-07-01,782,Active,0
TXN-59fdd9f9,C360-100457,Motor Insurance,2021-07-02,2022-07-02,479,Expired,0
TXN-6ae0ac66,C360-100457,Motor Insurance,2022-07-02,2023-07-02,497,Expired,0
TXN-1ed4a67d,C360-100457,Motor Insurance,2023-07-02,2024-07-01,505,Expired,2
TXN-ebb9c171,C360-100457,Motor Insurance,2024-07-01,2025-07-01,620,Expired,0
TXN-153a3ac2,C360-100457,Motor Insurance,2025-07-01,2026-07-01,627,Active,0
TXN-424f3d11,C360-100457,Accidental Insurance,2021-07-02,2022-07-02,675,Expired,0
TXN-73943cd7,C360-100457,Accidental Insurance,2022-07-02,2023-07-02,701,Expired,2
TXN-b06d553e,C360-100457,Accidental Insurance,2023-07-02,2024-07-01,711,Expired,0
TXN-d66211cb,C360-100457,Accidental Insurance,2024-07-01,2025-07-01,726,Expired,1
TXN-639ce60d,C360-100457,Accidental Insurance,2025-07-01,2026-07-01,715,Active,2
TXN-54aeef07,C360-100458,Motor Insurance,2021-07-02,2022-07-02,301,Expired,2
TXN-8c757719,C360-100459,Motor Insurance,2021-07-02,2022-07-02,685,Expired,0
TXN-ceb6a5c8,C360-100459,Motor Insurance,2022-07-02,2023-07-02,704,Expired,0
TXN-561cc304,C360-100459,Motor Insurance,2023-07-02,2024-07-01,769,Expired,0
TXN-03a885a7,C360-100459,Motor Insurance,2024-07-01,2025-07-01,829,Expired,0
TXN-037ea82a,C360-100459,Motor Insurance,2025-07-01,2026-07-01,841,Active,0
TXN-833e0a04,C360-100460,Health Insurance,2021-07-02,2022-07-02,613,Expired,0
TXN-75792800,C360-100460,Health Insurance,2022-07-02,2023-07-02,626,Expired,0
TXN-1489c60c,C360-100460,Health Insurance,2023-07-02,2024-07-01,639,Expired,0
TXN-4aecf30d,C360-100460,Health Insurance,2024-07-01,2025-07-01,646,Expired,0
TXN-30dde5df,C360-100460,Health Insurance,2025-07-01,2026-07-01,681,Active,0
TXN-aba7c601,C360-100460,Life Insurance,2021-07-02,2022-07-02,1047,Expired,0
TXN-84a872f2,C360-100460,Life Insurance,2022-07-02,2023-07-02,1081,Expired,1
TXN-48c20966,C360-100460,Life Insurance,2023-07-02,2024-07-01,1111,Expired,1
TXN-2a723482,C360-100460,Life Insurance,2024-07-01,2025-07-01,1191,Expired,1
TXN-e14e2b93,C360-100460,Life Insurance,2025-07-01,2026-07-01,1187,Active,2
TXN-0201f163,C360-100460,Motor Insurance,2021-07-02,2022-07-02,562,Expired,1
TXN-70bc6d15,C360-100460,Motor Insurance,2022-07-02,2023-07-02,581,Expired,2
TXN-9b4b4f59,C360-100460,Motor Insurance,2023-07-02,2024-07-01,628,Expired,0
TXN-9628699b,C360-100460,Motor Insurance,2024-07-01,2025-07-01,595,Expired,0
TXN-49599444,C360-100460,Motor Insurance,2025-07-01,2026-07-01,682,Active,1
TXN-35a91957,C360-100460,Accidental Insurance,2021-07-02,2022-07-02,1103,Expired,0
TXN-4e4f4cea,C360-100460,Accidental Insurance,2022-07-02,2023-07-02,1152,Expired,0
TXN-b08ca3c4,C360-100460,Accidental Insurance,2023-07-02,2024-07-01,1191,Expired,0
TXN-cfb1a478,C360-100460,Accidental Insurance,2024-07-01,2025-07-01,1142,Expired,0
TXN-47f6f2b3,C360-100460,Accidental Insurance,2025-07-01,2026-07-01,1291,Active,0
TXN-9edb9391,C360-100461,Health Insurance,2021-07-02,2022-07-02,1395,Expired,0
TXN-4b48e3aa,C360-100461,Health Insurance,2022-07-02,2023-07-02,1407,Expired,0
TXN-28939ba9,C360-100461,Health Insurance,2023-07-02,2024-07-01,1487,Expired,0
TXN-db4945ee,C360-100461,Health Insurance,2024-07-01,2025-07-01,1524,Expired,0
TXN-085d2e75,C360-100461,Health Insurance,2025-07-01,2026-07-01,1475,Active,0
TXN-05037cbb,C360-100462,Health Insurance,2021-07-02,2022-07-02,1407,Expired,0
TXN-aee2f7fc,C360-100462,Health Insurance,2022-07-02,2023-07-02,1451,Expired,0
TXN-a80fa331,C360-100462,Health Insurance,2023-07-02,2024-07-01,1449,Expired,1
TXN-f09a7aea,C360-100462,Health Insurance,2024-07-01,2025-07-01,1542,Expired,1
TXN-13e748bc,C360-100462,Health Insurance,2025-07-01,2026-07-01,1447,Active,0
TXN-90490dc7,C360-100464,Health Insurance,2021-07-02,2022-07-02,1069,Expired,0
TXN-51cd0557,C360-100464,Health Insurance,2022-07-02,2023-07-02,1094,Expired,0
TXN-ba1c336f,C360-100464,Health Insurance,2023-07-02,2024-07-01,1123,Expired,0
TXN-2bd60fbd,C360-100464,Health Insurance,2024-07-01,2025-07-01,1102,Expired,0
TXN-95e116af,C360-100464,Health Insurance,2025-07-01,2026-07-01,1117,Active,0
TXN-acc7c664,C360-100464,Motor Insurance,2021-07-02,2022-07-02,1346,Expired,0
TXN-96cc98c7,C360-100464,Motor Insurance,2022-07-02,2023-07-02,1370,Expired,0
TXN-50520e12,C360-100464,Motor Insurance,2023-07-02,2024-07-01,1372,Expired,0
TXN-e66da6d6,C360-100464,Motor Insurance,2024-07-01,2025-07-01,1430,Expired,0
TXN-e26b122a,C360-100464,Motor Insurance,2025-07-01,2026-07-01,1498,Active,1
TXN-387d0253,C360-100465,Health Insurance,2021-07-02,2022-07-02,955,Expired,0
TXN-7abcae37,C360-100465,Health Insurance,2022-07-02,2023-07-02,996,Expired,0
TXN-fe25f4ca,C360-100465,Health Insurance,2023-07-02,2024-07-01,1027,Expired,0
TXN-c9d104f9,C360-100465,Health Insurance,2024-07-01,2025-07-01,1048,Expired,0
TXN-243d75ec,C360-100465,Health Insurance,2025-07-01,2026-07-01,1011,Cancelled,0
TXN-0d3be012,C360-100466,Life Insurance,2021-07-02,2022-07-02,561,Expired,0
TXN-45bb2834,C360-100466,Life Insurance,2022-07-02,2023-07-02,594,Expired,0
TXN-490cda98,C360-100466,Life Insurance,2023-07-02,2024-07-01,647,Expired,0
TXN-fa8a115d,C360-100466,Health Insurance,2021-07-02,2022-07-02,567,Expired,0
TXN-42e5d35a,C360-100466,Health Insurance,2022-07-02,2023-07-02,616,Expired,0
TXN-b1972b92,C360-100466,Health Insurance,2023-07-02,2024-07-01,659,Expired,0
TXN-9f3cdd81,C360-100466,Health Insurance,2024-07-01,2025-07-01,621,Expired,0
TXN-aa0f5389,C360-100466,Health Insurance,2025-07-01,2026-07-01,719,Cancelled,0
TXN-8f024731,C360-100467,Life Insurance,2021-07-02,2022-07-02,418,Expired,0
TXN-b1a52e2b,C360-100467,Life Insurance,2022-07-02,2023-07-02,433,Expired,0
TXN-28bc1d66,C360-100467,Life Insurance,2023-07-02,2024-07-01,442,Expired,0
TXN-1ae72058,C360-100468,Life Insurance,2021-07-02,2022-07-02,1002,Expired,0
TXN-ee62f015,C360-100468,Life Insurance,2022-07-02,2023-07-02,1015,Expired,1
TXN-3fdee9c1,C360-100468,Life Insurance,2023-07-02,2024-07-01,1080,Expired,0
TXN-94f6835f,C360-100468,Life Insurance,2024-07-01,2025-07-01,1047,Expired,0
TXN-74c5b82f,C360-100468,Life Insurance,2025-07-01,2026-07-01,1202,Active,0
TXN-ac7fc221,C360-100468,Motor Insurance,2021-07-02,2022-07-02,780,Expired,0
TXN-14b415e7,C360-100468,Motor Insurance,2022-07-02,2023-07-02,806,Expired,0
TXN-251a5a99,C360-100468,Motor Insurance,2023-07-02,2024-07-01,868,Expired,1
TXN-9fd9d73d,C360-100469,Accidental Insurance,2021-07-02,2022-07-02,471,Expired,0
TXN-b2077743,C360-100469,Accidental Insurance,2022-07-02,2023-07-02,505,Expired,0
TXN-6c49abf5,C360-100469,Accidental Insurance,2023-07-02,2024-07-01,561,Expired,0
TXN-d70279d2,C360-100469,Accidental Insurance,2024-07-01,2025-07-01,504,Expired,0
TXN-aa511863,C360-100469,Accidental Insurance,2025-07-01,2026-07-01,587,Active,0
TXN-cd97678c,C360-100469,Life Insurance,2021-07-02,2022-07-02,782,Expired,0
TXN-96b50f94,C360-100469,Life Insurance,2022-07-02,2023-07-02,796,Expired,0
TXN-0f4395ac,C360-100469,Life Insurance,2023-07-02,2024-07-01,828,Expired,0
TXN-9e9d1280,C360-100469,Life Insurance,2024-07-01,2025-07-01,911,Expired,1
TXN-addc8836,C360-100469,Life Insurance,2025-07-01,2026-07-01,894,Active,1
TXN-679f1a5b,C360-100470,Health Insurance,2021-07-02,2022-07-02,1285,Expired,0
TXN-5c271972,C360-100470,Health Insurance,2022-07-02,2023-07-02,1316,Expired,0
TXN-b67aaa3c,C360-100470,Health Insurance,2023-07-02,2024-07-01,1319,Expired,0
TXN-4faed17f,C360-100470,Health Insurance,2024-07-01,2025-07-01,1420,Expired,0
TXN-16f56ded,C360-100470,Health Insurance,2025-07-01,2026-07-01,1449,Active,2
TXN-4696b8a7,C360-100470,Life Insurance,2021-07-02,2022-07-02,1009,Expired,0
TXN-75c1db21,C360-100470,Life Insurance,2022-07-02,2023-07-02,1052,Expired,0
TXN-0e3eca31,C360-100470,Life Insurance,2023-07-02,2024-07-01,1043,Expired,0
TXN-6f65c5ee,C360-100470,Life Insurance,2024-07-01,2025-07-01,1066,Expired,1
TXN-823190fe,C360-100470,Life Insurance,2025-07-01,2026-07-01,1157,Active,1
TXN-91abb0bd,C360-100470,Motor Insurance,2021-07-02,2022-07-02,748,Expired,0
TXN-ab1c6ddc,C360-100470,Motor Insurance,2022-07-02,2023-07-02,780,Expired,1
TXN-0f9c9c4e,C360-100470,Motor Insurance,2023-07-02,2024-07-01,834,Expired,2
TXN-c6a91fe5,C360-100470,Motor Insurance,2024-07-01,2025-07-01,832,Expired,0
TXN-264d58b8,C360-100470,Motor Insurance,2025-07-01,2026-07-01,948,Active,0
TXN-27757e74,C360-100470,Accidental Insurance,2021-07-02,2022-07-02,1016,Expired,2
TXN-1ff905e9,C360-100470,Accidental Insurance,2022-07-02,2023-07-02,1044,Expired,0
TXN-d6e1c291,C360-100470,Accidental Insurance,2023-07-02,2024-07-01,1112,Expired,0
TXN-dc7b2a1d,C360-100470,Accidental Insurance,2024-07-01,2025-07-01,1154,Expired,0
TXN-4d7dfbf3,C360-100470,Accidental Insurance,2025-07-01,2026-07-01,1160,Active,0
TXN-ce1fceb7,C360-100471,Health Insurance,2021-07-02,2022-07-02,409,Expired,0
TXN-ae537f00,C360-100471,Health Insurance,2022-07-02,2023-07-02,424,Expired,1
TXN-fe966351,C360-100471,Health Insurance,2023-07-02,2024-07-01,449,Expired,0
TXN-9e4ebeeb,C360-100471,Health Insurance,2024-07-01,2025-07-01,454,Expired,0
TXN-432e50c5,C360-100471,Health Insurance,2025-07-01,2026-07-01,473,Active,1
TXN-1402811d,C360-100471,Life Insurance,2021-07-02,2022-07-02,1082,Expired,0
TXN-8cf1af8d,C360-100471,Life Insurance,2022-07-02,2023-07-02,1125,Expired,0
TXN-28c75344,C360-100471,Life Insurance,2023-07-02,2024-07-01,1148,Expired,0
TXN-b1c16d44,C360-100471,Life Insurance,2024-07-01,2025-07-01,1160,Expired,0
TXN-ab3cef4c,C360-100471,Life Insurance,2025-07-01,2026-07-01,1254,Active,0
TXN-0e54b5f0,C360-100471,Motor Insurance,2021-07-02,2022-07-02,873,Expired,0
TXN-92b8018c,C360-100471,Motor Insurance,2022-07-02,2023-07-02,918,Expired,0
TXN-73ef6ee6,C360-100471,Motor Insurance,2023-07-02,2024-07-01,893,Expired,0
TXN-e56525ec,C360-100471,Motor Insurance,2024-07-01,2025-07-01,909,Expired,0
TXN-7c393cf2,C360-100471,Motor Insurance,2025-07-01,2026-07-01,1045,Active,0
TXN-8e1cf1ee,C360-100471,Accidental Insurance,2021-07-02,2022-07-02,802,Expired,0
TXN-e25f3a36,C360-100471,Accidental Insurance,2022-07-02,2023-07-02,841,Expired,0
TXN-17007373,C360-100471,Accidental Insurance,2023-07-02,2024-07-01,886,Expired,0
TXN-60cbeb0a,C360-100471,Accidental Insurance,2024-07-01,2025-07-01,838,Expired,1
TXN-4302a437,C360-100471,Accidental Insurance,2025-07-01,2026-07-01,850,Active,0
TXN-be17fe2d,C360-100472,Health Insurance,2021-07-02,2022-07-02,1433,Expired,0
TXN-3ea68b82,C360-100472,Health Insurance,2022-07-02,2023-07-02,1483,Expired,0
TXN-2b947658,C360-100472,Health Insurance,2023-07-02,2024-07-01,1531,Expired,1
TXN-261d1bb9,C360-100472,Health Insurance,2024-07-01,2025-07-01,1562,Expired,0
TXN-a48b0f1a,C360-100472,Health Insurance,2025-07-01,2026-07-01,1493,Active,0
TXN-282246eb,C360-100472,Motor Insurance,2021-07-02,2022-07-02,1100,Expired,0
TXN-01ad79a6,C360-100472,Motor Insurance,2022-07-02,2023-07-02,1139,Expired,0
TXN-e61e82ab,C360-100472,Motor Insurance,2023-07-02,2024-07-01,1140,Expired,1
TXN-c20d6e91,C360-100472,Motor Insurance,2024-07-01,2025-07-01,1136,Expired,1
TXN-e5295a46,C360-100472,Motor Insurance,2025-07-01,2026-07-01,1244,Active,0
TXN-b6860d4f,C360-100473,Health Insurance,2021-07-02,2022-07-02,889,Expired,1
TXN-4aa1df28,C360-100473,Life Insurance,2021-07-02,2022-07-02,737,Expired,0
TXN-d69f211a,C360-100473,Life Insurance,2022-07-02,2023-07-02,749,Expired,0
TXN-767aa335,C360-100473,Accidental Insurance,2021-07-02,2022-07-02,1212,Expired,0
TXN-4b16b4df,C360-100473,Accidental Insurance,2022-07-02,2023-07-02,1252,Expired,0
TXN-75755a8f,C360-100474,Life Insurance,2021-07-02,2022-07-02,419,Expired,0
TXN-ee0e9baa,C360-100474,Life Insurance,2022-07-02,2023-07-02,465,Expired,0
TXN-003b21cb,C360-100474,Life Insurance,2023-07-02,2024-07-01,489,Expired,0
TXN-71b64181,C360-100474,Life Insurance,2024-07-01,2025-07-01,488,Expired,0
TXN-416bc5cf,C360-100474,Life Insurance,2025-07-01,2026-07-01,471,Active,0
TXN-a8087a11,C360-100474,Accidental Insurance,2021-07-02,2022-07-02,964,Expired,1
TXN-f8f1f6c1,C360-100474,Accidental Insurance,2022-07-02,2023-07-02,987,Expired,0
TXN-59efb38d,C360-100474,Accidental Insurance,2023-07-02,2024-07-01,1036,Expired,0
TXN-4df1bf73,C360-100474,Accidental Insurance,2024-07-01,2025-07-01,1108,Expired,2
TXN-d6da944a,C360-100474,Accidental Insurance,2025-07-01,2026-07-01,1060,Active,0
TXN-53edae8f,C360-100475,Health Insurance,2021-07-02,2022-07-02,1096,Expired,0
TXN-202f8293,C360-100475,Health Insurance,2022-07-02,2023-07-02,1127,Expired,0
TXN-d2d69cbb,C360-100475,Health Insurance,2023-07-02,2024-07-01,1136,Expired,0
TXN-d7f5813a,C360-100475,Health Insurance,2024-07-01,2025-07-01,1225,Expired,0
TXN-3eb4695b,C360-100475,Health Insurance,2025-07-01,2026-07-01,1148,Active,0
TXN-36ae2e45,C360-100475,Life Insurance,2021-07-02,2022-07-02,768,Expired,2
TXN-45dff0ed,C360-100475,Life Insurance,2022-07-02,2023-07-02,778,Expired,1
TXN-3e106da4,C360-100475,Life Insurance,2023-07-02,2024-07-01,834,Expired,0
TXN-80bd8fa3,C360-100475,Life Insurance,2024-07-01,2025-07-01,885,Expired,0
TXN-e0a5c850,C360-100475,Life Insurance,2025-07-01,2026-07-01,828,Active,0
TXN-b0efabf1,C360-100475,Motor Insurance,2021-07-02,2022-07-02,1206,Expired,0
TXN-9736c6b3,C360-100475,Motor Insurance,2022-07-02,2023-07-02,1252,Expired,0
TXN-08171958,C360-100475,Motor Insurance,2023-07-02,2024-07-01,1264,Expired,0
TXN-9dc06108,C360-100475,Motor Insurance,2024-07-01,2025-07-01,1290,Expired,0
TXN-fbeeb795,C360-100475,Motor Insurance,2025-07-01,2026-07-01,1262,Active,0
TXN-36997967,C360-100475,Accidental Insurance,2021-07-02,2022-07-02,865,Expired,1
TXN-d232c795,C360-100475,Accidental Insurance,2022-07-02,2023-07-02,894,Expired,0
TXN-01da7b3a,C360-100475,Accidental Insurance,2023-07-02,2024-07-01,887,Expired,1
TXN-2c258476,C360-100475,Accidental Insurance,2024-07-01,2025-07-01,937,Expired,1
TXN-df8992be,C360-100475,Accidental Insurance,2025-07-01,2026-07-01,1053,Active,0
TXN-755c9f7a,C360-100476,Accidental Insurance,2021-07-02,2022-07-02,1465,Expired,1
TXN-74e9905f,C360-100476,Accidental Insurance,2022-07-02,2023-07-02,1508,Expired,0
TXN-edb64a8c,C360-100476,Accidental Insurance,2023-07-02,2024-07-01,1485,Expired,0
TXN-f53d6fa4,C360-100477,Life Insurance,2021-07-02,2022-07-02,1275,Expired,0
TXN-b0ca28b8,C360-100477,Life Insurance,2022-07-02,2023-07-02,1316,Expired,1
TXN-776657ad,C360-100477,Life Insurance,2023-07-02,2024-07-01,1325,Expired,0
TXN-42a630f0,C360-100477,Life Insurance,2024-07-01,2025-07-01,1407,Expired,0
TXN-d3713866,C360-100477,Life Insurance,2025-07-01,2026-07-01,1391,Active,0
TXN-bb0619a2,C360-100477,Accidental Insurance,2021-07-02,2022-07-02,634,Expired,0
TXN-d1d1c53e,C360-100477,Accidental Insurance,2022-07-02,2023-07-02,673,Expired,2
TXN-d43a5818,C360-100477,Accidental Insurance,2023-07-02,2024-07-01,686,Expired,0
TXN-c89d65f8,C360-100477,Accidental Insurance,2024-07-01,2025-07-01,694,Expired,0
TXN-c9ad71fc,C360-100477,Accidental Insurance,2025-07-01,2026-07-01,714,Active,0
TXN-ddea31b1,C360-100478,Health Insurance,2021-07-02,2022-07-02,585,Expired,0
TXN-204afa74,C360-100478,Health Insurance,2022-07-02,2023-07-02,626,Expired,0
TXN-d89f01e9,C360-100478,Health Insurance,2023-07-02,2024-07-01,617,Expired,0
TXN-13179422,C360-100478,Health Insurance,2024-07-01,2025-07-01,702,Expired,0
TXN-9420fb6f,C360-100478,Health Insurance,2025-07-01,2026-07-01,705,Active,0
TXN-9dc27d75,C360-100478,Life Insurance,2021-07-02,2022-07-02,1362,Expired,0
TXN-aed46023,C360-100478,Life Insurance,2022-07-02,2023-07-02,1411,Expired,0
TXN-648d4aa8,C360-100478,Life Insurance,2023-07-02,2024-07-01,1394,Expired,1
TXN-f1745178,C360-100478,Life Insurance,2024-07-01,2025-07-01,1467,Expired,1
TXN-d9ace995,C360-100478,Life Insurance,2025-07-01,2026-07-01,1402,Active,0
TXN-d1e56ae3,C360-100478,Motor Insurance,2021-07-02,2022-07-02,1189,Expired,0
TXN-63615e22,C360-100478,Motor Insurance,2022-07-02,2023-07-02,1235,Expired,0
TXN-a03135ce,C360-100478,Motor Insurance,2023-07-02,2024-07-01,1217,Expired,0
TXN-84e65130,C360-100478,Motor Insurance,2024-07-01,2025-07-01,1291,Expired,0
TXN-240ee27f,C360-100478,Motor Insurance,2025-07-01,2026-07-01,1345,Active,0
TXN-b2f8f331,C360-100478,Accidental Insurance,2021-07-02,2022-07-02,518,Expired,1
TXN-25a28c98,C360-100478,Accidental Insurance,2022-07-02,2023-07-02,540,Expired,1
TXN-75d69908,C360-100478,Accidental Insurance,2023-07-02,2024-07-01,610,Expired,0
TXN-e5485cdb,C360-100478,Accidental Insurance,2024-07-01,2025-07-01,557,Expired,0
TXN-3f3f063e,C360-100478,Accidental Insurance,2025-07-01,2026-07-01,578,Active,0
TXN-447ee772,C360-100479,Accidental Insurance,2021-07-02,2022-07-02,1007,Expired,0
TXN-33baac05,C360-100479,Accidental Insurance,2022-07-02,2023-07-02,1050,Expired,1
TXN-49b5cb3d,C360-100479,Health Insurance,2021-07-02,2022-07-02,1448,Expired,0
TXN-4a7b777d,C360-100479,Health Insurance,2022-07-02,2023-07-02,1492,Expired,2
TXN-59687945,C360-100480,Health Insurance,2021-07-02,2022-07-02,377,Expired,1
TXN-bdf242b8,C360-100480,Health Insurance,2022-07-02,2023-07-02,392,Expired,0
TXN-1f3223a4,C360-100480,Health Insurance,2023-07-02,2024-07-01,399,Expired,0
TXN-e7a1c7ff,C360-100480,Health Insurance,2024-07-01,2025-07-01,413,Expired,0
TXN-25a858c9,C360-100480,Health Insurance,2025-07-01,2026-07-01,473,Active,0
TXN-6e29bdf4,C360-100480,Life Insurance,2021-07-02,2022-07-02,816,Expired,1
TXN-74a951f4,C360-100480,Life Insurance,2022-07-02,2023-07-02,828,Expired,0
TXN-5e3eb3e2,C360-100480,Life Insurance,2023-07-02,2024-07-01,910,Expired,0
TXN-b27903e6,C360-100480,Life Insurance,2024-07-01,2025-07-01,903,Expired,1
TXN-182b3eed,C360-100480,Life Insurance,2025-07-01,2026-07-01,980,Active,0
TXN-539d51e4,C360-100480,Motor Insurance,2021-07-02,2022-07-02,674,Expired,0
TXN-76de174d,C360-100480,Motor Insurance,2022-07-02,2023-07-02,708,Expired,0
TXN-40f1e4d3,C360-100480,Motor Insurance,2023-07-02,2024-07-01,736,Expired,1
TXN-7a2d060a,C360-100480,Motor Insurance,2024-07-01,2025-07-01,722,Expired,0
TXN-9264cd94,C360-100480,Motor Insurance,2025-07-01,2026-07-01,790,Active,0
TXN-46a17319,C360-100480,Accidental Insurance,2021-07-02,2022-07-02,816,Expired,0
TXN-5ec7d858,C360-100480,Accidental Insurance,2022-07-02,2023-07-02,846,Expired,0
TXN-b317c911,C360-100480,Accidental Insurance,2023-07-02,2024-07-01,872,Expired,0
TXN-f7cb5bc9,C360-100480,Accidental Insurance,2024-07-01,2025-07-01,852,Expired,0
TXN-736f7af0,C360-100480,Accidental Insurance,2025-07-01,2026-07-01,928,Active,0
TXN-6549c5ca,C360-100481,Health Insurance,2021-07-02,2022-07-02,1260,Expired,0
TXN-b122836b,C360-100481,Health Insurance,2022-07-02,2023-07-02,1299,Expired,0
TXN-46ac4014,C360-100481,Health Insurance,2023-07-02,2024-07-01,1336,Expired,0
TXN-f14a81dd,C360-100481,Health Insurance,2024-07-01,2025-07-01,1329,Expired,0
TXN-a3903b08,C360-100481,Health Insurance,2025-07-01,2026-07-01,1316,Active,0
TXN-aabe53c4,C360-100482,Health Insurance,2021-07-02,2022-07-02,1032,Expired,1
TXN-022f7479,C360-100482,Health Insurance,2022-07-02,2023-07-02,1057,Expired,0
TXN-0eaf5033,C360-100482,Health Insurance,2023-07-02,2024-07-01,1070,Expired,0
TXN-6adc0592,C360-100482,Health Insurance,2024-07-01,2025-07-01,1089,Expired,0
TXN-1f255c3a,C360-100482,Health Insurance,2025-07-01,2026-07-01,1188,Active,0
TXN-80c8b4b2,C360-100482,Life Insurance,2021-07-02,2022-07-02,1021,Expired,0
TXN-2fe841c8,C360-100482,Life Insurance,2022-07-02,2023-07-02,1046,Expired,2
TXN-1debd716,C360-100482,Life Insurance,2023-07-02,2024-07-01,1055,Expired,0
TXN-f32fbb98,C360-100482,Life Insurance,2024-07-01,2025-07-01,1063,Expired,0
TXN-4ca0fcb2,C360-100482,Life Insurance,2025-07-01,2026-07-01,1077,Active,0
TXN-d1be1b15,C360-100482,Motor Insurance,2021-07-02,2022-07-02,979,Expired,0
TXN-d76f733c,C360-100482,Motor Insurance,2022-07-02,2023-07-02,999,Expired,0
TXN-77c546e4,C360-100482,Motor Insurance,2023-07-02,2024-07-01,1053,Expired,0
TXN-18888134,C360-100482,Motor Insurance,2024-07-01,2025-07-01,1063,Expired,1
TXN-7a60e4a1,C360-100482,Motor Insurance,2025-07-01,2026-07-01,1059,Active,0
TXN-f3951e4a,C360-100482,Accidental Insurance,2021-07-02,2022-07-02,1483,Expired,0
TXN-7a0f9b2a,C360-100482,Accidental Insurance,2022-07-02,2023-07-02,1519,Expired,1
TXN-ec1c01d2,C360-100482,Accidental Insurance,2023-07-02,2024-07-01,1513,Expired,0
TXN-3dacbaa9,C360-100482,Accidental Insurance,2024-07-01,2025-07-01,1633,Expired,0
TXN-6c8afa26,C360-100482,Accidental Insurance,2025-07-01,2026-07-01,1551,Active,0
TXN-3f9549da,C360-100483,Health Insurance,2021-07-02,2022-07-02,811,Expired,0
TXN-62acb04d,C360-100483,Health Insurance,2022-07-02,2023-07-02,857,Expired,0
TXN-6bd00d01,C360-100483,Life Insurance,2021-07-02,2022-07-02,525,Expired,0
TXN-6a83bcb7,C360-100483,Life Insurance,2022-07-02,2023-07-02,535,Expired,0
TXN-e777d123,C360-100483,Life Insurance,2023-07-02,2024-07-01,575,Expired,0
TXN-5b64e813,C360-100483,Life Insurance,2024-07-01,2025-07-01,561,Expired,0
TXN-a4afa70c,C360-100483,Life Insurance,2025-07-01,2026-07-01,657,Cancelled,1
TXN-43df669c,C360-100483,Motor Insurance,2021-07-02,2022-07-02,555,Expired,0
TXN-2df64bef,C360-100483,Motor Insurance,2022-07-02,2023-07-02,605,Expired,0
TXN-ca43ce56,C360-100483,Motor Insurance,2023-07-02,2024-07-01,605,Expired,0
TXN-9823f9c8,C360-100483,Accidental Insurance,2021-07-02,2022-07-02,1046,Expired,0
TXN-061686aa,C360-100484,Health Insurance,2021-07-02,2022-07-02,710,Expired,0
TXN-8f455464,C360-100484,Health Insurance,2022-07-02,2023-07-02,752,Expired,0
TXN-645aedae,C360-100484,Health Insurance,2023-07-02,2024-07-01,738,Expired,0
TXN-052db3c5,C360-100484,Health Insurance,2024-07-01,2025-07-01,833,Expired,1
TXN-3730ec6c,C360-100484,Health Insurance,2025-07-01,2026-07-01,886,Active,0
TXN-d54385ff,C360-100484,Motor Insurance,2021-07-02,2022-07-02,781,Expired,1
TXN-701f3427,C360-100484,Motor Insurance,2022-07-02,2023-07-02,823,Expired,0
TXN-763b080c,C360-100484,Motor Insurance,2023-07-02,2024-07-01,811,Expired,0
TXN-fdf2ea16,C360-100484,Motor Insurance,2024-07-01,2025-07-01,910,Expired,0
TXN-89adc13e,C360-100484,Motor Insurance,2025-07-01,2026-07-01,893,Active,0
TXN-5e07ce7d,C360-100485,Motor Insurance,2021-07-02,2022-07-02,975,Expired,0
TXN-d7fa3f55,C360-100485,Motor Insurance,2022-07-02,2023-07-02,999,Expired,0
TXN-3d7fd2c8,C360-100485,Motor Insurance,2023-07-02,2024-07-01,1055,Expired,0
TXN-8aa5e1be,C360-100485,Motor Insurance,2024-07-01,2025-07-01,1086,Expired,1
TXN-7657edc7,C360-100485,Motor Insurance,2025-07-01,2026-07-01,1035,Active,0
TXN-bc3f17a0,C360-100485,Health Insurance,2021-07-02,2022-07-02,348,Expired,0
TXN-3f1ebef7,C360-100486,Health Insurance,2021-07-02,2022-07-02,740,Expired,0
TXN-b66a814c,C360-100486,Health Insurance,2022-07-02,2023-07-02,785,Expired,0
TXN-43c1427b,C360-100486,Health Insurance,2023-07-02,2024-07-01,766,Expired,0
TXN-e5108567,C360-100486,Health Insurance,2024-07-01,2025-07-01,806,Expired,0
TXN-649525cc,C360-100486,Health Insurance,2025-07-01,2026-07-01,904,Active,0
TXN-b401db3e,C360-100486,Life Insurance,2021-07-02,2022-07-02,728,Expired,0
TXN-66898525,C360-100486,Life Insurance,2022-07-02,2023-07-02,741,Expired,0
TXN-4d1fe838,C360-100486,Life Insurance,2023-07-02,2024-07-01,768,Expired,0
TXN-24a2f86e,C360-100486,Life Insurance,2024-07-01,2025-07-01,788,Expired,1
TXN-cd28b5f7,C360-100486,Life Insurance,2025-07-01,2026-07-01,868,Active,0
TXN-086b4651,C360-100486,Motor Insurance,2021-07-02,2022-07-02,1298,Expired,0
TXN-2b9ab911,C360-100486,Motor Insurance,2022-07-02,2023-07-02,1325,Expired,0
TXN-bc0d314e,C360-100486,Motor Insurance,2023-07-02,2024-07-01,1394,Expired,0
TXN-ecabe597,C360-100486,Motor Insurance,2024-07-01,2025-07-01,1436,Expired,0
TXN-263edee2,C360-100486,Motor Insurance,2025-07-01,2026-07-01,1398,Active,0
TXN-9e57313e,C360-100486,Accidental Insurance,2021-07-02,2022-07-02,440,Expired,0
TXN-6343e1f0,C360-100486,Accidental Insurance,2022-07-02,2023-07-02,471,Expired,0
TXN-e0df2caa,C360-100486,Accidental Insurance,2023-07-02,2024-07-01,468,Expired,1
TXN-793d40d7,C360-100486,Accidental Insurance,2024-07-01,2025-07-01,533,Expired,0
TXN-298f27e7,C360-100486,Accidental Insurance,2025-07-01,2026-07-01,584,Active,0
TXN-867c2438,C360-100487,Life Insurance,2021-07-02,2022-07-02,619,Expired,0
TXN-99795cdb,C360-100487,Life Insurance,2022-07-02,2023-07-02,669,Expired,0
TXN-0c05715b,C360-100487,Life Insurance,2023-07-02,2024-07-01,713,Expired,0
TXN-7d0bd0c7,C360-100487,Health Insurance,2021-07-02,2022-07-02,631,Expired,0
TXN-8973fb96,C360-100487,Health Insurance,2022-07-02,2023-07-02,653,Expired,0
TXN-11eab809,C360-100487,Health Insurance,2023-07-02,2024-07-01,675,Expired,0
TXN-7fe04181,C360-100487,Health Insurance,2024-07-01,2025-07-01,664,Expired,0
TXN-b5a00840,C360-100487,Health Insurance,2025-07-01,2026-07-01,691,Cancelled,1
TXN-59a33de1,C360-100488,Accidental Insurance,2021-07-02,2022-07-02,820,Expired,0
TXN-68d74dd1,C360-100488,Accidental Insurance,2022-07-02,2023-07-02,861,Expired,0
TXN-70669e6c,C360-100488,Accidental Insurance,2023-07-02,2024-07-01,900,Expired,1
TXN-6b8626d4,C360-100488,Accidental Insurance,2024-07-01,2025-07-01,901,Expired,0
TXN-88226941,C360-100488,Accidental Insurance,2025-07-01,2026-07-01,912,Active,1
TXN-cc68ae8c,C360-100489,Accidental Insurance,2021-07-02,2022-07-02,614,Expired,0
TXN-8ff70648,C360-100489,Accidental Insurance,2022-07-02,2023-07-02,637,Expired,0
TXN-e8a1ac2d,C360-100489,Accidental Insurance,2023-07-02,2024-07-01,708,Expired,0
TXN-4b498164,C360-100489,Accidental Insurance,2024-07-01,2025-07-01,737,Expired,0
TXN-ba358ebc,C360-100489,Accidental Insurance,2025-07-01,2026-07-01,722,Active,0
TXN-ddcd969d,C360-100489,Health Insurance,2021-07-02,2022-07-02,780,Expired,2
TXN-4c58b558,C360-100489,Health Insurance,2022-07-02,2023-07-02,790,Expired,0
TXN-936748f9,C360-100489,Health Insurance,2023-07-02,2024-07-01,840,Expired,0
TXN-4603e12a,C360-100489,Health Insurance,2024-07-01,2025-07-01,909,Expired,0
TXN-9ef99942,C360-100489,Health Insurance,2025-07-01,2026-07-01,928,Active,1
TXN-67fd4be5,C360-100490,Health Insurance,2021-07-02,2022-07-02,704,Expired,0
TXN-b7f517fc,C360-100490,Health Insurance,2022-07-02,2023-07-02,748,Expired,0
TXN-25fe7066,C360-100490,Health Insurance,2023-07-02,2024-07-01,772,Expired,0
TXN-413e537a,C360-100490,Health Insurance,2024-07-01,2025-07-01,848,Expired,0
TXN-04099016,C360-100490,Health Insurance,2025-07-01,2026-07-01,772,Cancelled,1
TXN-5a7d89a0,C360-100490,Accidental Insurance,2021-07-02,2022-07-02,1446,Expired,1
TXN-64ecded4,C360-100490,Accidental Insurance,2022-07-02,2023-07-02,1475,Expired,0
TXN-9c94ab8d,C360-100490,Accidental Insurance,2023-07-02,2024-07-01,1534,Expired,0
TXN-84914214,C360-100490,Accidental Insurance,2024-07-01,2025-07-01,1563,Expired,0
TXN-496b0ff9,C360-100490,Accidental Insurance,2025-07-01,2026-07-01,1570,Cancelled,0
TXN-150c5677,C360-100491,Health Insurance,2021-07-02,2022-07-02,976,Expired,0
TXN-7822e28d,C360-100491,Health Insurance,2022-07-02,2023-07-02,1021,Expired,0
TXN-3f3dbc34,C360-100491,Health Insurance,2023-07-02,2024-07-01,1072,Expired,0
TXN-e481a9ca,C360-100491,Health Insurance,2024-07-01,2025-07-01,1048,Expired,0
TXN-f86be5b1,C360-100491,Health Insurance,2025-07-01,2026-07-01,1128,Cancelled,0
TXN-52aedbc9,C360-100492,Life Insurance,2021-07-02,2022-07-02,1261,Expired,2
TXN-8135e769,C360-100492,Life Insurance,2022-07-02,2023-07-02,1289,Expired,0
TXN-ebe12b1a,C360-100492,Life Insurance,2023-07-02,2024-07-01,1321,Expired,0
TXN-6d0ede32,C360-100492,Life Insurance,2024-07-01,2025-07-01,1309,Expired,0
TXN-a100a7cd,C360-100492,Life Insurance,2025-07-01,2026-07-01,1381,Active,0
TXN-bfcaa2d7,C360-100493,Motor Insurance,2021-07-02,2022-07-02,1273,Expired,0
TXN-6389400a,C360-100493,Motor Insurance,2022-07-02,2023-07-02,1320,Expired,0
TXN-a757033e,C360-100493,Motor Insurance,2023-07-02,2024-07-01,1297,Expired,0
TXN-7973642a,C360-100493,Motor Insurance,2024-07-01,2025-07-01,1378,Expired,0
TXN-083356f5,C360-100493,Motor Insurance,2025-07-01,2026-07-01,1369,Cancelled,0
TXN-566cb12f,C360-100494,Health Insurance,2021-07-02,2022-07-02,1013,Expired,0
TXN-7da72fc0,C360-100494,Health Insurance,2022-07-02,2023-07-02,1062,Expired,0
TXN-1fb03195,C360-100494,Health Insurance,2023-07-02,2024-07-01,1077,Expired,0
TXN-debdbcf0,C360-100494,Life Insurance,2021-07-02,2022-07-02,1494,Expired,0
TXN-9df81f5a,C360-100494,Motor Insurance,2021-07-02,2022-07-02,1376,Expired,0
TXN-8e2e1b7d,C360-100495,Health Insurance,2021-07-02,2022-07-02,605,Expired,0
TXN-b05fd548,C360-100495,Health Insurance,2022-07-02,2023-07-02,621,Expired,1
TXN-1a991390,C360-100495,Health Insurance,2023-07-02,2024-07-01,683,Expired,0
TXN-961be52d,C360-100495,Health Insurance,2024-07-01,2025-07-01,656,Expired,0
TXN-063e7eed,C360-100495,Health Insurance,2025-07-01,2026-07-01,765,Active,0
TXN-7c77a435,C360-100495,Life Insurance,2021-07-02,2022-07-02,713,Expired,1
TXN-6eb2e137,C360-100495,Life Insurance,2022-07-02,2023-07-02,752,Expired,0
TXN-44ddb01f,C360-100495,Life Insurance,2023-07-02,2024-07-01,777,Expired,0
TXN-409e1fe4,C360-100495,Life Insurance,2024-07-01,2025-07-01,743,Expired,0
TXN-800144f7,C360-100495,Life Insurance,2025-07-01,2026-07-01,821,Active,1
TXN-d3eb9270,C360-100495,Motor Insurance,2021-07-02,2022-07-02,685,Expired,0
TXN-5856e85f,C360-100495,Motor Insurance,2022-07-02,2023-07-02,709,Expired,0
TXN-086c1178,C360-100495,Motor Insurance,2023-07-02,2024-07-01,777,Expired,0
TXN-aa1e5a61,C360-100495,Motor Insurance,2024-07-01,2025-07-01,715,Expired,0
TXN-6792891c,C360-100495,Motor Insurance,2025-07-01,2026-07-01,849,Active,0
TXN-94d0ac6a,C360-100495,Accidental Insurance,2021-07-02,2022-07-02,1193,Expired,0
TXN-319d11c3,C360-100495,Accidental Insurance,2022-07-02,2023-07-02,1210,Expired,0
TXN-20310324,C360-100495,Accidental Insurance,2023-07-02,2024-07-01,1285,Expired,0
TXN-83e88513,C360-100495,Accidental Insurance,2024-07-01,2025-07-01,1268,Expired,0
TXN-65f4a100,C360-100495,Accidental Insurance,2025-07-01,2026-07-01,1249,Active,0
TXN-5b7f0ffd,C360-100496,Health Insurance,2021-07-02,2022-07-02,1049,Expired,0
TXN-bbe6b7dd,C360-100496,Health Insurance,2022-07-02,2023-07-02,1086,Expired,2
TXN-63046c80,C360-100496,Health Insurance,2023-07-02,2024-07-01,1137,Expired,0
TXN-63d5c782,C360-100496,Health Insurance,2024-07-01,2025-07-01,1106,Expired,0
TXN-62dba31e,C360-100496,Health Insurance,2025-07-01,2026-07-01,1165,Active,0
TXN-10d10239,C360-100496,Life Insurance,2021-07-02,2022-07-02,1363,Expired,0
TXN-19b48950,C360-100496,Life Insurance,2022-07-02,2023-07-02,1397,Expired,0
TXN-c1d743ac,C360-100496,Life Insurance,2023-07-02,2024-07-01,1441,Expired,1
TXN-3b5022a4,C360-100496,Life Insurance,2024-07-01,2025-07-01,1465,Expired,0
TXN-2a3d9007,C360-100496,Life Insurance,2025-07-01,2026-07-01,1503,Active,0
TXN-be5fe726,C360-100496,Motor Insurance,2021-07-02,2022-07-02,484,Expired,0
TXN-d2b363c0,C360-100496,Motor Insurance,2022-07-02,2023-07-02,530,Expired,0
TXN-734bb90e,C360-100496,Motor Insurance,2023-07-02,2024-07-01,542,Expired,2
TXN-3a1ca997,C360-100496,Motor Insurance,2024-07-01,2025-07-01,613,Expired,0
TXN-82f38888,C360-100496,Motor Insurance,2025-07-01,2026-07-01,592,Cancelled,0
TXN-f7c9c4e8,C360-100496,Accidental Insurance,2021-07-02,2022-07-02,1440,Expired,1
TXN-bb2b16f7,C360-100496,Accidental Insurance,2022-07-02,2023-07-02,1469,Expired,2
TXN-785b918b,C360-100496,Accidental Insurance,2023-07-02,2024-07-01,1534,Expired,1
TXN-dd87bd48,C360-100496,Accidental Insurance,2024-07-01,2025-07-01,1533,Expired,0
TXN-dfbe8d51,C360-100496,Accidental Insurance,2025-07-01,2026-07-01,1560,Active,0
TXN-fbb1eebb,C360-100497,Accidental Insurance,2021-07-02,2022-07-02,1444,Expired,0
TXN-d84a9546,C360-100497,Accidental Insurance,2022-07-02,2023-07-02,1457,Expired,0
TXN-61163b4c,C360-100497,Accidental Insurance,2023-07-02,2024-07-01,1496,Expired,0
TXN-295e8215,C360-100497,Accidental Insurance,2024-07-01,2025-07-01,1477,Expired,0
TXN-8d59c3dc,C360-100497,Accidental Insurance,2025-07-01,2026-07-01,1624,Active,0
TXN-165a2962,C360-100497,Life Insurance,2021-07-02,2022-07-02,345,Expired,0
TXN-fed5118d,C360-100497,Life Insurance,2022-07-02,2023-07-02,379,Expired,1
TXN-348428c8,C360-100497,Life Insurance,2023-07-02,2024-07-01,415,Expired,0
TXN-5bfa34be,C360-100497,Life Insurance,2024-07-01,2025-07-01,432,Expired,0
TXN-b280535b,C360-100497,Life Insurance,2025-07-01,2026-07-01,441,Active,0
TXN-4b05288d,C360-100498,Life Insurance,2021-07-02,2022-07-02,754,Expired,0
TXN-b65e887d,C360-100498,Life Insurance,2022-07-02,2023-07-02,789,Expired,0
TXN-92b8917d,C360-100498,Life Insurance,2023-07-02,2024-07-01,778,Expired,0
TXN-d4ea8c33,C360-100498,Life Insurance,2024-07-01,2025-07-01,814,Expired,0
TXN-c4a8425f,C360-100498,Life Insurance,2025-07-01,2026-07-01,794,Active,0
TXN-8511e1ad,C360-100498,Health Insurance,2021-07-02,2022-07-02,861,Expired,0
TXN-8017ffc6,C360-100498,Health Insurance,2022-07-02,2023-07-02,897,Expired,0
TXN-2802ceac,C360-100498,Health Insurance,2023-07-02,2024-07-01,887,Expired,1
TXN-1478a7e7,C360-100498,Health Insurance,2024-07-01,2025-07-01,1011,Expired,0
TXN-4c311868,C360-100498,Health Insurance,2025-07-01,2026-07-01,901,Active,0
TXN-83afa8c2,C360-100499,Health Insurance,2021-07-02,2022-07-02,1037,Expired,1
TXN-0e6cec65,C360-100499,Health Insurance,2022-07-02,2023-07-02,1064,Expired,0
TXN-9430f659,C360-100499,Health Insurance,2023-07-02,2024-07-01,1105,Expired,0
TXN-d45e8138,C360-100499,Health Insurance,2024-07-01,2025-07-01,1169,Expired,1
TXN-5dfc783d,C360-100499,Health Insurance,2025-07-01,2026-07-01,1213,Active,0
